DATAFLOW,LAST UPDATE,freq,wst_oper,unit,geo,TIME_PERIOD,OBS_VALUE,OBS_FLAG,CONF_STATUS
ESTAT:ENV_WASMUN(1.0),06/11/2024 23:00,Annual,Waste generated,Kilograms per capita,Albania,2013,325,i,
ESTAT:ENV_WASMUN(1.0),06/11/2024 23:00,Annual,Waste generated,Kilograms per capita,Albania,2014,425,i,
ESTAT:ENV_WASMUN(1.0),06/11/2024 23:00,Annual,Waste generated,Kilograms per capita,Albania,2015,491,i,
ESTAT:ENV_WASMUN(1.0),06/11/2024 23:00,Annual,Waste generated,Kilograms per capita,Albania,2016,452,e,
ESTAT:ENV_WASMUN(1.0),06/11/2024 23:00,Annual,Waste generated,Kilograms per capita,Albania,2017,436,e,
ESTAT:ENV_WASMUN(1.0),06/11/2024 23:00,Annual,Waste generated,Kilograms per capita,Albania,2018,462,,
ESTAT:ENV_WASMUN(1.0),06/11/2024 23:00,Annual,Waste generated,Kilograms per capita,Albania,2019,381,,
ESTAT:ENV_WASMUN(1.0),06/11/2024 23:00,Annual,Waste generated,Kilograms per capita,Albania,2020,369,,
ESTAT:ENV_WASMUN(1.0),06/11/2024 23:00,Annual,Waste generated,Kilograms per capita,Albania,2021,311,,
ESTAT:ENV_WASMUN(1.0),06/11/2024 23:00,Annual,Waste generated,Kilograms per capita,Albania,2022,295,,
ESTAT:ENV_WASMUN(1.0),06/11/2024 23:00,Annual,Waste generated,Kilograms per capita,Austria,1995,437,,
ESTAT:ENV_WASMUN(1.0),06/11/2024 23:00,Annual,Waste generated,Kilograms per capita,Austria,1996,516,b,
ESTAT:ENV_WASMUN(1.0),06/11/2024 23:00,Annual,Waste generated,Kilograms per capita,Austria,1997,532,,
ESTAT:ENV_WASMUN(1.0),06/11/2024 23:00,Annual,Waste generated,Kilograms per capita,Austria,1998,532,,
ESTAT:ENV_WASMUN(1.0),06/11/2024 23:00,Annual,Waste generated,Kilograms per capita,Austria,1999,563,,
ESTAT:ENV_WASMUN(1.0),06/11/2024 23:00,Annual,Waste generated,Kilograms per capita,Austria,2000,580,,
ESTAT:ENV_WASMUN(1.0),06/11/2024 23:00,Annual,Waste generated,Kilograms per capita,Austria,2001,576,,
ESTAT:ENV_WASMUN(1.0),06/11/2024 23:00,Annual,Waste generated,Kilograms per capita,Austria,2002,608,,
ESTAT:ENV_WASMUN(1.0),06/11/2024 23:00,Annual,Waste generated,Kilograms per capita,Austria,2003,607,,
ESTAT:ENV_WASMUN(1.0),06/11/2024 23:00,Annual,Waste generated,Kilograms per capita,Austria,2004,574,,
ESTAT:ENV_WASMUN(1.0),06/11/2024 23:00,Annual,Waste generated,Kilograms per capita,Austria,2005,575,,
ESTAT:ENV_WASMUN(1.0),06/11/2024 23:00,Annual,Waste generated,Kilograms per capita,Austria,2006,597,,
ESTAT:ENV_WASMUN(1.0),06/11/2024 23:00,Annual,Waste generated,Kilograms per capita,Austria,2007,597,,
ESTAT:ENV_WASMUN(1.0),06/11/2024 23:00,Annual,Waste generated,Kilograms per capita,Austria,2008,600,,
ESTAT:ENV_WASMUN(1.0),06/11/2024 23:00,Annual,Waste generated,Kilograms per capita,Austria,2009,590,,
ESTAT:ENV_WASMUN(1.0),06/11/2024 23:00,Annual,Waste generated,Kilograms per capita,Austria,2010,562,,
ESTAT:ENV_WASMUN(1.0),06/11/2024 23:00,Annual,Waste generated,Kilograms per capita,Austria,2011,573,,
ESTAT:ENV_WASMUN(1.0),06/11/2024 23:00,Annual,Waste generated,Kilograms per capita,Austria,2012,579,,
ESTAT:ENV_WASMUN(1.0),06/11/2024 23:00,Annual,Waste generated,Kilograms per capita,Austria,2013,578,,
ESTAT:ENV_WASMUN(1.0),06/11/2024 23:00,Annual,Waste generated,Kilograms per capita,Austria,2014,565,,
ESTAT:ENV_WASMUN(1.0),06/11/2024 23:00,Annual,Waste generated,Kilograms per capita,Austria,2015,560,,
ESTAT:ENV_WASMUN(1.0),06/11/2024 23:00,Annual,Waste generated,Kilograms per capita,Austria,2016,564,,
ESTAT:ENV_WASMUN(1.0),06/11/2024 23:00,Annual,Waste generated,Kilograms per capita,Austria,2017,570,,
ESTAT:ENV_WASMUN(1.0),06/11/2024 23:00,Annual,Waste generated,Kilograms per capita,Austria,2018,579,,
ESTAT:ENV_WASMUN(1.0),06/11/2024 23:00,Annual,Waste generated,Kilograms per capita,Austria,2019,588,,
ESTAT:ENV_WASMUN(1.0),06/11/2024 23:00,Annual,Waste generated,Kilograms per capita,Austria,2020,834,b,
ESTAT:ENV_WASMUN(1.0),06/11/2024 23:00,Annual,Waste generated,Kilograms per capita,Austria,2021,835,,
ESTAT:ENV_WASMUN(1.0),06/11/2024 23:00,Annual,Waste generated,Kilograms per capita,Austria,2022,803,,
ESTAT:ENV_WASMUN(1.0),06/11/2024 23:00,Annual,Waste generated,Kilograms per capita,Bosnia and Herzegovina,2008,356,,
ESTAT:ENV_WASMUN(1.0),06/11/2024 23:00,Annual,Waste generated,Kilograms per capita,Bosnia and Herzegovina,2009,354,,
ESTAT:ENV_WASMUN(1.0),06/11/2024 23:00,Annual,Waste generated,Kilograms per capita,Bosnia and Herzegovina,2010,332,,
ESTAT:ENV_WASMUN(1.0),06/11/2024 23:00,Annual,Waste generated,Kilograms per capita,Bosnia and Herzegovina,2011,340,,
ESTAT:ENV_WASMUN(1.0),06/11/2024 23:00,Annual,Waste generated,Kilograms per capita,Bosnia and Herzegovina,2012,340,,
ESTAT:ENV_WASMUN(1.0),06/11/2024 23:00,Annual,Waste generated,Kilograms per capita,Bosnia and Herzegovina,2013,311,,
ESTAT:ENV_WASMUN(1.0),06/11/2024 23:00,Annual,Waste generated,Kilograms per capita,Bosnia and Herzegovina,2014,349,,
ESTAT:ENV_WASMUN(1.0),06/11/2024 23:00,Annual,Waste generated,Kilograms per capita,Bosnia and Herzegovina,2015,340,,
ESTAT:ENV_WASMUN(1.0),06/11/2024 23:00,Annual,Waste generated,Kilograms per capita,Bosnia and Herzegovina,2016,354,,
ESTAT:ENV_WASMUN(1.0),06/11/2024 23:00,Annual,Waste generated,Kilograms per capita,Bosnia and Herzegovina,2017,352,,
ESTAT:ENV_WASMUN(1.0),06/11/2024 23:00,Annual,Waste generated,Kilograms per capita,Bosnia and Herzegovina,2018,356,,
ESTAT:ENV_WASMUN(1.0),06/11/2024 23:00,Annual,Waste generated,Kilograms per capita,Bosnia and Herzegovina,2019,352,,
ESTAT:ENV_WASMUN(1.0),06/11/2024 23:00,Annual,Waste generated,Kilograms per capita,Bosnia and Herzegovina,2022,343,e,
ESTAT:ENV_WASMUN(1.0),06/11/2024 23:00,Annual,Waste generated,Kilograms per capita,Belgium,1995,455,,
ESTAT:ENV_WASMUN(1.0),06/11/2024 23:00,Annual,Waste generated,Kilograms per capita,Belgium,1996,450,,
ESTAT:ENV_WASMUN(1.0),06/11/2024 23:00,Annual,Waste generated,Kilograms per capita,Belgium,1997,457,,
ESTAT:ENV_WASMUN(1.0),06/11/2024 23:00,Annual,Waste generated,Kilograms per capita,Belgium,1998,451,,
ESTAT:ENV_WASMUN(1.0),06/11/2024 23:00,Annual,Waste generated,Kilograms per capita,Belgium,1999,460,,
ESTAT:ENV_WASMUN(1.0),06/11/2024 23:00,Annual,Waste generated,Kilograms per capita,Belgium,2000,471,,
ESTAT:ENV_WASMUN(1.0),06/11/2024 23:00,Annual,Waste generated,Kilograms per capita,Belgium,2001,467,,
ESTAT:ENV_WASMUN(1.0),06/11/2024 23:00,Annual,Waste generated,Kilograms per capita,Belgium,2002,482,,
ESTAT:ENV_WASMUN(1.0),06/11/2024 23:00,Annual,Waste generated,Kilograms per capita,Belgium,2003,465,,
ESTAT:ENV_WASMUN(1.0),06/11/2024 23:00,Annual,Waste generated,Kilograms per capita,Belgium,2004,485,,
ESTAT:ENV_WASMUN(1.0),06/11/2024 23:00,Annual,Waste generated,Kilograms per capita,Belgium,2005,482,,
ESTAT:ENV_WASMUN(1.0),06/11/2024 23:00,Annual,Waste generated,Kilograms per capita,Belgium,2006,485,,
ESTAT:ENV_WASMUN(1.0),06/11/2024 23:00,Annual,Waste generated,Kilograms per capita,Belgium,2007,493,,
ESTAT:ENV_WASMUN(1.0),06/11/2024 23:00,Annual,Waste generated,Kilograms per capita,Belgium,2008,480,,
ESTAT:ENV_WASMUN(1.0),06/11/2024 23:00,Annual,Waste generated,Kilograms per capita,Belgium,2009,467,,
ESTAT:ENV_WASMUN(1.0),06/11/2024 23:00,Annual,Waste generated,Kilograms per capita,Belgium,2010,456,,
ESTAT:ENV_WASMUN(1.0),06/11/2024 23:00,Annual,Waste generated,Kilograms per capita,Belgium,2011,455,,
ESTAT:ENV_WASMUN(1.0),06/11/2024 23:00,Annual,Waste generated,Kilograms per capita,Belgium,2012,445,,
ESTAT:ENV_WASMUN(1.0),06/11/2024 23:00,Annual,Waste generated,Kilograms per capita,Belgium,2013,436,,
ESTAT:ENV_WASMUN(1.0),06/11/2024 23:00,Annual,Waste generated,Kilograms per capita,Belgium,2014,425,,
ESTAT:ENV_WASMUN(1.0),06/11/2024 23:00,Annual,Waste generated,Kilograms per capita,Belgium,2015,412,,
ESTAT:ENV_WASMUN(1.0),06/11/2024 23:00,Annual,Waste generated,Kilograms per capita,Belgium,2016,419,,
ESTAT:ENV_WASMUN(1.0),06/11/2024 23:00,Annual,Waste generated,Kilograms per capita,Belgium,2017,411,,
ESTAT:ENV_WASMUN(1.0),06/11/2024 23:00,Annual,Waste generated,Kilograms per capita,Belgium,2018,409,,
ESTAT:ENV_WASMUN(1.0),06/11/2024 23:00,Annual,Waste generated,Kilograms per capita,Belgium,2019,416,,
ESTAT:ENV_WASMUN(1.0),06/11/2024 23:00,Annual,Waste generated,Kilograms per capita,Belgium,2020,729,b,
ESTAT:ENV_WASMUN(1.0),06/11/2024 23:00,Annual,Waste generated,Kilograms per capita,Belgium,2021,755,,
ESTAT:ENV_WASMUN(1.0),06/11/2024 23:00,Annual,Waste generated,Kilograms per capita,Belgium,2022,690,,
ESTAT:ENV_WASMUN(1.0),06/11/2024 23:00,Annual,Waste generated,Kilograms per capita,Bulgaria,1995,694,,
ESTAT:ENV_WASMUN(1.0),06/11/2024 23:00,Annual,Waste generated,Kilograms per capita,Bulgaria,1996,618,,
ESTAT:ENV_WASMUN(1.0),06/11/2024 23:00,Annual,Waste generated,Kilograms per capita,Bulgaria,1997,579,,
ESTAT:ENV_WASMUN(1.0),06/11/2024 23:00,Annual,Waste generated,Kilograms per capita,Bulgaria,1998,591,,
ESTAT:ENV_WASMUN(1.0),06/11/2024 23:00,Annual,Waste generated,Kilograms per capita,Bulgaria,1999,598,,
ESTAT:ENV_WASMUN(1.0),06/11/2024 23:00,Annual,Waste generated,Kilograms per capita,Bulgaria,2000,612,,
ESTAT:ENV_WASMUN(1.0),06/11/2024 23:00,Annual,Waste generated,Kilograms per capita,Bulgaria,2001,596,,
ESTAT:ENV_WASMUN(1.0),06/11/2024 23:00,Annual,Waste generated,Kilograms per capita,Bulgaria,2002,602,,
ESTAT:ENV_WASMUN(1.0),06/11/2024 23:00,Annual,Waste generated,Kilograms per capita,Bulgaria,2003,603,,
ESTAT:ENV_WASMUN(1.0),06/11/2024 23:00,Annual,Waste generated,Kilograms per capita,Bulgaria,2004,599,b,
ESTAT:ENV_WASMUN(1.0),06/11/2024 23:00,Annual,Waste generated,Kilograms per capita,Bulgaria,2005,588,,
ESTAT:ENV_WASMUN(1.0),06/11/2024 23:00,Annual,Waste generated,Kilograms per capita,Bulgaria,2006,577,,
ESTAT:ENV_WASMUN(1.0),06/11/2024 23:00,Annual,Waste generated,Kilograms per capita,Bulgaria,2007,553,,
ESTAT:ENV_WASMUN(1.0),06/11/2024 23:00,Annual,Waste generated,Kilograms per capita,Bulgaria,2008,599,,
ESTAT:ENV_WASMUN(1.0),06/11/2024 23:00,Annual,Waste generated,Kilograms per capita,Bulgaria,2009,598,,
ESTAT:ENV_WASMUN(1.0),06/11/2024 23:00,Annual,Waste generated,Kilograms per capita,Bulgaria,2010,554,,
ESTAT:ENV_WASMUN(1.0),06/11/2024 23:00,Annual,Waste generated,Kilograms per capita,Bulgaria,2011,508,,
ESTAT:ENV_WASMUN(1.0),06/11/2024 23:00,Annual,Waste generated,Kilograms per capita,Bulgaria,2012,460,,
ESTAT:ENV_WASMUN(1.0),06/11/2024 23:00,Annual,Waste generated,Kilograms per capita,Bulgaria,2013,438,,
ESTAT:ENV_WASMUN(1.0),06/11/2024 23:00,Annual,Waste generated,Kilograms per capita,Bulgaria,2014,451,,
ESTAT:ENV_WASMUN(1.0),06/11/2024 23:00,Annual,Waste generated,Kilograms per capita,Bulgaria,2015,431,,
ESTAT:ENV_WASMUN(1.0),06/11/2024 23:00,Annual,Waste generated,Kilograms per capita,Bulgaria,2016,418,,
ESTAT:ENV_WASMUN(1.0),06/11/2024 23:00,Annual,Waste generated,Kilograms per capita,Bulgaria,2017,453,,
ESTAT:ENV_WASMUN(1.0),06/11/2024 23:00,Annual,Waste generated,Kilograms per capita,Bulgaria,2018,426,,
ESTAT:ENV_WASMUN(1.0),06/11/2024 23:00,Annual,Waste generated,Kilograms per capita,Bulgaria,2019,465,i,
ESTAT:ENV_WASMUN(1.0),06/11/2024 23:00,Annual,Waste generated,Kilograms per capita,Bulgaria,2020,432,,
ESTAT:ENV_WASMUN(1.0),06/11/2024 23:00,Annual,Waste generated,Kilograms per capita,Bulgaria,2021,470,,
ESTAT:ENV_WASMUN(1.0),06/11/2024 23:00,Annual,Waste generated,Kilograms per capita,Bulgaria,2022,488,,
ESTAT:ENV_WASMUN(1.0),06/11/2024 23:00,Annual,Waste generated,Kilograms per capita,Switzerland,1995,602,,
ESTAT:ENV_WASMUN(1.0),06/11/2024 23:00,Annual,Waste generated,Kilograms per capita,Switzerland,1996,605,,
ESTAT:ENV_WASMUN(1.0),06/11/2024 23:00,Annual,Waste generated,Kilograms per capita,Switzerland,1997,606,,
ESTAT:ENV_WASMUN(1.0),06/11/2024 23:00,Annual,Waste generated,Kilograms per capita,Switzerland,1998,614,,
ESTAT:ENV_WASMUN(1.0),06/11/2024 23:00,Annual,Waste generated,Kilograms per capita,Switzerland,1999,638,,
ESTAT:ENV_WASMUN(1.0),06/11/2024 23:00,Annual,Waste generated,Kilograms per capita,Switzerland,2000,659,,
ESTAT:ENV_WASMUN(1.0),06/11/2024 23:00,Annual,Waste generated,Kilograms per capita,Switzerland,2001,663,,
ESTAT:ENV_WASMUN(1.0),06/11/2024 23:00,Annual,Waste generated,Kilograms per capita,Switzerland,2002,678,,
ESTAT:ENV_WASMUN(1.0),06/11/2024 23:00,Annual,Waste generated,Kilograms per capita,Switzerland,2003,670,,
ESTAT:ENV_WASMUN(1.0),06/11/2024 23:00,Annual,Waste generated,Kilograms per capita,Switzerland,2004,663,,
ESTAT:ENV_WASMUN(1.0),06/11/2024 23:00,Annual,Waste generated,Kilograms per capita,Switzerland,2005,664,,
ESTAT:ENV_WASMUN(1.0),06/11/2024 23:00,Annual,Waste generated,Kilograms per capita,Switzerland,2006,712,,
ESTAT:ENV_WASMUN(1.0),06/11/2024 23:00,Annual,Waste generated,Kilograms per capita,Switzerland,2007,724,,
ESTAT:ENV_WASMUN(1.0),06/11/2024 23:00,Annual,Waste generated,Kilograms per capita,Switzerland,2008,739,,
ESTAT:ENV_WASMUN(1.0),06/11/2024 23:00,Annual,Waste generated,Kilograms per capita,Switzerland,2009,705,,
ESTAT:ENV_WASMUN(1.0),06/11/2024 23:00,Annual,Waste generated,Kilograms per capita,Switzerland,2010,711,,
ESTAT:ENV_WASMUN(1.0),06/11/2024 23:00,Annual,Waste generated,Kilograms per capita,Switzerland,2011,692,,
ESTAT:ENV_WASMUN(1.0),06/11/2024 23:00,Annual,Waste generated,Kilograms per capita,Switzerland,2012,697,,
ESTAT:ENV_WASMUN(1.0),06/11/2024 23:00,Annual,Waste generated,Kilograms per capita,Switzerland,2013,706,,
ESTAT:ENV_WASMUN(1.0),06/11/2024 23:00,Annual,Waste generated,Kilograms per capita,Switzerland,2014,733,,
ESTAT:ENV_WASMUN(1.0),06/11/2024 23:00,Annual,Waste generated,Kilograms per capita,Switzerland,2015,728,,
ESTAT:ENV_WASMUN(1.0),06/11/2024 23:00,Annual,Waste generated,Kilograms per capita,Switzerland,2016,723,,
ESTAT:ENV_WASMUN(1.0),06/11/2024 23:00,Annual,Waste generated,Kilograms per capita,Switzerland,2017,709,,
ESTAT:ENV_WASMUN(1.0),06/11/2024 23:00,Annual,Waste generated,Kilograms per capita,Switzerland,2018,706,,
ESTAT:ENV_WASMUN(1.0),06/11/2024 23:00,Annual,Waste generated,Kilograms per capita,Switzerland,2019,709,,
ESTAT:ENV_WASMUN(1.0),06/11/2024 23:00,Annual,Waste generated,Kilograms per capita,Switzerland,2020,706,,
ESTAT:ENV_WASMUN(1.0),06/11/2024 23:00,Annual,Waste generated,Kilograms per capita,Switzerland,2021,704,,
ESTAT:ENV_WASMUN(1.0),06/11/2024 23:00,Annual,Waste generated,Kilograms per capita,Switzerland,2022,677,,
ESTAT:ENV_WASMUN(1.0),06/11/2024 23:00,Annual,Waste generated,Kilograms per capita,Cyprus,1995,595,,
ESTAT:ENV_WASMUN(1.0),06/11/2024 23:00,Annual,Waste generated,Kilograms per capita,Cyprus,1996,605,,
ESTAT:ENV_WASMUN(1.0),06/11/2024 23:00,Annual,Waste generated,Kilograms per capita,Cyprus,1997,612,,
ESTAT:ENV_WASMUN(1.0),06/11/2024 23:00,Annual,Waste generated,Kilograms per capita,Cyprus,1998,616,,
ESTAT:ENV_WASMUN(1.0),06/11/2024 23:00,Annual,Waste generated,Kilograms per capita,Cyprus,1999,620,,
ESTAT:ENV_WASMUN(1.0),06/11/2024 23:00,Annual,Waste generated,Kilograms per capita,Cyprus,2000,628,,
ESTAT:ENV_WASMUN(1.0),06/11/2024 23:00,Annual,Waste generated,Kilograms per capita,Cyprus,2001,650,,
ESTAT:ENV_WASMUN(1.0),06/11/2024 23:00,Annual,Waste generated,Kilograms per capita,Cyprus,2002,655,,
ESTAT:ENV_WASMUN(1.0),06/11/2024 23:00,Annual,Waste generated,Kilograms per capita,Cyprus,2003,670,,
ESTAT:ENV_WASMUN(1.0),06/11/2024 23:00,Annual,Waste generated,Kilograms per capita,Cyprus,2004,684,,
ESTAT:ENV_WASMUN(1.0),06/11/2024 23:00,Annual,Waste generated,Kilograms per capita,Cyprus,2005,688,,
ESTAT:ENV_WASMUN(1.0),06/11/2024 23:00,Annual,Waste generated,Kilograms per capita,Cyprus,2006,695,,
ESTAT:ENV_WASMUN(1.0),06/11/2024 23:00,Annual,Waste generated,Kilograms per capita,Cyprus,2007,704,,
ESTAT:ENV_WASMUN(1.0),06/11/2024 23:00,Annual,Waste generated,Kilograms per capita,Cyprus,2008,729,,
ESTAT:ENV_WASMUN(1.0),06/11/2024 23:00,Annual,Waste generated,Kilograms per capita,Cyprus,2009,729,,
ESTAT:ENV_WASMUN(1.0),06/11/2024 23:00,Annual,Waste generated,Kilograms per capita,Cyprus,2010,711,,
ESTAT:ENV_WASMUN(1.0),06/11/2024 23:00,Annual,Waste generated,Kilograms per capita,Cyprus,2011,692,,
ESTAT:ENV_WASMUN(1.0),06/11/2024 23:00,Annual,Waste generated,Kilograms per capita,Cyprus,2012,681,,
ESTAT:ENV_WASMUN(1.0),06/11/2024 23:00,Annual,Waste generated,Kilograms per capita,Cyprus,2013,635,,
ESTAT:ENV_WASMUN(1.0),06/11/2024 23:00,Annual,Waste generated,Kilograms per capita,Cyprus,2014,619,,
ESTAT:ENV_WASMUN(1.0),06/11/2024 23:00,Annual,Waste generated,Kilograms per capita,Cyprus,2015,637,,
ESTAT:ENV_WASMUN(1.0),06/11/2024 23:00,Annual,Waste generated,Kilograms per capita,Cyprus,2016,649,,
ESTAT:ENV_WASMUN(1.0),06/11/2024 23:00,Annual,Waste generated,Kilograms per capita,Cyprus,2017,642,,
ESTAT:ENV_WASMUN(1.0),06/11/2024 23:00,Annual,Waste generated,Kilograms per capita,Cyprus,2018,662,,
ESTAT:ENV_WASMUN(1.0),06/11/2024 23:00,Annual,Waste generated,Kilograms per capita,Cyprus,2019,664,,
ESTAT:ENV_WASMUN(1.0),06/11/2024 23:00,Annual,Waste generated,Kilograms per capita,Cyprus,2020,625,,
ESTAT:ENV_WASMUN(1.0),06/11/2024 23:00,Annual,Waste generated,Kilograms per capita,Cyprus,2021,650,,
ESTAT:ENV_WASMUN(1.0),06/11/2024 23:00,Annual,Waste generated,Kilograms per capita,Cyprus,2022,673,p,
ESTAT:ENV_WASMUN(1.0),06/11/2024 23:00,Annual,Waste generated,Kilograms per capita,Czechia,1995,302,,
ESTAT:ENV_WASMUN(1.0),06/11/2024 23:00,Annual,Waste generated,Kilograms per capita,Czechia,1996,310,,
ESTAT:ENV_WASMUN(1.0),06/11/2024 23:00,Annual,Waste generated,Kilograms per capita,Czechia,1997,318,,
ESTAT:ENV_WASMUN(1.0),06/11/2024 23:00,Annual,Waste generated,Kilograms per capita,Czechia,1998,293,,
ESTAT:ENV_WASMUN(1.0),06/11/2024 23:00,Annual,Waste generated,Kilograms per capita,Czechia,1999,327,,
ESTAT:ENV_WASMUN(1.0),06/11/2024 23:00,Annual,Waste generated,Kilograms per capita,Czechia,2000,335,,
ESTAT:ENV_WASMUN(1.0),06/11/2024 23:00,Annual,Waste generated,Kilograms per capita,Czechia,2001,274,b,
ESTAT:ENV_WASMUN(1.0),06/11/2024 23:00,Annual,Waste generated,Kilograms per capita,Czechia,2002,279,,
ESTAT:ENV_WASMUN(1.0),06/11/2024 23:00,Annual,Waste generated,Kilograms per capita,Czechia,2003,280,,
ESTAT:ENV_WASMUN(1.0),06/11/2024 23:00,Annual,Waste generated,Kilograms per capita,Czechia,2004,279,,
ESTAT:ENV_WASMUN(1.0),06/11/2024 23:00,Annual,Waste generated,Kilograms per capita,Czechia,2005,289,,
ESTAT:ENV_WASMUN(1.0),06/11/2024 23:00,Annual,Waste generated,Kilograms per capita,Czechia,2006,297,,
ESTAT:ENV_WASMUN(1.0),06/11/2024 23:00,Annual,Waste generated,Kilograms per capita,Czechia,2007,294,,
ESTAT:ENV_WASMUN(1.0),06/11/2024 23:00,Annual,Waste generated,Kilograms per capita,Czechia,2008,306,,
ESTAT:ENV_WASMUN(1.0),06/11/2024 23:00,Annual,Waste generated,Kilograms per capita,Czechia,2009,317,,
ESTAT:ENV_WASMUN(1.0),06/11/2024 23:00,Annual,Waste generated,Kilograms per capita,Czechia,2010,318,,
ESTAT:ENV_WASMUN(1.0),06/11/2024 23:00,Annual,Waste generated,Kilograms per capita,Czechia,2011,320,,
ESTAT:ENV_WASMUN(1.0),06/11/2024 23:00,Annual,Waste generated,Kilograms per capita,Czechia,2012,308,,
ESTAT:ENV_WASMUN(1.0),06/11/2024 23:00,Annual,Waste generated,Kilograms per capita,Czechia,2013,307,,
ESTAT:ENV_WASMUN(1.0),06/11/2024 23:00,Annual,Waste generated,Kilograms per capita,Czechia,2014,310,,
ESTAT:ENV_WASMUN(1.0),06/11/2024 23:00,Annual,Waste generated,Kilograms per capita,Czechia,2015,316,,
ESTAT:ENV_WASMUN(1.0),06/11/2024 23:00,Annual,Waste generated,Kilograms per capita,Czechia,2016,339,,
ESTAT:ENV_WASMUN(1.0),06/11/2024 23:00,Annual,Waste generated,Kilograms per capita,Czechia,2017,489,b,
ESTAT:ENV_WASMUN(1.0),06/11/2024 23:00,Annual,Waste generated,Kilograms per capita,Czechia,2018,494,,
ESTAT:ENV_WASMUN(1.0),06/11/2024 23:00,Annual,Waste generated,Kilograms per capita,Czechia,2019,500,,
ESTAT:ENV_WASMUN(1.0),06/11/2024 23:00,Annual,Waste generated,Kilograms per capita,Czechia,2020,543,,
ESTAT:ENV_WASMUN(1.0),06/11/2024 23:00,Annual,Waste generated,Kilograms per capita,Czechia,2021,570,,
ESTAT:ENV_WASMUN(1.0),06/11/2024 23:00,Annual,Waste generated,Kilograms per capita,Germany,1995,623,i,
ESTAT:ENV_WASMUN(1.0),06/11/2024 23:00,Annual,Waste generated,Kilograms per capita,Germany,1996,641,i,
ESTAT:ENV_WASMUN(1.0),06/11/2024 23:00,Annual,Waste generated,Kilograms per capita,Germany,1997,658,i,
ESTAT:ENV_WASMUN(1.0),06/11/2024 23:00,Annual,Waste generated,Kilograms per capita,Germany,1998,647,i,
ESTAT:ENV_WASMUN(1.0),06/11/2024 23:00,Annual,Waste generated,Kilograms per capita,Germany,1999,638,i,
ESTAT:ENV_WASMUN(1.0),06/11/2024 23:00,Annual,Waste generated,Kilograms per capita,Germany,2000,642,i,
ESTAT:ENV_WASMUN(1.0),06/11/2024 23:00,Annual,Waste generated,Kilograms per capita,Germany,2001,632,i,
ESTAT:ENV_WASMUN(1.0),06/11/2024 23:00,Annual,Waste generated,Kilograms per capita,Germany,2002,640,,
ESTAT:ENV_WASMUN(1.0),06/11/2024 23:00,Annual,Waste generated,Kilograms per capita,Germany,2003,601,,
ESTAT:ENV_WASMUN(1.0),06/11/2024 23:00,Annual,Waste generated,Kilograms per capita,Germany,2004,587,,
ESTAT:ENV_WASMUN(1.0),06/11/2024 23:00,Annual,Waste generated,Kilograms per capita,Germany,2005,565,,
ESTAT:ENV_WASMUN(1.0),06/11/2024 23:00,Annual,Waste generated,Kilograms per capita,Germany,2006,564,,
ESTAT:ENV_WASMUN(1.0),06/11/2024 23:00,Annual,Waste generated,Kilograms per capita,Germany,2007,582,,
ESTAT:ENV_WASMUN(1.0),06/11/2024 23:00,Annual,Waste generated,Kilograms per capita,Germany,2008,589,,
ESTAT:ENV_WASMUN(1.0),06/11/2024 23:00,Annual,Waste generated,Kilograms per capita,Germany,2009,592,,
ESTAT:ENV_WASMUN(1.0),06/11/2024 23:00,Annual,Waste generated,Kilograms per capita,Germany,2010,602,,
ESTAT:ENV_WASMUN(1.0),06/11/2024 23:00,Annual,Waste generated,Kilograms per capita,Germany,2011,626,,
ESTAT:ENV_WASMUN(1.0),06/11/2024 23:00,Annual,Waste generated,Kilograms per capita,Germany,2012,619,,
ESTAT:ENV_WASMUN(1.0),06/11/2024 23:00,Annual,Waste generated,Kilograms per capita,Germany,2013,615,,
ESTAT:ENV_WASMUN(1.0),06/11/2024 23:00,Annual,Waste generated,Kilograms per capita,Germany,2014,631,,
ESTAT:ENV_WASMUN(1.0),06/11/2024 23:00,Annual,Waste generated,Kilograms per capita,Germany,2015,632,,
ESTAT:ENV_WASMUN(1.0),06/11/2024 23:00,Annual,Waste generated,Kilograms per capita,Germany,2016,633,,
ESTAT:ENV_WASMUN(1.0),06/11/2024 23:00,Annual,Waste generated,Kilograms per capita,Germany,2017,627,,
ESTAT:ENV_WASMUN(1.0),06/11/2024 23:00,Annual,Waste generated,Kilograms per capita,Germany,2018,606,,
ESTAT:ENV_WASMUN(1.0),06/11/2024 23:00,Annual,Waste generated,Kilograms per capita,Germany,2019,609,e,
ESTAT:ENV_WASMUN(1.0),06/11/2024 23:00,Annual,Waste generated,Kilograms per capita,Germany,2020,641,,
ESTAT:ENV_WASMUN(1.0),06/11/2024 23:00,Annual,Waste generated,Kilograms per capita,Germany,2021,651,p,
ESTAT:ENV_WASMUN(1.0),06/11/2024 23:00,Annual,Waste generated,Kilograms per capita,Germany,2022,606,p,
ESTAT:ENV_WASMUN(1.0),06/11/2024 23:00,Annual,Waste generated,Kilograms per capita,Denmark,1995,521,be,
ESTAT:ENV_WASMUN(1.0),06/11/2024 23:00,Annual,Waste generated,Kilograms per capita,Denmark,1996,618,,
ESTAT:ENV_WASMUN(1.0),06/11/2024 23:00,Annual,Waste generated,Kilograms per capita,Denmark,1997,587,,
ESTAT:ENV_WASMUN(1.0),06/11/2024 23:00,Annual,Waste generated,Kilograms per capita,Denmark,1998,592,,
ESTAT:ENV_WASMUN(1.0),06/11/2024 23:00,Annual,Waste generated,Kilograms per capita,Denmark,1999,626,,
ESTAT:ENV_WASMUN(1.0),06/11/2024 23:00,Annual,Waste generated,Kilograms per capita,Denmark,2000,664,,
ESTAT:ENV_WASMUN(1.0),06/11/2024 23:00,Annual,Waste generated,Kilograms per capita,Denmark,2001,657,,
ESTAT:ENV_WASMUN(1.0),06/11/2024 23:00,Annual,Waste generated,Kilograms per capita,Denmark,2002,664,,
ESTAT:ENV_WASMUN(1.0),06/11/2024 23:00,Annual,Waste generated,Kilograms per capita,Denmark,2003,671,,
ESTAT:ENV_WASMUN(1.0),06/11/2024 23:00,Annual,Waste generated,Kilograms per capita,Denmark,2004,695,,
ESTAT:ENV_WASMUN(1.0),06/11/2024 23:00,Annual,Waste generated,Kilograms per capita,Denmark,2005,736,,
ESTAT:ENV_WASMUN(1.0),06/11/2024 23:00,Annual,Waste generated,Kilograms per capita,Denmark,2006,740,,
ESTAT:ENV_WASMUN(1.0),06/11/2024 23:00,Annual,Waste generated,Kilograms per capita,Denmark,2007,790,,
ESTAT:ENV_WASMUN(1.0),06/11/2024 23:00,Annual,Waste generated,Kilograms per capita,Denmark,2008,830,,
ESTAT:ENV_WASMUN(1.0),06/11/2024 23:00,Annual,Waste generated,Kilograms per capita,Denmark,2009,762,e,
ESTAT:ENV_WASMUN(1.0),06/11/2024 23:00,Annual,Waste generated,Kilograms per capita,Denmark,2011,862,b,
ESTAT:ENV_WASMUN(1.0),06/11/2024 23:00,Annual,Waste generated,Kilograms per capita,Denmark,2012,806,,
ESTAT:ENV_WASMUN(1.0),06/11/2024 23:00,Annual,Waste generated,Kilograms per capita,Denmark,2013,813,,
ESTAT:ENV_WASMUN(1.0),06/11/2024 23:00,Annual,Waste generated,Kilograms per capita,Denmark,2014,808,,
ESTAT:ENV_WASMUN(1.0),06/11/2024 23:00,Annual,Waste generated,Kilograms per capita,Denmark,2015,822,,
ESTAT:ENV_WASMUN(1.0),06/11/2024 23:00,Annual,Waste generated,Kilograms per capita,Denmark,2016,830,,
ESTAT:ENV_WASMUN(1.0),06/11/2024 23:00,Annual,Waste generated,Kilograms per capita,Denmark,2017,820,,
ESTAT:ENV_WASMUN(1.0),06/11/2024 23:00,Annual,Waste generated,Kilograms per capita,Denmark,2018,814,,
ESTAT:ENV_WASMUN(1.0),06/11/2024 23:00,Annual,Waste generated,Kilograms per capita,Denmark,2019,844,,
ESTAT:ENV_WASMUN(1.0),06/11/2024 23:00,Annual,Waste generated,Kilograms per capita,Denmark,2020,814,,
ESTAT:ENV_WASMUN(1.0),06/11/2024 23:00,Annual,Waste generated,Kilograms per capita,Denmark,2021,769,,
ESTAT:ENV_WASMUN(1.0),06/11/2024 23:00,Annual,Waste generated,Kilograms per capita,Denmark,2022,802,,
ESTAT:ENV_WASMUN(1.0),06/11/2024 23:00,Annual,Waste generated,Kilograms per capita,Estonia,1995,371,,
ESTAT:ENV_WASMUN(1.0),06/11/2024 23:00,Annual,Waste generated,Kilograms per capita,Estonia,1996,399,,
ESTAT:ENV_WASMUN(1.0),06/11/2024 23:00,Annual,Waste generated,Kilograms per capita,Estonia,1997,424,,
ESTAT:ENV_WASMUN(1.0),06/11/2024 23:00,Annual,Waste generated,Kilograms per capita,Estonia,1998,402,,
ESTAT:ENV_WASMUN(1.0),06/11/2024 23:00,Annual,Waste generated,Kilograms per capita,Estonia,1999,409,,
ESTAT:ENV_WASMUN(1.0),06/11/2024 23:00,Annual,Waste generated,Kilograms per capita,Estonia,2000,453,b,
ESTAT:ENV_WASMUN(1.0),06/11/2024 23:00,Annual,Waste generated,Kilograms per capita,Estonia,2001,366,b,
ESTAT:ENV_WASMUN(1.0),06/11/2024 23:00,Annual,Waste generated,Kilograms per capita,Estonia,2002,401,,
ESTAT:ENV_WASMUN(1.0),06/11/2024 23:00,Annual,Waste generated,Kilograms per capita,Estonia,2003,414,,
ESTAT:ENV_WASMUN(1.0),06/11/2024 23:00,Annual,Waste generated,Kilograms per capita,Estonia,2004,445,,
ESTAT:ENV_WASMUN(1.0),06/11/2024 23:00,Annual,Waste generated,Kilograms per capita,Estonia,2005,433,,
ESTAT:ENV_WASMUN(1.0),06/11/2024 23:00,Annual,Waste generated,Kilograms per capita,Estonia,2006,398,,
ESTAT:ENV_WASMUN(1.0),06/11/2024 23:00,Annual,Waste generated,Kilograms per capita,Estonia,2007,449,,
ESTAT:ENV_WASMUN(1.0),06/11/2024 23:00,Annual,Waste generated,Kilograms per capita,Estonia,2008,392,,
ESTAT:ENV_WASMUN(1.0),06/11/2024 23:00,Annual,Waste generated,Kilograms per capita,Estonia,2009,339,,
ESTAT:ENV_WASMUN(1.0),06/11/2024 23:00,Annual,Waste generated,Kilograms per capita,Estonia,2010,305,b,
ESTAT:ENV_WASMUN(1.0),06/11/2024 23:00,Annual,Waste generated,Kilograms per capita,Estonia,2011,301,,
ESTAT:ENV_WASMUN(1.0),06/11/2024 23:00,Annual,Waste generated,Kilograms per capita,Estonia,2012,280,,
ESTAT:ENV_WASMUN(1.0),06/11/2024 23:00,Annual,Waste generated,Kilograms per capita,Estonia,2013,293,,
ESTAT:ENV_WASMUN(1.0),06/11/2024 23:00,Annual,Waste generated,Kilograms per capita,Estonia,2014,357,b,
ESTAT:ENV_WASMUN(1.0),06/11/2024 23:00,Annual,Waste generated,Kilograms per capita,Estonia,2015,359,,
ESTAT:ENV_WASMUN(1.0),06/11/2024 23:00,Annual,Waste generated,Kilograms per capita,Estonia,2016,376,,
ESTAT:ENV_WASMUN(1.0),06/11/2024 23:00,Annual,Waste generated,Kilograms per capita,Estonia,2017,390,,
ESTAT:ENV_WASMUN(1.0),06/11/2024 23:00,Annual,Waste generated,Kilograms per capita,Estonia,2018,405,,
ESTAT:ENV_WASMUN(1.0),06/11/2024 23:00,Annual,Waste generated,Kilograms per capita,Estonia,2019,369,,
ESTAT:ENV_WASMUN(1.0),06/11/2024 23:00,Annual,Waste generated,Kilograms per capita,Estonia,2020,383,,
ESTAT:ENV_WASMUN(1.0),06/11/2024 23:00,Annual,Waste generated,Kilograms per capita,Estonia,2021,395,,
ESTAT:ENV_WASMUN(1.0),06/11/2024 23:00,Annual,Waste generated,Kilograms per capita,Estonia,2022,373,,
ESTAT:ENV_WASMUN(1.0),06/11/2024 23:00,Annual,Waste generated,Kilograms per capita,Greece,1995,303,,
ESTAT:ENV_WASMUN(1.0),06/11/2024 23:00,Annual,Waste generated,Kilograms per capita,Greece,1996,339,,
ESTAT:ENV_WASMUN(1.0),06/11/2024 23:00,Annual,Waste generated,Kilograms per capita,Greece,1997,366,,
ESTAT:ENV_WASMUN(1.0),06/11/2024 23:00,Annual,Waste generated,Kilograms per capita,Greece,1998,381,,
ESTAT:ENV_WASMUN(1.0),06/11/2024 23:00,Annual,Waste generated,Kilograms per capita,Greece,1999,396,,
ESTAT:ENV_WASMUN(1.0),06/11/2024 23:00,Annual,Waste generated,Kilograms per capita,Greece,2000,412,,
ESTAT:ENV_WASMUN(1.0),06/11/2024 23:00,Annual,Waste generated,Kilograms per capita,Greece,2001,420,,
ESTAT:ENV_WASMUN(1.0),06/11/2024 23:00,Annual,Waste generated,Kilograms per capita,Greece,2002,426,,
ESTAT:ENV_WASMUN(1.0),06/11/2024 23:00,Annual,Waste generated,Kilograms per capita,Greece,2003,431,,
ESTAT:ENV_WASMUN(1.0),06/11/2024 23:00,Annual,Waste generated,Kilograms per capita,Greece,2004,436,,
ESTAT:ENV_WASMUN(1.0),06/11/2024 23:00,Annual,Waste generated,Kilograms per capita,Greece,2005,442,,
ESTAT:ENV_WASMUN(1.0),06/11/2024 23:00,Annual,Waste generated,Kilograms per capita,Greece,2006,447,,
ESTAT:ENV_WASMUN(1.0),06/11/2024 23:00,Annual,Waste generated,Kilograms per capita,Greece,2007,453,,
ESTAT:ENV_WASMUN(1.0),06/11/2024 23:00,Annual,Waste generated,Kilograms per capita,Greece,2008,458,,
ESTAT:ENV_WASMUN(1.0),06/11/2024 23:00,Annual,Waste generated,Kilograms per capita,Greece,2009,464,,
ESTAT:ENV_WASMUN(1.0),06/11/2024 23:00,Annual,Waste generated,Kilograms per capita,Greece,2010,532,,
ESTAT:ENV_WASMUN(1.0),06/11/2024 23:00,Annual,Waste generated,Kilograms per capita,Greece,2011,503,,
ESTAT:ENV_WASMUN(1.0),06/11/2024 23:00,Annual,Waste generated,Kilograms per capita,Greece,2012,495,,
ESTAT:ENV_WASMUN(1.0),06/11/2024 23:00,Annual,Waste generated,Kilograms per capita,Greece,2013,482,,
ESTAT:ENV_WASMUN(1.0),06/11/2024 23:00,Annual,Waste generated,Kilograms per capita,Greece,2014,488,,
ESTAT:ENV_WASMUN(1.0),06/11/2024 23:00,Annual,Waste generated,Kilograms per capita,Greece,2015,488,,
ESTAT:ENV_WASMUN(1.0),06/11/2024 23:00,Annual,Waste generated,Kilograms per capita,Greece,2016,498,,
ESTAT:ENV_WASMUN(1.0),06/11/2024 23:00,Annual,Waste generated,Kilograms per capita,Greece,2017,504,,
ESTAT:ENV_WASMUN(1.0),06/11/2024 23:00,Annual,Waste generated,Kilograms per capita,Greece,2018,515,,
ESTAT:ENV_WASMUN(1.0),06/11/2024 23:00,Annual,Waste generated,Kilograms per capita,Greece,2019,524,,
ESTAT:ENV_WASMUN(1.0),06/11/2024 23:00,Annual,Waste generated,Kilograms per capita,Greece,2020,499,,
ESTAT:ENV_WASMUN(1.0),06/11/2024 23:00,Annual,Waste generated,Kilograms per capita,Greece,2021,509,,
ESTAT:ENV_WASMUN(1.0),06/11/2024 23:00,Annual,Waste generated,Kilograms per capita,Spain,1995,505,,
ESTAT:ENV_WASMUN(1.0),06/11/2024 23:00,Annual,Waste generated,Kilograms per capita,Spain,1996,530,,
ESTAT:ENV_WASMUN(1.0),06/11/2024 23:00,Annual,Waste generated,Kilograms per capita,Spain,1997,554,,
ESTAT:ENV_WASMUN(1.0),06/11/2024 23:00,Annual,Waste generated,Kilograms per capita,Spain,1998,557,,
ESTAT:ENV_WASMUN(1.0),06/11/2024 23:00,Annual,Waste generated,Kilograms per capita,Spain,1999,606,,
ESTAT:ENV_WASMUN(1.0),06/11/2024 23:00,Annual,Waste generated,Kilograms per capita,Spain,2000,653,,
ESTAT:ENV_WASMUN(1.0),06/11/2024 23:00,Annual,Waste generated,Kilograms per capita,Spain,2001,652,,
ESTAT:ENV_WASMUN(1.0),06/11/2024 23:00,Annual,Waste generated,Kilograms per capita,Spain,2002,637,,
ESTAT:ENV_WASMUN(1.0),06/11/2024 23:00,Annual,Waste generated,Kilograms per capita,Spain,2003,646,,
ESTAT:ENV_WASMUN(1.0),06/11/2024 23:00,Annual,Waste generated,Kilograms per capita,Spain,2004,600,,
ESTAT:ENV_WASMUN(1.0),06/11/2024 23:00,Annual,Waste generated,Kilograms per capita,Spain,2005,588,,
ESTAT:ENV_WASMUN(1.0),06/11/2024 23:00,Annual,Waste generated,Kilograms per capita,Spain,2006,590,,
ESTAT:ENV_WASMUN(1.0),06/11/2024 23:00,Annual,Waste generated,Kilograms per capita,Spain,2007,578,,
ESTAT:ENV_WASMUN(1.0),06/11/2024 23:00,Annual,Waste generated,Kilograms per capita,Spain,2008,551,,
ESTAT:ENV_WASMUN(1.0),06/11/2024 23:00,Annual,Waste generated,Kilograms per capita,Spain,2009,542,,
ESTAT:ENV_WASMUN(1.0),06/11/2024 23:00,Annual,Waste generated,Kilograms per capita,Spain,2010,510,,
ESTAT:ENV_WASMUN(1.0),06/11/2024 23:00,Annual,Waste generated,Kilograms per capita,Spain,2011,485,,
ESTAT:ENV_WASMUN(1.0),06/11/2024 23:00,Annual,Waste generated,Kilograms per capita,Spain,2012,468,,
ESTAT:ENV_WASMUN(1.0),06/11/2024 23:00,Annual,Waste generated,Kilograms per capita,Spain,2013,455,,
ESTAT:ENV_WASMUN(1.0),06/11/2024 23:00,Annual,Waste generated,Kilograms per capita,Spain,2014,448,,
ESTAT:ENV_WASMUN(1.0),06/11/2024 23:00,Annual,Waste generated,Kilograms per capita,Spain,2015,456,,
ESTAT:ENV_WASMUN(1.0),06/11/2024 23:00,Annual,Waste generated,Kilograms per capita,Spain,2016,464,,
ESTAT:ENV_WASMUN(1.0),06/11/2024 23:00,Annual,Waste generated,Kilograms per capita,Spain,2017,473,,
ESTAT:ENV_WASMUN(1.0),06/11/2024 23:00,Annual,Waste generated,Kilograms per capita,Spain,2018,475,,
ESTAT:ENV_WASMUN(1.0),06/11/2024 23:00,Annual,Waste generated,Kilograms per capita,Spain,2019,472,,
ESTAT:ENV_WASMUN(1.0),06/11/2024 23:00,Annual,Waste generated,Kilograms per capita,Spain,2020,449,,
ESTAT:ENV_WASMUN(1.0),06/11/2024 23:00,Annual,Waste generated,Kilograms per capita,Spain,2021,467,,
ESTAT:ENV_WASMUN(1.0),06/11/2024 23:00,Annual,Waste generated,Kilograms per capita,Spain,2022,466,p,
ESTAT:ENV_WASMUN(1.0),06/11/2024 23:00,Annual,Waste generated,Kilograms per capita,Finland,1995,413,,
ESTAT:ENV_WASMUN(1.0),06/11/2024 23:00,Annual,Waste generated,Kilograms per capita,Finland,1996,410,,
ESTAT:ENV_WASMUN(1.0),06/11/2024 23:00,Annual,Waste generated,Kilograms per capita,Finland,1997,447,,
ESTAT:ENV_WASMUN(1.0),06/11/2024 23:00,Annual,Waste generated,Kilograms per capita,Finland,1998,466,,
ESTAT:ENV_WASMUN(1.0),06/11/2024 23:00,Annual,Waste generated,Kilograms per capita,Finland,1999,484,,
ESTAT:ENV_WASMUN(1.0),06/11/2024 23:00,Annual,Waste generated,Kilograms per capita,Finland,2000,502,,
ESTAT:ENV_WASMUN(1.0),06/11/2024 23:00,Annual,Waste generated,Kilograms per capita,Finland,2001,465,,
ESTAT:ENV_WASMUN(1.0),06/11/2024 23:00,Annual,Waste generated,Kilograms per capita,Finland,2002,458,,
ESTAT:ENV_WASMUN(1.0),06/11/2024 23:00,Annual,Waste generated,Kilograms per capita,Finland,2003,466,,
ESTAT:ENV_WASMUN(1.0),06/11/2024 23:00,Annual,Waste generated,Kilograms per capita,Finland,2004,469,,
ESTAT:ENV_WASMUN(1.0),06/11/2024 23:00,Annual,Waste generated,Kilograms per capita,Finland,2005,478,,
ESTAT:ENV_WASMUN(1.0),06/11/2024 23:00,Annual,Waste generated,Kilograms per capita,Finland,2006,494,,
ESTAT:ENV_WASMUN(1.0),06/11/2024 23:00,Annual,Waste generated,Kilograms per capita,Finland,2007,506,,
ESTAT:ENV_WASMUN(1.0),06/11/2024 23:00,Annual,Waste generated,Kilograms per capita,Finland,2008,521,,
ESTAT:ENV_WASMUN(1.0),06/11/2024 23:00,Annual,Waste generated,Kilograms per capita,Finland,2009,480,,
ESTAT:ENV_WASMUN(1.0),06/11/2024 23:00,Annual,Waste generated,Kilograms per capita,Finland,2010,470,,
ESTAT:ENV_WASMUN(1.0),06/11/2024 23:00,Annual,Waste generated,Kilograms per capita,Finland,2011,505,,
ESTAT:ENV_WASMUN(1.0),06/11/2024 23:00,Annual,Waste generated,Kilograms per capita,Finland,2012,506,,
ESTAT:ENV_WASMUN(1.0),06/11/2024 23:00,Annual,Waste generated,Kilograms per capita,Finland,2013,493,,
ESTAT:ENV_WASMUN(1.0),06/11/2024 23:00,Annual,Waste generated,Kilograms per capita,Finland,2014,482,,
ESTAT:ENV_WASMUN(1.0),06/11/2024 23:00,Annual,Waste generated,Kilograms per capita,Finland,2015,500,,
ESTAT:ENV_WASMUN(1.0),06/11/2024 23:00,Annual,Waste generated,Kilograms per capita,Finland,2016,504,,
ESTAT:ENV_WASMUN(1.0),06/11/2024 23:00,Annual,Waste generated,Kilograms per capita,Finland,2017,510,,
ESTAT:ENV_WASMUN(1.0),06/11/2024 23:00,Annual,Waste generated,Kilograms per capita,Finland,2018,551,,
ESTAT:ENV_WASMUN(1.0),06/11/2024 23:00,Annual,Waste generated,Kilograms per capita,Finland,2019,566,,
ESTAT:ENV_WASMUN(1.0),06/11/2024 23:00,Annual,Waste generated,Kilograms per capita,Finland,2020,609,,
ESTAT:ENV_WASMUN(1.0),06/11/2024 23:00,Annual,Waste generated,Kilograms per capita,Finland,2021,630,,
ESTAT:ENV_WASMUN(1.0),06/11/2024 23:00,Annual,Waste generated,Kilograms per capita,Finland,2022,522,,
ESTAT:ENV_WASMUN(1.0),06/11/2024 23:00,Annual,Waste generated,Kilograms per capita,France,1995,475,,
ESTAT:ENV_WASMUN(1.0),06/11/2024 23:00,Annual,Waste generated,Kilograms per capita,France,1996,486,,
ESTAT:ENV_WASMUN(1.0),06/11/2024 23:00,Annual,Waste generated,Kilograms per capita,France,1997,496,,
ESTAT:ENV_WASMUN(1.0),06/11/2024 23:00,Annual,Waste generated,Kilograms per capita,France,1998,507,,
ESTAT:ENV_WASMUN(1.0),06/11/2024 23:00,Annual,Waste generated,Kilograms per capita,France,1999,507,,
ESTAT:ENV_WASMUN(1.0),06/11/2024 23:00,Annual,Waste generated,Kilograms per capita,France,2000,514,,
ESTAT:ENV_WASMUN(1.0),06/11/2024 23:00,Annual,Waste generated,Kilograms per capita,France,2001,526,,
ESTAT:ENV_WASMUN(1.0),06/11/2024 23:00,Annual,Waste generated,Kilograms per capita,France,2002,530,,
ESTAT:ENV_WASMUN(1.0),06/11/2024 23:00,Annual,Waste generated,Kilograms per capita,France,2003,506,,
ESTAT:ENV_WASMUN(1.0),06/11/2024 23:00,Annual,Waste generated,Kilograms per capita,France,2004,519,,
ESTAT:ENV_WASMUN(1.0),06/11/2024 23:00,Annual,Waste generated,Kilograms per capita,France,2005,529,,
ESTAT:ENV_WASMUN(1.0),06/11/2024 23:00,Annual,Waste generated,Kilograms per capita,France,2006,535,e,
ESTAT:ENV_WASMUN(1.0),06/11/2024 23:00,Annual,Waste generated,Kilograms per capita,France,2007,542,,
ESTAT:ENV_WASMUN(1.0),06/11/2024 23:00,Annual,Waste generated,Kilograms per capita,France,2008,538,e,
ESTAT:ENV_WASMUN(1.0),06/11/2024 23:00,Annual,Waste generated,Kilograms per capita,France,2009,534,,
ESTAT:ENV_WASMUN(1.0),06/11/2024 23:00,Annual,Waste generated,Kilograms per capita,France,2010,534,e,
ESTAT:ENV_WASMUN(1.0),06/11/2024 23:00,Annual,Waste generated,Kilograms per capita,France,2011,534,,
ESTAT:ENV_WASMUN(1.0),06/11/2024 23:00,Annual,Waste generated,Kilograms per capita,France,2012,527,e,
ESTAT:ENV_WASMUN(1.0),06/11/2024 23:00,Annual,Waste generated,Kilograms per capita,France,2013,520,,
ESTAT:ENV_WASMUN(1.0),06/11/2024 23:00,Annual,Waste generated,Kilograms per capita,France,2014,517,e,
ESTAT:ENV_WASMUN(1.0),06/11/2024 23:00,Annual,Waste generated,Kilograms per capita,France,2015,516,,
ESTAT:ENV_WASMUN(1.0),06/11/2024 23:00,Annual,Waste generated,Kilograms per capita,France,2016,553,e,
ESTAT:ENV_WASMUN(1.0),06/11/2024 23:00,Annual,Waste generated,Kilograms per capita,France,2017,558,e,
ESTAT:ENV_WASMUN(1.0),06/11/2024 23:00,Annual,Waste generated,Kilograms per capita,France,2018,557,e,
ESTAT:ENV_WASMUN(1.0),06/11/2024 23:00,Annual,Waste generated,Kilograms per capita,France,2019,555,e,
ESTAT:ENV_WASMUN(1.0),06/11/2024 23:00,Annual,Waste generated,Kilograms per capita,France,2020,538,e,
ESTAT:ENV_WASMUN(1.0),06/11/2024 23:00,Annual,Waste generated,Kilograms per capita,France,2021,564,p,
ESTAT:ENV_WASMUN(1.0),06/11/2024 23:00,Annual,Waste generated,Kilograms per capita,France,2022,535,ep,
ESTAT:ENV_WASMUN(1.0),06/11/2024 23:00,Annual,Waste generated,Kilograms per capita,Croatia,1997,224,e,
ESTAT:ENV_WASMUN(1.0),06/11/2024 23:00,Annual,Waste generated,Kilograms per capita,Croatia,2000,262,e,
ESTAT:ENV_WASMUN(1.0),06/11/2024 23:00,Annual,Waste generated,Kilograms per capita,Croatia,2004,304,e,
ESTAT:ENV_WASMUN(1.0),06/11/2024 23:00,Annual,Waste generated,Kilograms per capita,Croatia,2005,336,e,
ESTAT:ENV_WASMUN(1.0),06/11/2024 23:00,Annual,Waste generated,Kilograms per capita,Croatia,2006,384,,
ESTAT:ENV_WASMUN(1.0),06/11/2024 23:00,Annual,Waste generated,Kilograms per capita,Croatia,2007,399,,
ESTAT:ENV_WASMUN(1.0),06/11/2024 23:00,Annual,Waste generated,Kilograms per capita,Croatia,2008,415,,
ESTAT:ENV_WASMUN(1.0),06/11/2024 23:00,Annual,Waste generated,Kilograms per capita,Croatia,2009,405,,
ESTAT:ENV_WASMUN(1.0),06/11/2024 23:00,Annual,Waste generated,Kilograms per capita,Croatia,2010,379,,
ESTAT:ENV_WASMUN(1.0),06/11/2024 23:00,Annual,Waste generated,Kilograms per capita,Croatia,2011,384,,
ESTAT:ENV_WASMUN(1.0),06/11/2024 23:00,Annual,Waste generated,Kilograms per capita,Croatia,2012,391,,
ESTAT:ENV_WASMUN(1.0),06/11/2024 23:00,Annual,Waste generated,Kilograms per capita,Croatia,2013,407,,
ESTAT:ENV_WASMUN(1.0),06/11/2024 23:00,Annual,Waste generated,Kilograms per capita,Croatia,2014,390,,
ESTAT:ENV_WASMUN(1.0),06/11/2024 23:00,Annual,Waste generated,Kilograms per capita,Croatia,2015,398,,
ESTAT:ENV_WASMUN(1.0),06/11/2024 23:00,Annual,Waste generated,Kilograms per capita,Croatia,2016,409,,
ESTAT:ENV_WASMUN(1.0),06/11/2024 23:00,Annual,Waste generated,Kilograms per capita,Croatia,2017,424,,
ESTAT:ENV_WASMUN(1.0),06/11/2024 23:00,Annual,Waste generated,Kilograms per capita,Croatia,2018,443,,
ESTAT:ENV_WASMUN(1.0),06/11/2024 23:00,Annual,Waste generated,Kilograms per capita,Croatia,2019,459,,
ESTAT:ENV_WASMUN(1.0),06/11/2024 23:00,Annual,Waste generated,Kilograms per capita,Croatia,2020,433,,
ESTAT:ENV_WASMUN(1.0),06/11/2024 23:00,Annual,Waste generated,Kilograms per capita,Croatia,2021,456,,
ESTAT:ENV_WASMUN(1.0),06/11/2024 23:00,Annual,Waste generated,Kilograms per capita,Croatia,2022,478,,
ESTAT:ENV_WASMUN(1.0),06/11/2024 23:00,Annual,Waste generated,Kilograms per capita,Hungary,1995,460,,
ESTAT:ENV_WASMUN(1.0),06/11/2024 23:00,Annual,Waste generated,Kilograms per capita,Hungary,1996,469,,
ESTAT:ENV_WASMUN(1.0),06/11/2024 23:00,Annual,Waste generated,Kilograms per capita,Hungary,1997,487,,
ESTAT:ENV_WASMUN(1.0),06/11/2024 23:00,Annual,Waste generated,Kilograms per capita,Hungary,1998,485,,
ESTAT:ENV_WASMUN(1.0),06/11/2024 23:00,Annual,Waste generated,Kilograms per capita,Hungary,1999,483,,
ESTAT:ENV_WASMUN(1.0),06/11/2024 23:00,Annual,Waste generated,Kilograms per capita,Hungary,2000,446,b,
ESTAT:ENV_WASMUN(1.0),06/11/2024 23:00,Annual,Waste generated,Kilograms per capita,Hungary,2001,452,,
ESTAT:ENV_WASMUN(1.0),06/11/2024 23:00,Annual,Waste generated,Kilograms per capita,Hungary,2002,457,,
ESTAT:ENV_WASMUN(1.0),06/11/2024 23:00,Annual,Waste generated,Kilograms per capita,Hungary,2003,464,,
ESTAT:ENV_WASMUN(1.0),06/11/2024 23:00,Annual,Waste generated,Kilograms per capita,Hungary,2004,454,,
ESTAT:ENV_WASMUN(1.0),06/11/2024 23:00,Annual,Waste generated,Kilograms per capita,Hungary,2005,461,,
ESTAT:ENV_WASMUN(1.0),06/11/2024 23:00,Annual,Waste generated,Kilograms per capita,Hungary,2006,468,,
ESTAT:ENV_WASMUN(1.0),06/11/2024 23:00,Annual,Waste generated,Kilograms per capita,Hungary,2007,457,,
ESTAT:ENV_WASMUN(1.0),06/11/2024 23:00,Annual,Waste generated,Kilograms per capita,Hungary,2008,454,,
ESTAT:ENV_WASMUN(1.0),06/11/2024 23:00,Annual,Waste generated,Kilograms per capita,Hungary,2009,430,,
ESTAT:ENV_WASMUN(1.0),06/11/2024 23:00,Annual,Waste generated,Kilograms per capita,Hungary,2010,403,,
ESTAT:ENV_WASMUN(1.0),06/11/2024 23:00,Annual,Waste generated,Kilograms per capita,Hungary,2011,382,,
ESTAT:ENV_WASMUN(1.0),06/11/2024 23:00,Annual,Waste generated,Kilograms per capita,Hungary,2012,402,,
ESTAT:ENV_WASMUN(1.0),06/11/2024 23:00,Annual,Waste generated,Kilograms per capita,Hungary,2013,379,,
ESTAT:ENV_WASMUN(1.0),06/11/2024 23:00,Annual,Waste generated,Kilograms per capita,Hungary,2014,386,,
ESTAT:ENV_WASMUN(1.0),06/11/2024 23:00,Annual,Waste generated,Kilograms per capita,Hungary,2015,379,,
ESTAT:ENV_WASMUN(1.0),06/11/2024 23:00,Annual,Waste generated,Kilograms per capita,Hungary,2016,381,,
ESTAT:ENV_WASMUN(1.0),06/11/2024 23:00,Annual,Waste generated,Kilograms per capita,Hungary,2017,387,,
ESTAT:ENV_WASMUN(1.0),06/11/2024 23:00,Annual,Waste generated,Kilograms per capita,Hungary,2018,384,,
ESTAT:ENV_WASMUN(1.0),06/11/2024 23:00,Annual,Waste generated,Kilograms per capita,Hungary,2019,390,,
ESTAT:ENV_WASMUN(1.0),06/11/2024 23:00,Annual,Waste generated,Kilograms per capita,Hungary,2020,406,,
ESTAT:ENV_WASMUN(1.0),06/11/2024 23:00,Annual,Waste generated,Kilograms per capita,Hungary,2021,420,,
ESTAT:ENV_WASMUN(1.0),06/11/2024 23:00,Annual,Waste generated,Kilograms per capita,Hungary,2022,407,,
ESTAT:ENV_WASMUN(1.0),06/11/2024 23:00,Annual,Waste generated,Kilograms per capita,Ireland,1995,512,,
ESTAT:ENV_WASMUN(1.0),06/11/2024 23:00,Annual,Waste generated,Kilograms per capita,Ireland,1996,522,,
ESTAT:ENV_WASMUN(1.0),06/11/2024 23:00,Annual,Waste generated,Kilograms per capita,Ireland,1997,544,,
ESTAT:ENV_WASMUN(1.0),06/11/2024 23:00,Annual,Waste generated,Kilograms per capita,Ireland,1998,554,,
ESTAT:ENV_WASMUN(1.0),06/11/2024 23:00,Annual,Waste generated,Kilograms per capita,Ireland,1999,577,,
ESTAT:ENV_WASMUN(1.0),06/11/2024 23:00,Annual,Waste generated,Kilograms per capita,Ireland,2000,599,,
ESTAT:ENV_WASMUN(1.0),06/11/2024 23:00,Annual,Waste generated,Kilograms per capita,Ireland,2001,699,,
ESTAT:ENV_WASMUN(1.0),06/11/2024 23:00,Annual,Waste generated,Kilograms per capita,Ireland,2002,692,,
ESTAT:ENV_WASMUN(1.0),06/11/2024 23:00,Annual,Waste generated,Kilograms per capita,Ireland,2003,730,b,
ESTAT:ENV_WASMUN(1.0),06/11/2024 23:00,Annual,Waste generated,Kilograms per capita,Ireland,2004,737,,
ESTAT:ENV_WASMUN(1.0),06/11/2024 23:00,Annual,Waste generated,Kilograms per capita,Ireland,2005,731,,
ESTAT:ENV_WASMUN(1.0),06/11/2024 23:00,Annual,Waste generated,Kilograms per capita,Ireland,2006,792,,
ESTAT:ENV_WASMUN(1.0),06/11/2024 23:00,Annual,Waste generated,Kilograms per capita,Ireland,2007,772,,
ESTAT:ENV_WASMUN(1.0),06/11/2024 23:00,Annual,Waste generated,Kilograms per capita,Ireland,2008,718,,
ESTAT:ENV_WASMUN(1.0),06/11/2024 23:00,Annual,Waste generated,Kilograms per capita,Ireland,2009,651,,
ESTAT:ENV_WASMUN(1.0),06/11/2024 23:00,Annual,Waste generated,Kilograms per capita,Ireland,2010,624,,
ESTAT:ENV_WASMUN(1.0),06/11/2024 23:00,Annual,Waste generated,Kilograms per capita,Ireland,2011,616,,
ESTAT:ENV_WASMUN(1.0),06/11/2024 23:00,Annual,Waste generated,Kilograms per capita,Ireland,2012,585,,
ESTAT:ENV_WASMUN(1.0),06/11/2024 23:00,Annual,Waste generated,Kilograms per capita,Ireland,2014,562,b,
ESTAT:ENV_WASMUN(1.0),06/11/2024 23:00,Annual,Waste generated,Kilograms per capita,Ireland,2016,580,,
ESTAT:ENV_WASMUN(1.0),06/11/2024 23:00,Annual,Waste generated,Kilograms per capita,Ireland,2017,573,,
ESTAT:ENV_WASMUN(1.0),06/11/2024 23:00,Annual,Waste generated,Kilograms per capita,Ireland,2018,595,,
ESTAT:ENV_WASMUN(1.0),06/11/2024 23:00,Annual,Waste generated,Kilograms per capita,Ireland,2019,620,,
ESTAT:ENV_WASMUN(1.0),06/11/2024 23:00,Annual,Waste generated,Kilograms per capita,Ireland,2020,637,b,
ESTAT:ENV_WASMUN(1.0),07/11/2024 23:00,Annual,Waste generated,Kilograms per capita,Ireland,2021,625,source: CSO,
ESTAT:ENV_WASMUN(1.0),06/11/2024 23:00,Annual,Waste generated,Kilograms per capita,Iceland,1995,426,,
ESTAT:ENV_WASMUN(1.0),06/11/2024 23:00,Annual,Waste generated,Kilograms per capita,Iceland,1996,435,,
ESTAT:ENV_WASMUN(1.0),06/11/2024 23:00,Annual,Waste generated,Kilograms per capita,Iceland,1997,443,,
ESTAT:ENV_WASMUN(1.0),06/11/2024 23:00,Annual,Waste generated,Kilograms per capita,Iceland,1998,449,,
ESTAT:ENV_WASMUN(1.0),06/11/2024 23:00,Annual,Waste generated,Kilograms per capita,Iceland,1999,454,,
ESTAT:ENV_WASMUN(1.0),06/11/2024 23:00,Annual,Waste generated,Kilograms per capita,Iceland,2000,462,,
ESTAT:ENV_WASMUN(1.0),06/11/2024 23:00,Annual,Waste generated,Kilograms per capita,Iceland,2001,467,,
ESTAT:ENV_WASMUN(1.0),06/11/2024 23:00,Annual,Waste generated,Kilograms per capita,Iceland,2002,476,,
ESTAT:ENV_WASMUN(1.0),06/11/2024 23:00,Annual,Waste generated,Kilograms per capita,Iceland,2003,484,,
ESTAT:ENV_WASMUN(1.0),06/11/2024 23:00,Annual,Waste generated,Kilograms per capita,Iceland,2004,503,,
ESTAT:ENV_WASMUN(1.0),06/11/2024 23:00,Annual,Waste generated,Kilograms per capita,Iceland,2005,516,,
ESTAT:ENV_WASMUN(1.0),06/11/2024 23:00,Annual,Waste generated,Kilograms per capita,Iceland,2006,563,,
ESTAT:ENV_WASMUN(1.0),06/11/2024 23:00,Annual,Waste generated,Kilograms per capita,Iceland,2007,558,,
ESTAT:ENV_WASMUN(1.0),06/11/2024 23:00,Annual,Waste generated,Kilograms per capita,Iceland,2008,655,,
ESTAT:ENV_WASMUN(1.0),06/11/2024 23:00,Annual,Waste generated,Kilograms per capita,Iceland,2009,414,,
ESTAT:ENV_WASMUN(1.0),06/11/2024 23:00,Annual,Waste generated,Kilograms per capita,Iceland,2010,484,,
ESTAT:ENV_WASMUN(1.0),06/11/2024 23:00,Annual,Waste generated,Kilograms per capita,Iceland,2011,495,,
ESTAT:ENV_WASMUN(1.0),06/11/2024 23:00,Annual,Waste generated,Kilograms per capita,Iceland,2012,511,,
ESTAT:ENV_WASMUN(1.0),06/11/2024 23:00,Annual,Waste generated,Kilograms per capita,Iceland,2013,516,,
ESTAT:ENV_WASMUN(1.0),06/11/2024 23:00,Annual,Waste generated,Kilograms per capita,Iceland,2014,535,,
ESTAT:ENV_WASMUN(1.0),06/11/2024 23:00,Annual,Waste generated,Kilograms per capita,Iceland,2015,588,,
ESTAT:ENV_WASMUN(1.0),06/11/2024 23:00,Annual,Waste generated,Kilograms per capita,Iceland,2016,655,,
ESTAT:ENV_WASMUN(1.0),06/11/2024 23:00,Annual,Waste generated,Kilograms per capita,Iceland,2017,656,,
ESTAT:ENV_WASMUN(1.0),06/11/2024 23:00,Annual,Waste generated,Kilograms per capita,Iceland,2018,702,,
ESTAT:ENV_WASMUN(1.0),06/11/2024 23:00,Annual,Waste generated,Kilograms per capita,Iceland,2020,614,,
ESTAT:ENV_WASMUN(1.0),06/11/2024 23:00,Annual,Waste generated,Kilograms per capita,Iceland,2021,659,,
ESTAT:ENV_WASMUN(1.0),06/11/2024 23:00,Annual,Waste generated,Kilograms per capita,Iceland,2022,595,,
ESTAT:ENV_WASMUN(1.0),06/11/2024 23:00,Annual,Waste generated,Kilograms per capita,Italy,1995,454,,
ESTAT:ENV_WASMUN(1.0),06/11/2024 23:00,Annual,Waste generated,Kilograms per capita,Italy,1996,457,,
ESTAT:ENV_WASMUN(1.0),06/11/2024 23:00,Annual,Waste generated,Kilograms per capita,Italy,1997,468,,
ESTAT:ENV_WASMUN(1.0),06/11/2024 23:00,Annual,Waste generated,Kilograms per capita,Italy,1998,472,,
ESTAT:ENV_WASMUN(1.0),06/11/2024 23:00,Annual,Waste generated,Kilograms per capita,Italy,1999,498,,
ESTAT:ENV_WASMUN(1.0),06/11/2024 23:00,Annual,Waste generated,Kilograms per capita,Italy,2000,509,,
ESTAT:ENV_WASMUN(1.0),06/11/2024 23:00,Annual,Waste generated,Kilograms per capita,Italy,2001,516,,
ESTAT:ENV_WASMUN(1.0),06/11/2024 23:00,Annual,Waste generated,Kilograms per capita,Italy,2002,523,,
ESTAT:ENV_WASMUN(1.0),06/11/2024 23:00,Annual,Waste generated,Kilograms per capita,Italy,2003,523,,
ESTAT:ENV_WASMUN(1.0),06/11/2024 23:00,Annual,Waste generated,Kilograms per capita,Italy,2004,539,,
ESTAT:ENV_WASMUN(1.0),06/11/2024 23:00,Annual,Waste generated,Kilograms per capita,Italy,2005,544,,
ESTAT:ENV_WASMUN(1.0),06/11/2024 23:00,Annual,Waste generated,Kilograms per capita,Italy,2006,557,,
ESTAT:ENV_WASMUN(1.0),06/11/2024 23:00,Annual,Waste generated,Kilograms per capita,Italy,2007,554,,
ESTAT:ENV_WASMUN(1.0),06/11/2024 23:00,Annual,Waste generated,Kilograms per capita,Italy,2008,548,,
ESTAT:ENV_WASMUN(1.0),06/11/2024 23:00,Annual,Waste generated,Kilograms per capita,Italy,2009,539,,
ESTAT:ENV_WASMUN(1.0),06/11/2024 23:00,Annual,Waste generated,Kilograms per capita,Italy,2010,542,,
ESTAT:ENV_WASMUN(1.0),06/11/2024 23:00,Annual,Waste generated,Kilograms per capita,Italy,2011,523,,
ESTAT:ENV_WASMUN(1.0),06/11/2024 23:00,Annual,Waste generated,Kilograms per capita,Italy,2012,498,,
ESTAT:ENV_WASMUN(1.0),06/11/2024 23:00,Annual,Waste generated,Kilograms per capita,Italy,2013,490,,
ESTAT:ENV_WASMUN(1.0),06/11/2024 23:00,Annual,Waste generated,Kilograms per capita,Italy,2014,492,,
ESTAT:ENV_WASMUN(1.0),06/11/2024 23:00,Annual,Waste generated,Kilograms per capita,Italy,2015,490,,
ESTAT:ENV_WASMUN(1.0),06/11/2024 23:00,Annual,Waste generated,Kilograms per capita,Italy,2016,501,,
ESTAT:ENV_WASMUN(1.0),06/11/2024 23:00,Annual,Waste generated,Kilograms per capita,Italy,2017,493,,
ESTAT:ENV_WASMUN(1.0),06/11/2024 23:00,Annual,Waste generated,Kilograms per capita,Italy,2018,502,,
ESTAT:ENV_WASMUN(1.0),06/11/2024 23:00,Annual,Waste generated,Kilograms per capita,Italy,2019,503,,
ESTAT:ENV_WASMUN(1.0),06/11/2024 23:00,Annual,Waste generated,Kilograms per capita,Italy,2020,487,,
ESTAT:ENV_WASMUN(1.0),06/11/2024 23:00,Annual,Waste generated,Kilograms per capita,Italy,2021,495,,
ESTAT:ENV_WASMUN(1.0),06/11/2024 23:00,Annual,Waste generated,Kilograms per capita,Italy,2022,486,,
ESTAT:ENV_WASMUN(1.0),06/11/2024 23:00,Annual,Waste generated,Kilograms per capita,Lithuania,1995,426,,
ESTAT:ENV_WASMUN(1.0),06/11/2024 23:00,Annual,Waste generated,Kilograms per capita,Lithuania,1996,401,,
ESTAT:ENV_WASMUN(1.0),06/11/2024 23:00,Annual,Waste generated,Kilograms per capita,Lithuania,1997,422,,
ESTAT:ENV_WASMUN(1.0),06/11/2024 23:00,Annual,Waste generated,Kilograms per capita,Lithuania,1998,445,,
ESTAT:ENV_WASMUN(1.0),06/11/2024 23:00,Annual,Waste generated,Kilograms per capita,Lithuania,1999,351,b,
ESTAT:ENV_WASMUN(1.0),06/11/2024 23:00,Annual,Waste generated,Kilograms per capita,Lithuania,2000,365,,
ESTAT:ENV_WASMUN(1.0),06/11/2024 23:00,Annual,Waste generated,Kilograms per capita,Lithuania,2001,378,,
ESTAT:ENV_WASMUN(1.0),06/11/2024 23:00,Annual,Waste generated,Kilograms per capita,Lithuania,2002,405,,
ESTAT:ENV_WASMUN(1.0),06/11/2024 23:00,Annual,Waste generated,Kilograms per capita,Lithuania,2003,389,,
ESTAT:ENV_WASMUN(1.0),06/11/2024 23:00,Annual,Waste generated,Kilograms per capita,Lithuania,2004,373,,
ESTAT:ENV_WASMUN(1.0),06/11/2024 23:00,Annual,Waste generated,Kilograms per capita,Lithuania,2005,387,,
ESTAT:ENV_WASMUN(1.0),06/11/2024 23:00,Annual,Waste generated,Kilograms per capita,Lithuania,2006,405,,
ESTAT:ENV_WASMUN(1.0),06/11/2024 23:00,Annual,Waste generated,Kilograms per capita,Lithuania,2007,419,,
ESTAT:ENV_WASMUN(1.0),06/11/2024 23:00,Annual,Waste generated,Kilograms per capita,Lithuania,2008,428,,
ESTAT:ENV_WASMUN(1.0),06/11/2024 23:00,Annual,Waste generated,Kilograms per capita,Lithuania,2009,381,,
ESTAT:ENV_WASMUN(1.0),06/11/2024 23:00,Annual,Waste generated,Kilograms per capita,Lithuania,2010,404,,
ESTAT:ENV_WASMUN(1.0),06/11/2024 23:00,Annual,Waste generated,Kilograms per capita,Lithuania,2011,442,,
ESTAT:ENV_WASMUN(1.0),06/11/2024 23:00,Annual,Waste generated,Kilograms per capita,Lithuania,2012,445,,
ESTAT:ENV_WASMUN(1.0),06/11/2024 23:00,Annual,Waste generated,Kilograms per capita,Lithuania,2013,432,,
ESTAT:ENV_WASMUN(1.0),06/11/2024 23:00,Annual,Waste generated,Kilograms per capita,Lithuania,2014,432,,
ESTAT:ENV_WASMUN(1.0),06/11/2024 23:00,Annual,Waste generated,Kilograms per capita,Lithuania,2015,447,,
ESTAT:ENV_WASMUN(1.0),06/11/2024 23:00,Annual,Waste generated,Kilograms per capita,Lithuania,2016,442,,
ESTAT:ENV_WASMUN(1.0),06/11/2024 23:00,Annual,Waste generated,Kilograms per capita,Lithuania,2017,453,,
ESTAT:ENV_WASMUN(1.0),06/11/2024 23:00,Annual,Waste generated,Kilograms per capita,Lithuania,2018,461,,
ESTAT:ENV_WASMUN(1.0),06/11/2024 23:00,Annual,Waste generated,Kilograms per capita,Lithuania,2019,469,,
ESTAT:ENV_WASMUN(1.0),06/11/2024 23:00,Annual,Waste generated,Kilograms per capita,Lithuania,2020,480,,
ESTAT:ENV_WASMUN(1.0),06/11/2024 23:00,Annual,Waste generated,Kilograms per capita,Lithuania,2021,479,,
ESTAT:ENV_WASMUN(1.0),06/11/2024 23:00,Annual,Waste generated,Kilograms per capita,Lithuania,2022,465,,
ESTAT:ENV_WASMUN(1.0),06/11/2024 23:00,Annual,Waste generated,Kilograms per capita,Luxembourg,1995,587,,
ESTAT:ENV_WASMUN(1.0),06/11/2024 23:00,Annual,Waste generated,Kilograms per capita,Luxembourg,1996,585,,
ESTAT:ENV_WASMUN(1.0),06/11/2024 23:00,Annual,Waste generated,Kilograms per capita,Luxembourg,1997,604,,
ESTAT:ENV_WASMUN(1.0),06/11/2024 23:00,Annual,Waste generated,Kilograms per capita,Luxembourg,1998,625,,
ESTAT:ENV_WASMUN(1.0),06/11/2024 23:00,Annual,Waste generated,Kilograms per capita,Luxembourg,1999,646,,
ESTAT:ENV_WASMUN(1.0),06/11/2024 23:00,Annual,Waste generated,Kilograms per capita,Luxembourg,2000,654,,
ESTAT:ENV_WASMUN(1.0),06/11/2024 23:00,Annual,Waste generated,Kilograms per capita,Luxembourg,2001,646,,
ESTAT:ENV_WASMUN(1.0),06/11/2024 23:00,Annual,Waste generated,Kilograms per capita,Luxembourg,2002,653,,
ESTAT:ENV_WASMUN(1.0),06/11/2024 23:00,Annual,Waste generated,Kilograms per capita,Luxembourg,2003,678,,
ESTAT:ENV_WASMUN(1.0),06/11/2024 23:00,Annual,Waste generated,Kilograms per capita,Luxembourg,2004,679,,
ESTAT:ENV_WASMUN(1.0),06/11/2024 23:00,Annual,Waste generated,Kilograms per capita,Luxembourg,2005,672,,
ESTAT:ENV_WASMUN(1.0),06/11/2024 23:00,Annual,Waste generated,Kilograms per capita,Luxembourg,2006,683,,
ESTAT:ENV_WASMUN(1.0),06/11/2024 23:00,Annual,Waste generated,Kilograms per capita,Luxembourg,2007,695,,
ESTAT:ENV_WASMUN(1.0),06/11/2024 23:00,Annual,Waste generated,Kilograms per capita,Luxembourg,2008,697,,
ESTAT:ENV_WASMUN(1.0),06/11/2024 23:00,Annual,Waste generated,Kilograms per capita,Luxembourg,2009,679,,
ESTAT:ENV_WASMUN(1.0),06/11/2024 23:00,Annual,Waste generated,Kilograms per capita,Luxembourg,2010,679,,
ESTAT:ENV_WASMUN(1.0),06/11/2024 23:00,Annual,Waste generated,Kilograms per capita,Luxembourg,2011,666,,
ESTAT:ENV_WASMUN(1.0),06/11/2024 23:00,Annual,Waste generated,Kilograms per capita,Luxembourg,2012,652,,
ESTAT:ENV_WASMUN(1.0),06/11/2024 23:00,Annual,Waste generated,Kilograms per capita,Luxembourg,2013,616,,
ESTAT:ENV_WASMUN(1.0),06/11/2024 23:00,Annual,Waste generated,Kilograms per capita,Luxembourg,2014,626,,
ESTAT:ENV_WASMUN(1.0),06/11/2024 23:00,Annual,Waste generated,Kilograms per capita,Luxembourg,2015,607,,
ESTAT:ENV_WASMUN(1.0),06/11/2024 23:00,Annual,Waste generated,Kilograms per capita,Luxembourg,2016,815,b,
ESTAT:ENV_WASMUN(1.0),06/11/2024 23:00,Annual,Waste generated,Kilograms per capita,Luxembourg,2017,798,,
ESTAT:ENV_WASMUN(1.0),06/11/2024 23:00,Annual,Waste generated,Kilograms per capita,Luxembourg,2018,803,,
ESTAT:ENV_WASMUN(1.0),06/11/2024 23:00,Annual,Waste generated,Kilograms per capita,Luxembourg,2019,791,e,
ESTAT:ENV_WASMUN(1.0),06/11/2024 23:00,Annual,Waste generated,Kilograms per capita,Luxembourg,2020,790,,
ESTAT:ENV_WASMUN(1.0),06/11/2024 23:00,Annual,Waste generated,Kilograms per capita,Luxembourg,2021,793,,
ESTAT:ENV_WASMUN(1.0),06/11/2024 23:00,Annual,Waste generated,Kilograms per capita,Luxembourg,2022,721,,
ESTAT:ENV_WASMUN(1.0),06/11/2024 23:00,Annual,Waste generated,Kilograms per capita,Latvia,1995,264,e,
ESTAT:ENV_WASMUN(1.0),06/11/2024 23:00,Annual,Waste generated,Kilograms per capita,Latvia,1996,265,e,
ESTAT:ENV_WASMUN(1.0),06/11/2024 23:00,Annual,Waste generated,Kilograms per capita,Latvia,1997,255,e,
ESTAT:ENV_WASMUN(1.0),06/11/2024 23:00,Annual,Waste generated,Kilograms per capita,Latvia,1998,248,e,
ESTAT:ENV_WASMUN(1.0),06/11/2024 23:00,Annual,Waste generated,Kilograms per capita,Latvia,1999,256,e,
ESTAT:ENV_WASMUN(1.0),06/11/2024 23:00,Annual,Waste generated,Kilograms per capita,Latvia,2000,271,e,
ESTAT:ENV_WASMUN(1.0),06/11/2024 23:00,Annual,Waste generated,Kilograms per capita,Latvia,2001,305,e,
ESTAT:ENV_WASMUN(1.0),06/11/2024 23:00,Annual,Waste generated,Kilograms per capita,Latvia,2002,343,b,
ESTAT:ENV_WASMUN(1.0),06/11/2024 23:00,Annual,Waste generated,Kilograms per capita,Latvia,2003,304,,
ESTAT:ENV_WASMUN(1.0),06/11/2024 23:00,Annual,Waste generated,Kilograms per capita,Latvia,2004,318,,
ESTAT:ENV_WASMUN(1.0),06/11/2024 23:00,Annual,Waste generated,Kilograms per capita,Latvia,2005,320,,
ESTAT:ENV_WASMUN(1.0),06/11/2024 23:00,Annual,Waste generated,Kilograms per capita,Latvia,2006,343,,
ESTAT:ENV_WASMUN(1.0),06/11/2024 23:00,Annual,Waste generated,Kilograms per capita,Latvia,2007,391,,
ESTAT:ENV_WASMUN(1.0),06/11/2024 23:00,Annual,Waste generated,Kilograms per capita,Latvia,2008,345,,
ESTAT:ENV_WASMUN(1.0),06/11/2024 23:00,Annual,Waste generated,Kilograms per capita,Latvia,2009,352,,
ESTAT:ENV_WASMUN(1.0),06/11/2024 23:00,Annual,Waste generated,Kilograms per capita,Latvia,2010,324,,
ESTAT:ENV_WASMUN(1.0),06/11/2024 23:00,Annual,Waste generated,Kilograms per capita,Latvia,2011,350,,
ESTAT:ENV_WASMUN(1.0),06/11/2024 23:00,Annual,Waste generated,Kilograms per capita,Latvia,2012,323,,
ESTAT:ENV_WASMUN(1.0),06/11/2024 23:00,Annual,Waste generated,Kilograms per capita,Latvia,2013,350,,
ESTAT:ENV_WASMUN(1.0),06/11/2024 23:00,Annual,Waste generated,Kilograms per capita,Latvia,2014,364,,
ESTAT:ENV_WASMUN(1.0),06/11/2024 23:00,Annual,Waste generated,Kilograms per capita,Latvia,2015,404,,
ESTAT:ENV_WASMUN(1.0),06/11/2024 23:00,Annual,Waste generated,Kilograms per capita,Latvia,2016,410,,
ESTAT:ENV_WASMUN(1.0),06/11/2024 23:00,Annual,Waste generated,Kilograms per capita,Latvia,2017,411,,
ESTAT:ENV_WASMUN(1.0),06/11/2024 23:00,Annual,Waste generated,Kilograms per capita,Latvia,2018,407,,
ESTAT:ENV_WASMUN(1.0),06/11/2024 23:00,Annual,Waste generated,Kilograms per capita,Latvia,2019,439,,
ESTAT:ENV_WASMUN(1.0),06/11/2024 23:00,Annual,Waste generated,Kilograms per capita,Latvia,2020,478,,
ESTAT:ENV_WASMUN(1.0),06/11/2024 23:00,Annual,Waste generated,Kilograms per capita,Latvia,2021,461,,
ESTAT:ENV_WASMUN(1.0),06/11/2024 23:00,Annual,Waste generated,Kilograms per capita,Latvia,2022,464,,
ESTAT:ENV_WASMUN(1.0),06/11/2024 23:00,Annual,Waste generated,Kilograms per capita,Montenegro,2011,525,e,
ESTAT:ENV_WASMUN(1.0),06/11/2024 23:00,Annual,Waste generated,Kilograms per capita,Montenegro,2012,496,e,
ESTAT:ENV_WASMUN(1.0),06/11/2024 23:00,Annual,Waste generated,Kilograms per capita,Montenegro,2013,499,e,
ESTAT:ENV_WASMUN(1.0),06/11/2024 23:00,Annual,Waste generated,Kilograms per capita,Montenegro,2014,479,e,
ESTAT:ENV_WASMUN(1.0),06/11/2024 23:00,Annual,Waste generated,Kilograms per capita,Montenegro,2015,498,e,
ESTAT:ENV_WASMUN(1.0),06/11/2024 23:00,Annual,Waste generated,Kilograms per capita,Montenegro,2016,493,e,
ESTAT:ENV_WASMUN(1.0),06/11/2024 23:00,Annual,Waste generated,Kilograms per capita,Montenegro,2017,490,e,
ESTAT:ENV_WASMUN(1.0),06/11/2024 23:00,Annual,Waste generated,Kilograms per capita,Montenegro,2018,516,e,
ESTAT:ENV_WASMUN(1.0),06/11/2024 23:00,Annual,Waste generated,Kilograms per capita,Montenegro,2019,545,e,
ESTAT:ENV_WASMUN(1.0),06/11/2024 23:00,Annual,Waste generated,Kilograms per capita,Montenegro,2020,486,e,
ESTAT:ENV_WASMUN(1.0),06/11/2024 23:00,Annual,Waste generated,Kilograms per capita,Montenegro,2021,515,e,
ESTAT:ENV_WASMUN(1.0),06/11/2024 23:00,Annual,Waste generated,Kilograms per capita,Montenegro,2022,537,e,
ESTAT:ENV_WASMUN(1.0),06/11/2024 23:00,Annual,Waste generated,Kilograms per capita,North Macedonia,2008,349,e,
ESTAT:ENV_WASMUN(1.0),06/11/2024 23:00,Annual,Waste generated,Kilograms per capita,North Macedonia,2009,354,b,
ESTAT:ENV_WASMUN(1.0),06/11/2024 23:00,Annual,Waste generated,Kilograms per capita,North Macedonia,2010,351,e,
ESTAT:ENV_WASMUN(1.0),06/11/2024 23:00,Annual,Waste generated,Kilograms per capita,North Macedonia,2011,357,,
ESTAT:ENV_WASMUN(1.0),06/11/2024 23:00,Annual,Waste generated,Kilograms per capita,North Macedonia,2012,381,,
ESTAT:ENV_WASMUN(1.0),06/11/2024 23:00,Annual,Waste generated,Kilograms per capita,North Macedonia,2013,384,,
ESTAT:ENV_WASMUN(1.0),06/11/2024 23:00,Annual,Waste generated,Kilograms per capita,North Macedonia,2014,370,,
ESTAT:ENV_WASMUN(1.0),06/11/2024 23:00,Annual,Waste generated,Kilograms per capita,North Macedonia,2015,380,,
ESTAT:ENV_WASMUN(1.0),06/11/2024 23:00,Annual,Waste generated,Kilograms per capita,North Macedonia,2018,412,,
ESTAT:ENV_WASMUN(1.0),06/11/2024 23:00,Annual,Waste generated,Kilograms per capita,North Macedonia,2019,441,,
ESTAT:ENV_WASMUN(1.0),06/11/2024 23:00,Annual,Waste generated,Kilograms per capita,North Macedonia,2020,441,e,
ESTAT:ENV_WASMUN(1.0),06/11/2024 23:00,Annual,Waste generated,Kilograms per capita,North Macedonia,2021,459,e,
ESTAT:ENV_WASMUN(1.0),06/11/2024 23:00,Annual,Waste generated,Kilograms per capita,North Macedonia,2022,467,e,
ESTAT:ENV_WASMUN(1.0),06/11/2024 23:00,Annual,Waste generated,Kilograms per capita,Malta,1995,387,e,
ESTAT:ENV_WASMUN(1.0),06/11/2024 23:00,Annual,Waste generated,Kilograms per capita,Malta,1996,412,e,
ESTAT:ENV_WASMUN(1.0),06/11/2024 23:00,Annual,Waste generated,Kilograms per capita,Malta,1997,436,e,
ESTAT:ENV_WASMUN(1.0),06/11/2024 23:00,Annual,Waste generated,Kilograms per capita,Malta,1998,459,e,
ESTAT:ENV_WASMUN(1.0),06/11/2024 23:00,Annual,Waste generated,Kilograms per capita,Malta,1999,466,,
ESTAT:ENV_WASMUN(1.0),06/11/2024 23:00,Annual,Waste generated,Kilograms per capita,Malta,2000,533,,
ESTAT:ENV_WASMUN(1.0),06/11/2024 23:00,Annual,Waste generated,Kilograms per capita,Malta,2001,540,,
ESTAT:ENV_WASMUN(1.0),06/11/2024 23:00,Annual,Waste generated,Kilograms per capita,Malta,2002,541,,
ESTAT:ENV_WASMUN(1.0),06/11/2024 23:00,Annual,Waste generated,Kilograms per capita,Malta,2003,580,,
ESTAT:ENV_WASMUN(1.0),06/11/2024 23:00,Annual,Waste generated,Kilograms per capita,Malta,2004,633,,
ESTAT:ENV_WASMUN(1.0),06/11/2024 23:00,Annual,Waste generated,Kilograms per capita,Malta,2005,625,,
ESTAT:ENV_WASMUN(1.0),06/11/2024 23:00,Annual,Waste generated,Kilograms per capita,Malta,2006,667,,
ESTAT:ENV_WASMUN(1.0),06/11/2024 23:00,Annual,Waste generated,Kilograms per capita,Malta,2007,677,,
ESTAT:ENV_WASMUN(1.0),06/11/2024 23:00,Annual,Waste generated,Kilograms per capita,Malta,2008,688,,
ESTAT:ENV_WASMUN(1.0),06/11/2024 23:00,Annual,Waste generated,Kilograms per capita,Malta,2009,671,,
ESTAT:ENV_WASMUN(1.0),06/11/2024 23:00,Annual,Waste generated,Kilograms per capita,Malta,2010,623,,
ESTAT:ENV_WASMUN(1.0),06/11/2024 23:00,Annual,Waste generated,Kilograms per capita,Malta,2011,622,,
ESTAT:ENV_WASMUN(1.0),06/11/2024 23:00,Annual,Waste generated,Kilograms per capita,Malta,2012,612,,
ESTAT:ENV_WASMUN(1.0),06/11/2024 23:00,Annual,Waste generated,Kilograms per capita,Malta,2013,604,,
ESTAT:ENV_WASMUN(1.0),06/11/2024 23:00,Annual,Waste generated,Kilograms per capita,Malta,2014,629,,
ESTAT:ENV_WASMUN(1.0),06/11/2024 23:00,Annual,Waste generated,Kilograms per capita,Malta,2015,643,,
ESTAT:ENV_WASMUN(1.0),06/11/2024 23:00,Annual,Waste generated,Kilograms per capita,Malta,2016,643,,
ESTAT:ENV_WASMUN(1.0),06/11/2024 23:00,Annual,Waste generated,Kilograms per capita,Malta,2017,667,,
ESTAT:ENV_WASMUN(1.0),06/11/2024 23:00,Annual,Waste generated,Kilograms per capita,Malta,2018,673,,
ESTAT:ENV_WASMUN(1.0),06/11/2024 23:00,Annual,Waste generated,Kilograms per capita,Malta,2019,697,,
ESTAT:ENV_WASMUN(1.0),06/11/2024 23:00,Annual,Waste generated,Kilograms per capita,Malta,2020,642,,
ESTAT:ENV_WASMUN(1.0),06/11/2024 23:00,Annual,Waste generated,Kilograms per capita,Malta,2021,611,,
ESTAT:ENV_WASMUN(1.0),06/11/2024 23:00,Annual,Waste generated,Kilograms per capita,Malta,2022,618,,
ESTAT:ENV_WASMUN(1.0),06/11/2024 23:00,Annual,Waste generated,Kilograms per capita,Netherlands,1995,539,,
ESTAT:ENV_WASMUN(1.0),06/11/2024 23:00,Annual,Waste generated,Kilograms per capita,Netherlands,1996,551,,
ESTAT:ENV_WASMUN(1.0),06/11/2024 23:00,Annual,Waste generated,Kilograms per capita,Netherlands,1997,576,,
ESTAT:ENV_WASMUN(1.0),06/11/2024 23:00,Annual,Waste generated,Kilograms per capita,Netherlands,1998,577,,
ESTAT:ENV_WASMUN(1.0),06/11/2024 23:00,Annual,Waste generated,Kilograms per capita,Netherlands,1999,582,,
ESTAT:ENV_WASMUN(1.0),06/11/2024 23:00,Annual,Waste generated,Kilograms per capita,Netherlands,2000,598,,
ESTAT:ENV_WASMUN(1.0),06/11/2024 23:00,Annual,Waste generated,Kilograms per capita,Netherlands,2001,595,,
ESTAT:ENV_WASMUN(1.0),06/11/2024 23:00,Annual,Waste generated,Kilograms per capita,Netherlands,2002,600,,
ESTAT:ENV_WASMUN(1.0),06/11/2024 23:00,Annual,Waste generated,Kilograms per capita,Netherlands,2003,586,,
ESTAT:ENV_WASMUN(1.0),06/11/2024 23:00,Annual,Waste generated,Kilograms per capita,Netherlands,2004,599,,
ESTAT:ENV_WASMUN(1.0),06/11/2024 23:00,Annual,Waste generated,Kilograms per capita,Netherlands,2005,599,,
ESTAT:ENV_WASMUN(1.0),06/11/2024 23:00,Annual,Waste generated,Kilograms per capita,Netherlands,2006,597,,
ESTAT:ENV_WASMUN(1.0),06/11/2024 23:00,Annual,Waste generated,Kilograms per capita,Netherlands,2007,606,,
ESTAT:ENV_WASMUN(1.0),06/11/2024 23:00,Annual,Waste generated,Kilograms per capita,Netherlands,2008,600,,
ESTAT:ENV_WASMUN(1.0),06/11/2024 23:00,Annual,Waste generated,Kilograms per capita,Netherlands,2009,589,,
ESTAT:ENV_WASMUN(1.0),06/11/2024 23:00,Annual,Waste generated,Kilograms per capita,Netherlands,2010,571,,
ESTAT:ENV_WASMUN(1.0),06/11/2024 23:00,Annual,Waste generated,Kilograms per capita,Netherlands,2011,568,,
ESTAT:ENV_WASMUN(1.0),06/11/2024 23:00,Annual,Waste generated,Kilograms per capita,Netherlands,2012,549,,
ESTAT:ENV_WASMUN(1.0),06/11/2024 23:00,Annual,Waste generated,Kilograms per capita,Netherlands,2013,526,,
ESTAT:ENV_WASMUN(1.0),06/11/2024 23:00,Annual,Waste generated,Kilograms per capita,Netherlands,2014,527,,
ESTAT:ENV_WASMUN(1.0),06/11/2024 23:00,Annual,Waste generated,Kilograms per capita,Netherlands,2015,523,,
ESTAT:ENV_WASMUN(1.0),06/11/2024 23:00,Annual,Waste generated,Kilograms per capita,Netherlands,2016,520,,
ESTAT:ENV_WASMUN(1.0),06/11/2024 23:00,Annual,Waste generated,Kilograms per capita,Netherlands,2017,513,,
ESTAT:ENV_WASMUN(1.0),06/11/2024 23:00,Annual,Waste generated,Kilograms per capita,Netherlands,2018,511,,
ESTAT:ENV_WASMUN(1.0),06/11/2024 23:00,Annual,Waste generated,Kilograms per capita,Netherlands,2019,508,,
ESTAT:ENV_WASMUN(1.0),06/11/2024 23:00,Annual,Waste generated,Kilograms per capita,Netherlands,2020,533,,
ESTAT:ENV_WASMUN(1.0),06/11/2024 23:00,Annual,Waste generated,Kilograms per capita,Netherlands,2021,515,,
ESTAT:ENV_WASMUN(1.0),06/11/2024 23:00,Annual,Waste generated,Kilograms per capita,Netherlands,2022,473,p,
ESTAT:ENV_WASMUN(1.0),06/11/2024 23:00,Annual,Waste generated,Kilograms per capita,Norway,1995,624,,
ESTAT:ENV_WASMUN(1.0),06/11/2024 23:00,Annual,Waste generated,Kilograms per capita,Norway,1996,630,,
ESTAT:ENV_WASMUN(1.0),06/11/2024 23:00,Annual,Waste generated,Kilograms per capita,Norway,1997,618,,
ESTAT:ENV_WASMUN(1.0),06/11/2024 23:00,Annual,Waste generated,Kilograms per capita,Norway,1998,645,,
ESTAT:ENV_WASMUN(1.0),06/11/2024 23:00,Annual,Waste generated,Kilograms per capita,Norway,1999,594,,
ESTAT:ENV_WASMUN(1.0),06/11/2024 23:00,Annual,Waste generated,Kilograms per capita,Norway,2000,613,,
ESTAT:ENV_WASMUN(1.0),06/11/2024 23:00,Annual,Waste generated,Kilograms per capita,Norway,2001,361,b,
ESTAT:ENV_WASMUN(1.0),06/11/2024 23:00,Annual,Waste generated,Kilograms per capita,Norway,2002,392,,
ESTAT:ENV_WASMUN(1.0),06/11/2024 23:00,Annual,Waste generated,Kilograms per capita,Norway,2003,402,,
ESTAT:ENV_WASMUN(1.0),06/11/2024 23:00,Annual,Waste generated,Kilograms per capita,Norway,2004,414,,
ESTAT:ENV_WASMUN(1.0),06/11/2024 23:00,Annual,Waste generated,Kilograms per capita,Norway,2005,426,,
ESTAT:ENV_WASMUN(1.0),06/11/2024 23:00,Annual,Waste generated,Kilograms per capita,Norway,2006,459,,
ESTAT:ENV_WASMUN(1.0),06/11/2024 23:00,Annual,Waste generated,Kilograms per capita,Norway,2007,491,,
ESTAT:ENV_WASMUN(1.0),06/11/2024 23:00,Annual,Waste generated,Kilograms per capita,Norway,2008,487,,
ESTAT:ENV_WASMUN(1.0),06/11/2024 23:00,Annual,Waste generated,Kilograms per capita,Norway,2009,470,,
ESTAT:ENV_WASMUN(1.0),06/11/2024 23:00,Annual,Waste generated,Kilograms per capita,Norway,2010,469,,
ESTAT:ENV_WASMUN(1.0),06/11/2024 23:00,Annual,Waste generated,Kilograms per capita,Norway,2011,485,,
ESTAT:ENV_WASMUN(1.0),06/11/2024 23:00,Annual,Waste generated,Kilograms per capita,Norway,2012,477,,
ESTAT:ENV_WASMUN(1.0),06/11/2024 23:00,Annual,Waste generated,Kilograms per capita,Norway,2013,496,,
ESTAT:ENV_WASMUN(1.0),06/11/2024 23:00,Annual,Waste generated,Kilograms per capita,Norway,2014,423,b,
ESTAT:ENV_WASMUN(1.0),06/11/2024 23:00,Annual,Waste generated,Kilograms per capita,Norway,2015,422,,
ESTAT:ENV_WASMUN(1.0),06/11/2024 23:00,Annual,Waste generated,Kilograms per capita,Norway,2016,754,b,
ESTAT:ENV_WASMUN(1.0),06/11/2024 23:00,Annual,Waste generated,Kilograms per capita,Norway,2017,748,,
ESTAT:ENV_WASMUN(1.0),06/11/2024 23:00,Annual,Waste generated,Kilograms per capita,Norway,2018,739,,
ESTAT:ENV_WASMUN(1.0),06/11/2024 23:00,Annual,Waste generated,Kilograms per capita,Norway,2019,776,,
ESTAT:ENV_WASMUN(1.0),06/11/2024 23:00,Annual,Waste generated,Kilograms per capita,Norway,2020,726,b,
ESTAT:ENV_WASMUN(1.0),06/11/2024 23:00,Annual,Waste generated,Kilograms per capita,Norway,2021,799,,
ESTAT:ENV_WASMUN(1.0),06/11/2024 23:00,Annual,Waste generated,Kilograms per capita,Norway,2022,768,,
ESTAT:ENV_WASMUN(1.0),06/11/2024 23:00,Annual,Waste generated,Kilograms per capita,Poland,1995,285,,
ESTAT:ENV_WASMUN(1.0),06/11/2024 23:00,Annual,Waste generated,Kilograms per capita,Poland,1996,301,,
ESTAT:ENV_WASMUN(1.0),06/11/2024 23:00,Annual,Waste generated,Kilograms per capita,Poland,1997,315,,
ESTAT:ENV_WASMUN(1.0),06/11/2024 23:00,Annual,Waste generated,Kilograms per capita,Poland,1998,306,,
ESTAT:ENV_WASMUN(1.0),06/11/2024 23:00,Annual,Waste generated,Kilograms per capita,Poland,1999,319,,
ESTAT:ENV_WASMUN(1.0),06/11/2024 23:00,Annual,Waste generated,Kilograms per capita,Poland,2000,320,,
ESTAT:ENV_WASMUN(1.0),06/11/2024 23:00,Annual,Waste generated,Kilograms per capita,Poland,2001,290,,
ESTAT:ENV_WASMUN(1.0),06/11/2024 23:00,Annual,Waste generated,Kilograms per capita,Poland,2002,275,,
ESTAT:ENV_WASMUN(1.0),06/11/2024 23:00,Annual,Waste generated,Kilograms per capita,Poland,2003,260,,
ESTAT:ENV_WASMUN(1.0),06/11/2024 23:00,Annual,Waste generated,Kilograms per capita,Poland,2004,256,,
ESTAT:ENV_WASMUN(1.0),06/11/2024 23:00,Annual,Waste generated,Kilograms per capita,Poland,2005,319,be,
ESTAT:ENV_WASMUN(1.0),06/11/2024 23:00,Annual,Waste generated,Kilograms per capita,Poland,2006,321,e,
ESTAT:ENV_WASMUN(1.0),06/11/2024 23:00,Annual,Waste generated,Kilograms per capita,Poland,2007,322,e,
ESTAT:ENV_WASMUN(1.0),06/11/2024 23:00,Annual,Waste generated,Kilograms per capita,Poland,2008,320,e,
ESTAT:ENV_WASMUN(1.0),06/11/2024 23:00,Annual,Waste generated,Kilograms per capita,Poland,2009,316,e,
ESTAT:ENV_WASMUN(1.0),06/11/2024 23:00,Annual,Waste generated,Kilograms per capita,Poland,2010,316,e,
ESTAT:ENV_WASMUN(1.0),06/11/2024 23:00,Annual,Waste generated,Kilograms per capita,Poland,2011,319,e,
ESTAT:ENV_WASMUN(1.0),06/11/2024 23:00,Annual,Waste generated,Kilograms per capita,Poland,2012,317,e,
ESTAT:ENV_WASMUN(1.0),06/11/2024 23:00,Annual,Waste generated,Kilograms per capita,Poland,2013,297,be,
ESTAT:ENV_WASMUN(1.0),06/11/2024 23:00,Annual,Waste generated,Kilograms per capita,Poland,2014,272,be,
ESTAT:ENV_WASMUN(1.0),06/11/2024 23:00,Annual,Waste generated,Kilograms per capita,Poland,2015,286,e,
ESTAT:ENV_WASMUN(1.0),06/11/2024 23:00,Annual,Waste generated,Kilograms per capita,Poland,2016,307,e,
ESTAT:ENV_WASMUN(1.0),06/11/2024 23:00,Annual,Waste generated,Kilograms per capita,Poland,2017,315,e,
ESTAT:ENV_WASMUN(1.0),06/11/2024 23:00,Annual,Waste generated,Kilograms per capita,Poland,2018,329,,
ESTAT:ENV_WASMUN(1.0),06/11/2024 23:00,Annual,Waste generated,Kilograms per capita,Poland,2019,336,,
ESTAT:ENV_WASMUN(1.0),06/11/2024 23:00,Annual,Waste generated,Kilograms per capita,Poland,2020,346,,
ESTAT:ENV_WASMUN(1.0),06/11/2024 23:00,Annual,Waste generated,Kilograms per capita,Poland,2021,370,,
ESTAT:ENV_WASMUN(1.0),06/11/2024 23:00,Annual,Waste generated,Kilograms per capita,Poland,2022,364,,
ESTAT:ENV_WASMUN(1.0),06/11/2024 23:00,Annual,Waste generated,Kilograms per capita,Portugal,1995,352,,
ESTAT:ENV_WASMUN(1.0),06/11/2024 23:00,Annual,Waste generated,Kilograms per capita,Portugal,1996,372,,
ESTAT:ENV_WASMUN(1.0),06/11/2024 23:00,Annual,Waste generated,Kilograms per capita,Portugal,1997,397,,
ESTAT:ENV_WASMUN(1.0),06/11/2024 23:00,Annual,Waste generated,Kilograms per capita,Portugal,1998,413,,
ESTAT:ENV_WASMUN(1.0),06/11/2024 23:00,Annual,Waste generated,Kilograms per capita,Portugal,1999,433,,
ESTAT:ENV_WASMUN(1.0),06/11/2024 23:00,Annual,Waste generated,Kilograms per capita,Portugal,2000,457,,
ESTAT:ENV_WASMUN(1.0),06/11/2024 23:00,Annual,Waste generated,Kilograms per capita,Portugal,2001,454,,
ESTAT:ENV_WASMUN(1.0),06/11/2024 23:00,Annual,Waste generated,Kilograms per capita,Portugal,2002,441,b,
ESTAT:ENV_WASMUN(1.0),06/11/2024 23:00,Annual,Waste generated,Kilograms per capita,Portugal,2003,449,,
ESTAT:ENV_WASMUN(1.0),06/11/2024 23:00,Annual,Waste generated,Kilograms per capita,Portugal,2004,445,,
ESTAT:ENV_WASMUN(1.0),06/11/2024 23:00,Annual,Waste generated,Kilograms per capita,Portugal,2005,452,,
ESTAT:ENV_WASMUN(1.0),06/11/2024 23:00,Annual,Waste generated,Kilograms per capita,Portugal,2006,465,,
ESTAT:ENV_WASMUN(1.0),06/11/2024 23:00,Annual,Waste generated,Kilograms per capita,Portugal,2007,471,b,
ESTAT:ENV_WASMUN(1.0),06/11/2024 23:00,Annual,Waste generated,Kilograms per capita,Portugal,2008,518,,
ESTAT:ENV_WASMUN(1.0),06/11/2024 23:00,Annual,Waste generated,Kilograms per capita,Portugal,2009,520,,
ESTAT:ENV_WASMUN(1.0),06/11/2024 23:00,Annual,Waste generated,Kilograms per capita,Portugal,2010,516,,
ESTAT:ENV_WASMUN(1.0),06/11/2024 23:00,Annual,Waste generated,Kilograms per capita,Portugal,2011,490,,
ESTAT:ENV_WASMUN(1.0),06/11/2024 23:00,Annual,Waste generated,Kilograms per capita,Portugal,2012,453,,
ESTAT:ENV_WASMUN(1.0),06/11/2024 23:00,Annual,Waste generated,Kilograms per capita,Portugal,2013,439,,
ESTAT:ENV_WASMUN(1.0),06/11/2024 23:00,Annual,Waste generated,Kilograms per capita,Portugal,2014,452,,
ESTAT:ENV_WASMUN(1.0),06/11/2024 23:00,Annual,Waste generated,Kilograms per capita,Portugal,2015,459,b,
ESTAT:ENV_WASMUN(1.0),06/11/2024 23:00,Annual,Waste generated,Kilograms per capita,Portugal,2016,472,,
ESTAT:ENV_WASMUN(1.0),06/11/2024 23:00,Annual,Waste generated,Kilograms per capita,Portugal,2017,484,,
ESTAT:ENV_WASMUN(1.0),06/11/2024 23:00,Annual,Waste generated,Kilograms per capita,Portugal,2018,504,,
ESTAT:ENV_WASMUN(1.0),06/11/2024 23:00,Annual,Waste generated,Kilograms per capita,Portugal,2019,510,,
ESTAT:ENV_WASMUN(1.0),06/11/2024 23:00,Annual,Waste generated,Kilograms per capita,Portugal,2020,509,,
ESTAT:ENV_WASMUN(1.0),06/11/2024 23:00,Annual,Waste generated,Kilograms per capita,Portugal,2021,510,,
ESTAT:ENV_WASMUN(1.0),06/11/2024 23:00,Annual,Waste generated,Kilograms per capita,Portugal,2022,508,,
ESTAT:ENV_WASMUN(1.0),06/11/2024 23:00,Annual,Waste generated,Kilograms per capita,Romania,1995,342,,
ESTAT:ENV_WASMUN(1.0),06/11/2024 23:00,Annual,Waste generated,Kilograms per capita,Romania,1996,326,,
ESTAT:ENV_WASMUN(1.0),06/11/2024 23:00,Annual,Waste generated,Kilograms per capita,Romania,1997,326,,
ESTAT:ENV_WASMUN(1.0),06/11/2024 23:00,Annual,Waste generated,Kilograms per capita,Romania,1998,278,,
ESTAT:ENV_WASMUN(1.0),06/11/2024 23:00,Annual,Waste generated,Kilograms per capita,Romania,1999,314,,
ESTAT:ENV_WASMUN(1.0),06/11/2024 23:00,Annual,Waste generated,Kilograms per capita,Romania,2000,355,e,
ESTAT:ENV_WASMUN(1.0),06/11/2024 23:00,Annual,Waste generated,Kilograms per capita,Romania,2001,341,e,
ESTAT:ENV_WASMUN(1.0),06/11/2024 23:00,Annual,Waste generated,Kilograms per capita,Romania,2002,385,e,
ESTAT:ENV_WASMUN(1.0),06/11/2024 23:00,Annual,Waste generated,Kilograms per capita,Romania,2003,353,e,
ESTAT:ENV_WASMUN(1.0),06/11/2024 23:00,Annual,Waste generated,Kilograms per capita,Romania,2004,349,e,
ESTAT:ENV_WASMUN(1.0),06/11/2024 23:00,Annual,Waste generated,Kilograms per capita,Romania,2005,383,e,
ESTAT:ENV_WASMUN(1.0),06/11/2024 23:00,Annual,Waste generated,Kilograms per capita,Romania,2006,396,e,
ESTAT:ENV_WASMUN(1.0),06/11/2024 23:00,Annual,Waste generated,Kilograms per capita,Romania,2007,391,e,
ESTAT:ENV_WASMUN(1.0),06/11/2024 23:00,Annual,Waste generated,Kilograms per capita,Romania,2008,411,e,
ESTAT:ENV_WASMUN(1.0),06/11/2024 23:00,Annual,Waste generated,Kilograms per capita,Romania,2009,381,e,
ESTAT:ENV_WASMUN(1.0),06/11/2024 23:00,Annual,Waste generated,Kilograms per capita,Romania,2010,313,b,
ESTAT:ENV_WASMUN(1.0),06/11/2024 23:00,Annual,Waste generated,Kilograms per capita,Romania,2011,259,,
ESTAT:ENV_WASMUN(1.0),06/11/2024 23:00,Annual,Waste generated,Kilograms per capita,Romania,2012,251,,
ESTAT:ENV_WASMUN(1.0),06/11/2024 23:00,Annual,Waste generated,Kilograms per capita,Romania,2013,254,,
ESTAT:ENV_WASMUN(1.0),06/11/2024 23:00,Annual,Waste generated,Kilograms per capita,Romania,2014,249,,
ESTAT:ENV_WASMUN(1.0),06/11/2024 23:00,Annual,Waste generated,Kilograms per capita,Romania,2015,247,,
ESTAT:ENV_WASMUN(1.0),06/11/2024 23:00,Annual,Waste generated,Kilograms per capita,Romania,2016,261,,
ESTAT:ENV_WASMUN(1.0),06/11/2024 23:00,Annual,Waste generated,Kilograms per capita,Romania,2017,272,,
ESTAT:ENV_WASMUN(1.0),06/11/2024 23:00,Annual,Waste generated,Kilograms per capita,Romania,2018,272,,
ESTAT:ENV_WASMUN(1.0),06/11/2024 23:00,Annual,Waste generated,Kilograms per capita,Romania,2019,280,,
ESTAT:ENV_WASMUN(1.0),06/11/2024 23:00,Annual,Waste generated,Kilograms per capita,Romania,2020,290,,
ESTAT:ENV_WASMUN(1.0),06/11/2024 23:00,Annual,Waste generated,Kilograms per capita,Romania,2021,302,,
ESTAT:ENV_WASMUN(1.0),06/11/2024 23:00,Annual,Waste generated,Kilograms per capita,Romania,2022,303,,
ESTAT:ENV_WASMUN(1.0),06/11/2024 23:00,Annual,Waste generated,Kilograms per capita,Serbia,2006,233,,
ESTAT:ENV_WASMUN(1.0),06/11/2024 23:00,Annual,Waste generated,Kilograms per capita,Serbia,2007,280,,
ESTAT:ENV_WASMUN(1.0),06/11/2024 23:00,Annual,Waste generated,Kilograms per capita,Serbia,2008,347,,
ESTAT:ENV_WASMUN(1.0),06/11/2024 23:00,Annual,Waste generated,Kilograms per capita,Serbia,2009,360,,
ESTAT:ENV_WASMUN(1.0),06/11/2024 23:00,Annual,Waste generated,Kilograms per capita,Serbia,2010,363,,
ESTAT:ENV_WASMUN(1.0),06/11/2024 23:00,Annual,Waste generated,Kilograms per capita,Serbia,2011,375,,
ESTAT:ENV_WASMUN(1.0),06/11/2024 23:00,Annual,Waste generated,Kilograms per capita,Serbia,2012,364,,
ESTAT:ENV_WASMUN(1.0),06/11/2024 23:00,Annual,Waste generated,Kilograms per capita,Serbia,2013,336,,
ESTAT:ENV_WASMUN(1.0),06/11/2024 23:00,Annual,Waste generated,Kilograms per capita,Serbia,2014,299,,
ESTAT:ENV_WASMUN(1.0),06/11/2024 23:00,Annual,Waste generated,Kilograms per capita,Serbia,2015,259,,
ESTAT:ENV_WASMUN(1.0),06/11/2024 23:00,Annual,Waste generated,Kilograms per capita,Serbia,2016,268,,
ESTAT:ENV_WASMUN(1.0),06/11/2024 23:00,Annual,Waste generated,Kilograms per capita,Serbia,2017,306,,
ESTAT:ENV_WASMUN(1.0),06/11/2024 23:00,Annual,Waste generated,Kilograms per capita,Serbia,2018,319,,
ESTAT:ENV_WASMUN(1.0),06/11/2024 23:00,Annual,Waste generated,Kilograms per capita,Serbia,2019,338,,
ESTAT:ENV_WASMUN(1.0),06/11/2024 23:00,Annual,Waste generated,Kilograms per capita,Serbia,2020,427,,
ESTAT:ENV_WASMUN(1.0),06/11/2024 23:00,Annual,Waste generated,Kilograms per capita,Serbia,2021,442,,
ESTAT:ENV_WASMUN(1.0),06/11/2024 23:00,Annual,Waste generated,Kilograms per capita,Serbia,2022,473,,
ESTAT:ENV_WASMUN(1.0),06/11/2024 23:00,Annual,Waste generated,Kilograms per capita,Sweden,1995,386,,
ESTAT:ENV_WASMUN(1.0),06/11/2024 23:00,Annual,Waste generated,Kilograms per capita,Sweden,1996,391,,
ESTAT:ENV_WASMUN(1.0),06/11/2024 23:00,Annual,Waste generated,Kilograms per capita,Sweden,1997,416,,
ESTAT:ENV_WASMUN(1.0),06/11/2024 23:00,Annual,Waste generated,Kilograms per capita,Sweden,1998,434,,
ESTAT:ENV_WASMUN(1.0),06/11/2024 23:00,Annual,Waste generated,Kilograms per capita,Sweden,1999,426,,
ESTAT:ENV_WASMUN(1.0),06/11/2024 23:00,Annual,Waste generated,Kilograms per capita,Sweden,2000,425,,
ESTAT:ENV_WASMUN(1.0),06/11/2024 23:00,Annual,Waste generated,Kilograms per capita,Sweden,2001,439,,
ESTAT:ENV_WASMUN(1.0),06/11/2024 23:00,Annual,Waste generated,Kilograms per capita,Sweden,2002,465,,
ESTAT:ENV_WASMUN(1.0),06/11/2024 23:00,Annual,Waste generated,Kilograms per capita,Sweden,2003,464,,
ESTAT:ENV_WASMUN(1.0),06/11/2024 23:00,Annual,Waste generated,Kilograms per capita,Sweden,2004,461,,
ESTAT:ENV_WASMUN(1.0),06/11/2024 23:00,Annual,Waste generated,Kilograms per capita,Sweden,2005,479,,
ESTAT:ENV_WASMUN(1.0),06/11/2024 23:00,Annual,Waste generated,Kilograms per capita,Sweden,2006,491,,
ESTAT:ENV_WASMUN(1.0),06/11/2024 23:00,Annual,Waste generated,Kilograms per capita,Sweden,2007,488,,
ESTAT:ENV_WASMUN(1.0),06/11/2024 23:00,Annual,Waste generated,Kilograms per capita,Sweden,2008,485,,
ESTAT:ENV_WASMUN(1.0),06/11/2024 23:00,Annual,Waste generated,Kilograms per capita,Sweden,2009,472,,
ESTAT:ENV_WASMUN(1.0),06/11/2024 23:00,Annual,Waste generated,Kilograms per capita,Sweden,2010,441,,
ESTAT:ENV_WASMUN(1.0),06/11/2024 23:00,Annual,Waste generated,Kilograms per capita,Sweden,2011,453,,
ESTAT:ENV_WASMUN(1.0),06/11/2024 23:00,Annual,Waste generated,Kilograms per capita,Sweden,2012,454,,
ESTAT:ENV_WASMUN(1.0),06/11/2024 23:00,Annual,Waste generated,Kilograms per capita,Sweden,2013,455,,
ESTAT:ENV_WASMUN(1.0),06/11/2024 23:00,Annual,Waste generated,Kilograms per capita,Sweden,2014,443,,
ESTAT:ENV_WASMUN(1.0),06/11/2024 23:00,Annual,Waste generated,Kilograms per capita,Sweden,2015,451,,
ESTAT:ENV_WASMUN(1.0),06/11/2024 23:00,Annual,Waste generated,Kilograms per capita,Sweden,2016,447,,
ESTAT:ENV_WASMUN(1.0),06/11/2024 23:00,Annual,Waste generated,Kilograms per capita,Sweden,2017,452,,
ESTAT:ENV_WASMUN(1.0),06/11/2024 23:00,Annual,Waste generated,Kilograms per capita,Sweden,2018,434,,
ESTAT:ENV_WASMUN(1.0),06/11/2024 23:00,Annual,Waste generated,Kilograms per capita,Sweden,2019,449,,
ESTAT:ENV_WASMUN(1.0),06/11/2024 23:00,Annual,Waste generated,Kilograms per capita,Sweden,2020,431,b,
ESTAT:ENV_WASMUN(1.0),06/11/2024 23:00,Annual,Waste generated,Kilograms per capita,Sweden,2021,418,,
ESTAT:ENV_WASMUN(1.0),06/11/2024 23:00,Annual,Waste generated,Kilograms per capita,Sweden,2022,395,,
ESTAT:ENV_WASMUN(1.0),06/11/2024 23:00,Annual,Waste generated,Kilograms per capita,Slovenia,1995,596,,
ESTAT:ENV_WASMUN(1.0),06/11/2024 23:00,Annual,Waste generated,Kilograms per capita,Slovenia,1996,591,e,
ESTAT:ENV_WASMUN(1.0),06/11/2024 23:00,Annual,Waste generated,Kilograms per capita,Slovenia,1997,589,e,
ESTAT:ENV_WASMUN(1.0),06/11/2024 23:00,Annual,Waste generated,Kilograms per capita,Slovenia,1998,585,,
ESTAT:ENV_WASMUN(1.0),06/11/2024 23:00,Annual,Waste generated,Kilograms per capita,Slovenia,1999,550,e,
ESTAT:ENV_WASMUN(1.0),06/11/2024 23:00,Annual,Waste generated,Kilograms per capita,Slovenia,2000,513,e,
ESTAT:ENV_WASMUN(1.0),06/11/2024 23:00,Annual,Waste generated,Kilograms per capita,Slovenia,2001,478,,
ESTAT:ENV_WASMUN(1.0),06/11/2024 23:00,Annual,Waste generated,Kilograms per capita,Slovenia,2002,407,b,
ESTAT:ENV_WASMUN(1.0),06/11/2024 23:00,Annual,Waste generated,Kilograms per capita,Slovenia,2003,418,,
ESTAT:ENV_WASMUN(1.0),06/11/2024 23:00,Annual,Waste generated,Kilograms per capita,Slovenia,2004,485,,
ESTAT:ENV_WASMUN(1.0),06/11/2024 23:00,Annual,Waste generated,Kilograms per capita,Slovenia,2005,494,,
ESTAT:ENV_WASMUN(1.0),06/11/2024 23:00,Annual,Waste generated,Kilograms per capita,Slovenia,2006,516,,
ESTAT:ENV_WASMUN(1.0),06/11/2024 23:00,Annual,Waste generated,Kilograms per capita,Slovenia,2007,525,,
ESTAT:ENV_WASMUN(1.0),06/11/2024 23:00,Annual,Waste generated,Kilograms per capita,Slovenia,2008,542,,
ESTAT:ENV_WASMUN(1.0),06/11/2024 23:00,Annual,Waste generated,Kilograms per capita,Slovenia,2009,524,,
ESTAT:ENV_WASMUN(1.0),06/11/2024 23:00,Annual,Waste generated,Kilograms per capita,Slovenia,2010,490,,
ESTAT:ENV_WASMUN(1.0),06/11/2024 23:00,Annual,Waste generated,Kilograms per capita,Slovenia,2011,415,,
ESTAT:ENV_WASMUN(1.0),06/11/2024 23:00,Annual,Waste generated,Kilograms per capita,Slovenia,2012,362,,
ESTAT:ENV_WASMUN(1.0),06/11/2024 23:00,Annual,Waste generated,Kilograms per capita,Slovenia,2013,414,b,
ESTAT:ENV_WASMUN(1.0),06/11/2024 23:00,Annual,Waste generated,Kilograms per capita,Slovenia,2014,432,,
ESTAT:ENV_WASMUN(1.0),06/11/2024 23:00,Annual,Waste generated,Kilograms per capita,Slovenia,2015,449,,
ESTAT:ENV_WASMUN(1.0),06/11/2024 23:00,Annual,Waste generated,Kilograms per capita,Slovenia,2016,457,,
ESTAT:ENV_WASMUN(1.0),06/11/2024 23:00,Annual,Waste generated,Kilograms per capita,Slovenia,2017,471,,
ESTAT:ENV_WASMUN(1.0),06/11/2024 23:00,Annual,Waste generated,Kilograms per capita,Slovenia,2018,486,,
ESTAT:ENV_WASMUN(1.0),06/11/2024 23:00,Annual,Waste generated,Kilograms per capita,Slovenia,2019,504,,
ESTAT:ENV_WASMUN(1.0),06/11/2024 23:00,Annual,Waste generated,Kilograms per capita,Slovenia,2020,487,,
ESTAT:ENV_WASMUN(1.0),06/11/2024 23:00,Annual,Waste generated,Kilograms per capita,Slovenia,2021,511,,
ESTAT:ENV_WASMUN(1.0),06/11/2024 23:00,Annual,Waste generated,Kilograms per capita,Slovenia,2022,487,,
ESTAT:ENV_WASMUN(1.0),06/11/2024 23:00,Annual,Waste generated,Kilograms per capita,Slovakia,1995,295,,
ESTAT:ENV_WASMUN(1.0),06/11/2024 23:00,Annual,Waste generated,Kilograms per capita,Slovakia,1996,275,,
ESTAT:ENV_WASMUN(1.0),06/11/2024 23:00,Annual,Waste generated,Kilograms per capita,Slovakia,1997,274,,
ESTAT:ENV_WASMUN(1.0),06/11/2024 23:00,Annual,Waste generated,Kilograms per capita,Slovakia,1998,259,,
ESTAT:ENV_WASMUN(1.0),06/11/2024 23:00,Annual,Waste generated,Kilograms per capita,Slovakia,1999,261,,
ESTAT:ENV_WASMUN(1.0),06/11/2024 23:00,Annual,Waste generated,Kilograms per capita,Slovakia,2000,254,,
ESTAT:ENV_WASMUN(1.0),06/11/2024 23:00,Annual,Waste generated,Kilograms per capita,Slovakia,2001,239,,
ESTAT:ENV_WASMUN(1.0),06/11/2024 23:00,Annual,Waste generated,Kilograms per capita,Slovakia,2002,270,b,
ESTAT:ENV_WASMUN(1.0),06/11/2024 23:00,Annual,Waste generated,Kilograms per capita,Slovakia,2003,281,,
ESTAT:ENV_WASMUN(1.0),06/11/2024 23:00,Annual,Waste generated,Kilograms per capita,Slovakia,2004,261,,
ESTAT:ENV_WASMUN(1.0),06/11/2024 23:00,Annual,Waste generated,Kilograms per capita,Slovakia,2005,273,,
ESTAT:ENV_WASMUN(1.0),06/11/2024 23:00,Annual,Waste generated,Kilograms per capita,Slovakia,2006,284,,
ESTAT:ENV_WASMUN(1.0),06/11/2024 23:00,Annual,Waste generated,Kilograms per capita,Slovakia,2007,294,,
ESTAT:ENV_WASMUN(1.0),06/11/2024 23:00,Annual,Waste generated,Kilograms per capita,Slovakia,2008,313,,
ESTAT:ENV_WASMUN(1.0),06/11/2024 23:00,Annual,Waste generated,Kilograms per capita,Slovakia,2009,307,,
ESTAT:ENV_WASMUN(1.0),06/11/2024 23:00,Annual,Waste generated,Kilograms per capita,Slovakia,2010,319,,
ESTAT:ENV_WASMUN(1.0),06/11/2024 23:00,Annual,Waste generated,Kilograms per capita,Slovakia,2011,311,,
ESTAT:ENV_WASMUN(1.0),06/11/2024 23:00,Annual,Waste generated,Kilograms per capita,Slovakia,2012,306,,
ESTAT:ENV_WASMUN(1.0),06/11/2024 23:00,Annual,Waste generated,Kilograms per capita,Slovakia,2013,304,,
ESTAT:ENV_WASMUN(1.0),06/11/2024 23:00,Annual,Waste generated,Kilograms per capita,Slovakia,2014,320,,
ESTAT:ENV_WASMUN(1.0),06/11/2024 23:00,Annual,Waste generated,Kilograms per capita,Slovakia,2015,329,,
ESTAT:ENV_WASMUN(1.0),06/11/2024 23:00,Annual,Waste generated,Kilograms per capita,Slovakia,2016,348,,
ESTAT:ENV_WASMUN(1.0),06/11/2024 23:00,Annual,Waste generated,Kilograms per capita,Slovakia,2017,378,,
ESTAT:ENV_WASMUN(1.0),06/11/2024 23:00,Annual,Waste generated,Kilograms per capita,Slovakia,2018,414,,
ESTAT:ENV_WASMUN(1.0),06/11/2024 23:00,Annual,Waste generated,Kilograms per capita,Slovakia,2019,421,,
ESTAT:ENV_WASMUN(1.0),06/11/2024 23:00,Annual,Waste generated,Kilograms per capita,Slovakia,2020,478,,
ESTAT:ENV_WASMUN(1.0),06/11/2024 23:00,Annual,Waste generated,Kilograms per capita,Slovakia,2021,497,,
ESTAT:ENV_WASMUN(1.0),06/11/2024 23:00,Annual,Waste generated,Kilograms per capita,Slovakia,2022,478,,
ESTAT:ENV_WASMUN(1.0),06/11/2024 23:00,Annual,Waste generated,Kilograms per capita,Trkiye,1995,441,,
ESTAT:ENV_WASMUN(1.0),06/11/2024 23:00,Annual,Waste generated,Kilograms per capita,Trkiye,1996,466,,
ESTAT:ENV_WASMUN(1.0),06/11/2024 23:00,Annual,Waste generated,Kilograms per capita,Trkiye,1997,499,,
ESTAT:ENV_WASMUN(1.0),06/11/2024 23:00,Annual,Waste generated,Kilograms per capita,Trkiye,1998,506,,
ESTAT:ENV_WASMUN(1.0),06/11/2024 23:00,Annual,Waste generated,Kilograms per capita,Trkiye,1999,459,e,
ESTAT:ENV_WASMUN(1.0),06/11/2024 23:00,Annual,Waste generated,Kilograms per capita,Trkiye,2000,465,e,
ESTAT:ENV_WASMUN(1.0),06/11/2024 23:00,Annual,Waste generated,Kilograms per capita,Trkiye,2001,476,,
ESTAT:ENV_WASMUN(1.0),06/11/2024 23:00,Annual,Waste generated,Kilograms per capita,Trkiye,2002,470,,
ESTAT:ENV_WASMUN(1.0),06/11/2024 23:00,Annual,Waste generated,Kilograms per capita,Trkiye,2003,465,,
ESTAT:ENV_WASMUN(1.0),06/11/2024 23:00,Annual,Waste generated,Kilograms per capita,Trkiye,2004,440,b,
ESTAT:ENV_WASMUN(1.0),06/11/2024 23:00,Annual,Waste generated,Kilograms per capita,Trkiye,2005,458,e,
ESTAT:ENV_WASMUN(1.0),06/11/2024 23:00,Annual,Waste generated,Kilograms per capita,Trkiye,2006,434,,
ESTAT:ENV_WASMUN(1.0),06/11/2024 23:00,Annual,Waste generated,Kilograms per capita,Trkiye,2007,433,e,
ESTAT:ENV_WASMUN(1.0),06/11/2024 23:00,Annual,Waste generated,Kilograms per capita,Trkiye,2008,400,,
ESTAT:ENV_WASMUN(1.0),06/11/2024 23:00,Annual,Waste generated,Kilograms per capita,Trkiye,2009,419,e,
ESTAT:ENV_WASMUN(1.0),06/11/2024 23:00,Annual,Waste generated,Kilograms per capita,Trkiye,2010,407,,
ESTAT:ENV_WASMUN(1.0),06/11/2024 23:00,Annual,Waste generated,Kilograms per capita,Trkiye,2011,416,e,
ESTAT:ENV_WASMUN(1.0),06/11/2024 23:00,Annual,Waste generated,Kilograms per capita,Trkiye,2012,410,,
ESTAT:ENV_WASMUN(1.0),06/11/2024 23:00,Annual,Waste generated,Kilograms per capita,Trkiye,2013,406,e,
ESTAT:ENV_WASMUN(1.0),06/11/2024 23:00,Annual,Waste generated,Kilograms per capita,Trkiye,2014,405,e,
ESTAT:ENV_WASMUN(1.0),06/11/2024 23:00,Annual,Waste generated,Kilograms per capita,Trkiye,2015,400,e,
ESTAT:ENV_WASMUN(1.0),06/11/2024 23:00,Annual,Waste generated,Kilograms per capita,Trkiye,2016,426,be,
ESTAT:ENV_WASMUN(1.0),06/11/2024 23:00,Annual,Waste generated,Kilograms per capita,Trkiye,2017,425,e,
ESTAT:ENV_WASMUN(1.0),06/11/2024 23:00,Annual,Waste generated,Kilograms per capita,Trkiye,2018,424,e,
ESTAT:ENV_WASMUN(1.0),06/11/2024 23:00,Annual,Waste generated,Kilograms per capita,Trkiye,2019,424,e,
ESTAT:ENV_WASMUN(1.0),06/11/2024 23:00,Annual,Waste generated,Kilograms per capita,Trkiye,2020,415,,
ESTAT:ENV_WASMUN(1.0),06/11/2024 23:00,Annual,Waste generated,Kilograms per capita,Trkiye,2021,416,e,
ESTAT:ENV_WASMUN(1.0),06/11/2024 23:00,Annual,Waste generated,Kilograms per capita,Trkiye,2022,382,,
ESTAT:ENV_WASMUN(1.0),06/11/2024 23:00,Annual,Waste generated,Kilograms per capita,Kosovo*,2015,178,,
ESTAT:ENV_WASMUN(1.0),06/11/2024 23:00,Annual,Waste generated,Kilograms per capita,Kosovo*,2017,229,,
ESTAT:ENV_WASMUN(1.0),06/11/2024 23:00,Annual,Waste generated,Kilograms per capita,Kosovo*,2018,226,,
ESTAT:ENV_WASMUN(1.0),06/11/2024 23:00,Annual,Waste generated,Kilograms per capita,Kosovo*,2019,252,,
ESTAT:ENV_WASMUN(1.0),06/11/2024 23:00,Annual,Waste generated,Kilograms per capita,Kosovo*,2020,255,,
ESTAT:ENV_WASMUN(1.0),06/11/2024 23:00,Annual,Waste generated,Kilograms per capita,Kosovo*,2021,271,,
ESTAT:ENV_WASMUN(1.0),06/11/2024 23:00,Annual,Waste generated,Kilograms per capita,Kosovo*,2022,283,,
