DATAFLOW,LAST UPDATE,freq,unit,geo,TIME_PERIOD,OBS_VALUE,OBS_FLAG,CONF_STATUS
ESTAT:ENV_AC_RP(1.0),07/08/24 23:00:00,Annual,"Euro per kilogram, chain linked volumes (2015)",Albania,2010,0.4595,,
ESTAT:ENV_AC_RP(1.0),07/08/24 23:00:00,Annual,"Euro per kilogram, chain linked volumes (2015)",Albania,2011,0.4638,,
ESTAT:ENV_AC_RP(1.0),07/08/24 23:00:00,Annual,"Euro per kilogram, chain linked volumes (2015)",Albania,2012,0.4661,,
ESTAT:ENV_AC_RP(1.0),07/08/24 23:00:00,Annual,"Euro per kilogram, chain linked volumes (2015)",Albania,2013,0.4279,,
ESTAT:ENV_AC_RP(1.0),07/08/24 23:00:00,Annual,"Euro per kilogram, chain linked volumes (2015)",Albania,2014,0.4427,,
ESTAT:ENV_AC_RP(1.0),07/08/24 23:00:00,Annual,"Euro per kilogram, chain linked volumes (2015)",Albania,2015,0.3928,,
ESTAT:ENV_AC_RP(1.0),07/08/24 23:00:00,Annual,"Euro per kilogram, chain linked volumes (2015)",Albania,2016,0.3711,,
ESTAT:ENV_AC_RP(1.0),07/08/24 23:00:00,Annual,"Euro per kilogram, chain linked volumes (2015)",Albania,2017,0.5061,,
ESTAT:ENV_AC_RP(1.0),07/08/24 23:00:00,Annual,"Euro per kilogram, chain linked volumes (2015)",Albania,2018,0.4992,,
ESTAT:ENV_AC_RP(1.0),07/08/24 23:00:00,Annual,"Euro per kilogram, chain linked volumes (2015)",Albania,2019,0.5212,,
ESTAT:ENV_AC_RP(1.0),07/08/24 23:00:00,Annual,"Euro per kilogram, chain linked volumes (2015)",Albania,2020,0.5851,,
ESTAT:ENV_AC_RP(1.0),07/08/24 23:00:00,Annual,"Euro per kilogram, chain linked volumes (2015)",Austria,2000,1.8202,b,
ESTAT:ENV_AC_RP(1.0),07/08/24 23:00:00,Annual,"Euro per kilogram, chain linked volumes (2015)",Austria,2001,1.8954,,
ESTAT:ENV_AC_RP(1.0),07/08/24 23:00:00,Annual,"Euro per kilogram, chain linked volumes (2015)",Austria,2002,1.8113,,
ESTAT:ENV_AC_RP(1.0),07/08/24 23:00:00,Annual,"Euro per kilogram, chain linked volumes (2015)",Austria,2003,1.9006,,
ESTAT:ENV_AC_RP(1.0),07/08/24 23:00:00,Annual,"Euro per kilogram, chain linked volumes (2015)",Austria,2004,1.8742,,
ESTAT:ENV_AC_RP(1.0),07/08/24 23:00:00,Annual,"Euro per kilogram, chain linked volumes (2015)",Austria,2005,1.8558,,
ESTAT:ENV_AC_RP(1.0),07/08/24 23:00:00,Annual,"Euro per kilogram, chain linked volumes (2015)",Austria,2006,1.889,,
ESTAT:ENV_AC_RP(1.0),07/08/24 23:00:00,Annual,"Euro per kilogram, chain linked volumes (2015)",Austria,2007,1.9292,,
ESTAT:ENV_AC_RP(1.0),07/08/24 23:00:00,Annual,"Euro per kilogram, chain linked volumes (2015)",Austria,2008,2.0078,,
ESTAT:ENV_AC_RP(1.0),07/08/24 23:00:00,Annual,"Euro per kilogram, chain linked volumes (2015)",Austria,2009,2.0698,,
ESTAT:ENV_AC_RP(1.0),07/08/24 23:00:00,Annual,"Euro per kilogram, chain linked volumes (2015)",Austria,2010,2.0954,,
ESTAT:ENV_AC_RP(1.0),07/08/24 23:00:00,Annual,"Euro per kilogram, chain linked volumes (2015)",Austria,2011,2.0349,,
ESTAT:ENV_AC_RP(1.0),07/08/24 23:00:00,Annual,"Euro per kilogram, chain linked volumes (2015)",Austria,2012,2.1585,,
ESTAT:ENV_AC_RP(1.0),07/08/24 23:00:00,Annual,"Euro per kilogram, chain linked volumes (2015)",Austria,2013,2.2055,,
ESTAT:ENV_AC_RP(1.0),07/08/24 23:00:00,Annual,"Euro per kilogram, chain linked volumes (2015)",Austria,2014,2.1666,,
ESTAT:ENV_AC_RP(1.0),07/08/24 23:00:00,Annual,"Euro per kilogram, chain linked volumes (2015)",Austria,2015,2.2656,,
ESTAT:ENV_AC_RP(1.0),07/08/24 23:00:00,Annual,"Euro per kilogram, chain linked volumes (2015)",Austria,2016,2.2674,,
ESTAT:ENV_AC_RP(1.0),07/08/24 23:00:00,Annual,"Euro per kilogram, chain linked volumes (2015)",Austria,2017,2.3119,,
ESTAT:ENV_AC_RP(1.0),07/08/24 23:00:00,Annual,"Euro per kilogram, chain linked volumes (2015)",Austria,2018,2.3611,,
ESTAT:ENV_AC_RP(1.0),07/08/24 23:00:00,Annual,"Euro per kilogram, chain linked volumes (2015)",Austria,2019,2.3546,,
ESTAT:ENV_AC_RP(1.0),07/08/24 23:00:00,Annual,"Euro per kilogram, chain linked volumes (2015)",Austria,2020,2.1833,,
ESTAT:ENV_AC_RP(1.0),07/08/24 23:00:00,Annual,"Euro per kilogram, chain linked volumes (2015)",Austria,2021,2.1978,,
ESTAT:ENV_AC_RP(1.0),07/08/24 23:00:00,Annual,"Euro per kilogram, chain linked volumes (2015)",Austria,2022,2.4653,,
ESTAT:ENV_AC_RP(1.0),07/08/24 23:00:00,Annual,"Euro per kilogram, chain linked volumes (2015)",Austria,2023,2.5426,i,
ESTAT:ENV_AC_RP(1.0),07/08/24 23:00:00,Annual,"Euro per kilogram, chain linked volumes (2015)",Bosnia and Herzegovina,2015,0.4082,,
ESTAT:ENV_AC_RP(1.0),07/08/24 23:00:00,Annual,"Euro per kilogram, chain linked volumes (2015)",Bosnia and Herzegovina,2016,0.3802,,
ESTAT:ENV_AC_RP(1.0),07/08/24 23:00:00,Annual,"Euro per kilogram, chain linked volumes (2015)",Bosnia and Herzegovina,2017,0.4231,,
ESTAT:ENV_AC_RP(1.0),07/08/24 23:00:00,Annual,"Euro per kilogram, chain linked volumes (2015)",Bosnia and Herzegovina,2018,0.4173,,
ESTAT:ENV_AC_RP(1.0),07/08/24 23:00:00,Annual,"Euro per kilogram, chain linked volumes (2015)",Bosnia and Herzegovina,2019,0.4288,,
ESTAT:ENV_AC_RP(1.0),07/08/24 23:00:00,Annual,"Euro per kilogram, chain linked volumes (2015)",Bosnia and Herzegovina,2020,0.4124,,
ESTAT:ENV_AC_RP(1.0),07/08/24 23:00:00,Annual,"Euro per kilogram, chain linked volumes (2015)",Bosnia and Herzegovina,2021,0.4595,,
ESTAT:ENV_AC_RP(1.0),07/08/24 23:00:00,Annual,"Euro per kilogram, chain linked volumes (2015)",Bosnia and Herzegovina,2022,0.4725,,
ESTAT:ENV_AC_RP(1.0),07/08/24 23:00:00,Annual,"Euro per kilogram, chain linked volumes (2015)",Belgium,2000,2.1291,,
ESTAT:ENV_AC_RP(1.0),07/08/24 23:00:00,Annual,"Euro per kilogram, chain linked volumes (2015)",Belgium,2001,1.8597,,
ESTAT:ENV_AC_RP(1.0),07/08/24 23:00:00,Annual,"Euro per kilogram, chain linked volumes (2015)",Belgium,2002,2.1068,,
ESTAT:ENV_AC_RP(1.0),07/08/24 23:00:00,Annual,"Euro per kilogram, chain linked volumes (2015)",Belgium,2003,2.168,,
ESTAT:ENV_AC_RP(1.0),07/08/24 23:00:00,Annual,"Euro per kilogram, chain linked volumes (2015)",Belgium,2004,2.265,,
ESTAT:ENV_AC_RP(1.0),07/08/24 23:00:00,Annual,"Euro per kilogram, chain linked volumes (2015)",Belgium,2005,2.4211,,
ESTAT:ENV_AC_RP(1.0),07/08/24 23:00:00,Annual,"Euro per kilogram, chain linked volumes (2015)",Belgium,2006,2.383,,
ESTAT:ENV_AC_RP(1.0),07/08/24 23:00:00,Annual,"Euro per kilogram, chain linked volumes (2015)",Belgium,2007,2.3112,,
ESTAT:ENV_AC_RP(1.0),07/08/24 23:00:00,Annual,"Euro per kilogram, chain linked volumes (2015)",Belgium,2008,2.3363,,
ESTAT:ENV_AC_RP(1.0),07/08/24 23:00:00,Annual,"Euro per kilogram, chain linked volumes (2015)",Belgium,2009,2.5181,,
ESTAT:ENV_AC_RP(1.0),07/08/24 23:00:00,Annual,"Euro per kilogram, chain linked volumes (2015)",Belgium,2010,2.5962,,
ESTAT:ENV_AC_RP(1.0),07/08/24 23:00:00,Annual,"Euro per kilogram, chain linked volumes (2015)",Belgium,2011,2.4622,,
ESTAT:ENV_AC_RP(1.0),07/08/24 23:00:00,Annual,"Euro per kilogram, chain linked volumes (2015)",Belgium,2012,2.681,,
ESTAT:ENV_AC_RP(1.0),07/08/24 23:00:00,Annual,"Euro per kilogram, chain linked volumes (2015)",Belgium,2013,2.7286,,
ESTAT:ENV_AC_RP(1.0),07/08/24 23:00:00,Annual,"Euro per kilogram, chain linked volumes (2015)",Belgium,2014,2.7779,,
ESTAT:ENV_AC_RP(1.0),07/08/24 23:00:00,Annual,"Euro per kilogram, chain linked volumes (2015)",Belgium,2015,2.857,,
ESTAT:ENV_AC_RP(1.0),07/08/24 23:00:00,Annual,"Euro per kilogram, chain linked volumes (2015)",Belgium,2016,2.8933,,
ESTAT:ENV_AC_RP(1.0),07/08/24 23:00:00,Annual,"Euro per kilogram, chain linked volumes (2015)",Belgium,2017,2.8744,,
ESTAT:ENV_AC_RP(1.0),07/08/24 23:00:00,Annual,"Euro per kilogram, chain linked volumes (2015)",Belgium,2018,3.0398,,
ESTAT:ENV_AC_RP(1.0),07/08/24 23:00:00,Annual,"Euro per kilogram, chain linked volumes (2015)",Belgium,2019,2.9823,,
ESTAT:ENV_AC_RP(1.0),07/08/24 23:00:00,Annual,"Euro per kilogram, chain linked volumes (2015)",Belgium,2020,3.083,,
ESTAT:ENV_AC_RP(1.0),07/08/24 23:00:00,Annual,"Euro per kilogram, chain linked volumes (2015)",Belgium,2021,3.3535,,
ESTAT:ENV_AC_RP(1.0),07/08/24 23:00:00,Annual,"Euro per kilogram, chain linked volumes (2015)",Belgium,2022,3.1213,,
ESTAT:ENV_AC_RP(1.0),07/08/24 23:00:00,Annual,"Euro per kilogram, chain linked volumes (2015)",Belgium,2023,2.8439,e,
ESTAT:ENV_AC_RP(1.0),07/08/24 23:00:00,Annual,"Euro per kilogram, chain linked volumes (2015)",Bulgaria,2000,0.2715,,
ESTAT:ENV_AC_RP(1.0),07/08/24 23:00:00,Annual,"Euro per kilogram, chain linked volumes (2015)",Bulgaria,2001,0.2639,e,
ESTAT:ENV_AC_RP(1.0),07/08/24 23:00:00,Annual,"Euro per kilogram, chain linked volumes (2015)",Bulgaria,2002,0.2737,e,
ESTAT:ENV_AC_RP(1.0),07/08/24 23:00:00,Annual,"Euro per kilogram, chain linked volumes (2015)",Bulgaria,2003,0.2848,e,
ESTAT:ENV_AC_RP(1.0),07/08/24 23:00:00,Annual,"Euro per kilogram, chain linked volumes (2015)",Bulgaria,2004,0.2701,e,
ESTAT:ENV_AC_RP(1.0),07/08/24 23:00:00,Annual,"Euro per kilogram, chain linked volumes (2015)",Bulgaria,2005,0.2854,e,
ESTAT:ENV_AC_RP(1.0),07/08/24 23:00:00,Annual,"Euro per kilogram, chain linked volumes (2015)",Bulgaria,2006,0.2805,e,
ESTAT:ENV_AC_RP(1.0),07/08/24 23:00:00,Annual,"Euro per kilogram, chain linked volumes (2015)",Bulgaria,2007,0.2897,e,
ESTAT:ENV_AC_RP(1.0),07/08/24 23:00:00,Annual,"Euro per kilogram, chain linked volumes (2015)",Bulgaria,2008,0.2852,e,
ESTAT:ENV_AC_RP(1.0),07/08/24 23:00:00,Annual,"Euro per kilogram, chain linked volumes (2015)",Bulgaria,2009,0.345,e,
ESTAT:ENV_AC_RP(1.0),07/08/24 23:00:00,Annual,"Euro per kilogram, chain linked volumes (2015)",Bulgaria,2010,0.3552,e,
ESTAT:ENV_AC_RP(1.0),07/08/24 23:00:00,Annual,"Euro per kilogram, chain linked volumes (2015)",Bulgaria,2011,0.3275,e,
ESTAT:ENV_AC_RP(1.0),07/08/24 23:00:00,Annual,"Euro per kilogram, chain linked volumes (2015)",Bulgaria,2012,0.3433,e,
ESTAT:ENV_AC_RP(1.0),07/08/24 23:00:00,Annual,"Euro per kilogram, chain linked volumes (2015)",Bulgaria,2013,0.3536,e,
ESTAT:ENV_AC_RP(1.0),07/08/24 23:00:00,Annual,"Euro per kilogram, chain linked volumes (2015)",Bulgaria,2014,0.3257,,
ESTAT:ENV_AC_RP(1.0),07/08/24 23:00:00,Annual,"Euro per kilogram, chain linked volumes (2015)",Bulgaria,2015,0.2995,,
ESTAT:ENV_AC_RP(1.0),07/08/24 23:00:00,Annual,"Euro per kilogram, chain linked volumes (2015)",Bulgaria,2016,0.3498,e,
ESTAT:ENV_AC_RP(1.0),07/08/24 23:00:00,Annual,"Euro per kilogram, chain linked volumes (2015)",Bulgaria,2017,0.3483,,
ESTAT:ENV_AC_RP(1.0),07/08/24 23:00:00,Annual,"Euro per kilogram, chain linked volumes (2015)",Bulgaria,2018,0.3487,,
ESTAT:ENV_AC_RP(1.0),07/08/24 23:00:00,Annual,"Euro per kilogram, chain linked volumes (2015)",Bulgaria,2019,0.3599,,
ESTAT:ENV_AC_RP(1.0),07/08/24 23:00:00,Annual,"Euro per kilogram, chain linked volumes (2015)",Bulgaria,2020,0.3512,,
ESTAT:ENV_AC_RP(1.0),07/08/24 23:00:00,Annual,"Euro per kilogram, chain linked volumes (2015)",Bulgaria,2021,0.3417,,
ESTAT:ENV_AC_RP(1.0),07/08/24 23:00:00,Annual,"Euro per kilogram, chain linked volumes (2015)",Bulgaria,2022,0.3428,,
ESTAT:ENV_AC_RP(1.0),07/08/24 23:00:00,Annual,"Euro per kilogram, chain linked volumes (2015)",Bulgaria,2023,0.3886,i,
ESTAT:ENV_AC_RP(1.0),07/08/24 23:00:00,Annual,"Euro per kilogram, chain linked volumes (2015)",Switzerland,2000,5.2776,,
ESTAT:ENV_AC_RP(1.0),07/08/24 23:00:00,Annual,"Euro per kilogram, chain linked volumes (2015)",Switzerland,2001,5.3593,,
ESTAT:ENV_AC_RP(1.0),07/08/24 23:00:00,Annual,"Euro per kilogram, chain linked volumes (2015)",Switzerland,2002,5.4636,b,
ESTAT:ENV_AC_RP(1.0),07/08/24 23:00:00,Annual,"Euro per kilogram, chain linked volumes (2015)",Switzerland,2003,5.6773,,
ESTAT:ENV_AC_RP(1.0),07/08/24 23:00:00,Annual,"Euro per kilogram, chain linked volumes (2015)",Switzerland,2004,5.4366,,
ESTAT:ENV_AC_RP(1.0),07/08/24 23:00:00,Annual,"Euro per kilogram, chain linked volumes (2015)",Switzerland,2005,5.5133,,
ESTAT:ENV_AC_RP(1.0),07/08/24 23:00:00,Annual,"Euro per kilogram, chain linked volumes (2015)",Switzerland,2006,5.6666,,
ESTAT:ENV_AC_RP(1.0),07/08/24 23:00:00,Annual,"Euro per kilogram, chain linked volumes (2015)",Switzerland,2007,5.8723,,
ESTAT:ENV_AC_RP(1.0),07/08/24 23:00:00,Annual,"Euro per kilogram, chain linked volumes (2015)",Switzerland,2008,5.9523,,
ESTAT:ENV_AC_RP(1.0),07/08/24 23:00:00,Annual,"Euro per kilogram, chain linked volumes (2015)",Switzerland,2009,5.8104,,
ESTAT:ENV_AC_RP(1.0),07/08/24 23:00:00,Annual,"Euro per kilogram, chain linked volumes (2015)",Switzerland,2010,5.8506,,
ESTAT:ENV_AC_RP(1.0),07/08/24 23:00:00,Annual,"Euro per kilogram, chain linked volumes (2015)",Switzerland,2011,5.8217,,
ESTAT:ENV_AC_RP(1.0),07/08/24 23:00:00,Annual,"Euro per kilogram, chain linked volumes (2015)",Switzerland,2012,6.0474,,
ESTAT:ENV_AC_RP(1.0),07/08/24 23:00:00,Annual,"Euro per kilogram, chain linked volumes (2015)",Switzerland,2013,6.0161,,
ESTAT:ENV_AC_RP(1.0),07/08/24 23:00:00,Annual,"Euro per kilogram, chain linked volumes (2015)",Switzerland,2014,6.036,,
ESTAT:ENV_AC_RP(1.0),07/08/24 23:00:00,Annual,"Euro per kilogram, chain linked volumes (2015)",Switzerland,2015,6.5675,,
ESTAT:ENV_AC_RP(1.0),07/08/24 23:00:00,Annual,"Euro per kilogram, chain linked volumes (2015)",Switzerland,2016,6.5117,,
ESTAT:ENV_AC_RP(1.0),07/08/24 23:00:00,Annual,"Euro per kilogram, chain linked volumes (2015)",Switzerland,2017,6.7598,,
ESTAT:ENV_AC_RP(1.0),07/08/24 23:00:00,Annual,"Euro per kilogram, chain linked volumes (2015)",Switzerland,2018,7.1444,,
ESTAT:ENV_AC_RP(1.0),07/08/24 23:00:00,Annual,"Euro per kilogram, chain linked volumes (2015)",Switzerland,2019,7.132,,
ESTAT:ENV_AC_RP(1.0),07/08/24 23:00:00,Annual,"Euro per kilogram, chain linked volumes (2015)",Switzerland,2020,7.2502,,
ESTAT:ENV_AC_RP(1.0),07/08/24 23:00:00,Annual,"Euro per kilogram, chain linked volumes (2015)",Switzerland,2021,7.6141,,
ESTAT:ENV_AC_RP(1.0),07/08/24 23:00:00,Annual,"Euro per kilogram, chain linked volumes (2015)",Switzerland,2022,7.8294,,
ESTAT:ENV_AC_RP(1.0),07/08/24 23:00:00,Annual,"Euro per kilogram, chain linked volumes (2015)",Switzerland,2023,8.3123,e,
ESTAT:ENV_AC_RP(1.0),07/08/24 23:00:00,Annual,"Euro per kilogram, chain linked volumes (2015)",Cyprus,2000,0.8297,i,
ESTAT:ENV_AC_RP(1.0),07/08/24 23:00:00,Annual,"Euro per kilogram, chain linked volumes (2015)",Cyprus,2001,0.8624,i,
ESTAT:ENV_AC_RP(1.0),07/08/24 23:00:00,Annual,"Euro per kilogram, chain linked volumes (2015)",Cyprus,2002,0.8243,i,
ESTAT:ENV_AC_RP(1.0),07/08/24 23:00:00,Annual,"Euro per kilogram, chain linked volumes (2015)",Cyprus,2003,0.9614,i,
ESTAT:ENV_AC_RP(1.0),07/08/24 23:00:00,Annual,"Euro per kilogram, chain linked volumes (2015)",Cyprus,2004,0.9035,i,
ESTAT:ENV_AC_RP(1.0),07/08/24 23:00:00,Annual,"Euro per kilogram, chain linked volumes (2015)",Cyprus,2005,0.9275,i,
ESTAT:ENV_AC_RP(1.0),07/08/24 23:00:00,Annual,"Euro per kilogram, chain linked volumes (2015)",Cyprus,2006,0.9817,i,
ESTAT:ENV_AC_RP(1.0),07/08/24 23:00:00,Annual,"Euro per kilogram, chain linked volumes (2015)",Cyprus,2007,0.8961,i,
ESTAT:ENV_AC_RP(1.0),07/08/24 23:00:00,Annual,"Euro per kilogram, chain linked volumes (2015)",Cyprus,2008,0.6173,,
ESTAT:ENV_AC_RP(1.0),07/08/24 23:00:00,Annual,"Euro per kilogram, chain linked volumes (2015)",Cyprus,2009,0.7701,,
ESTAT:ENV_AC_RP(1.0),07/08/24 23:00:00,Annual,"Euro per kilogram, chain linked volumes (2015)",Cyprus,2010,0.8456,,
ESTAT:ENV_AC_RP(1.0),07/08/24 23:00:00,Annual,"Euro per kilogram, chain linked volumes (2015)",Cyprus,2011,0.865,,
ESTAT:ENV_AC_RP(1.0),07/08/24 23:00:00,Annual,"Euro per kilogram, chain linked volumes (2015)",Cyprus,2012,1.1384,,
ESTAT:ENV_AC_RP(1.0),07/08/24 23:00:00,Annual,"Euro per kilogram, chain linked volumes (2015)",Cyprus,2013,1.4731,,
ESTAT:ENV_AC_RP(1.0),07/08/24 23:00:00,Annual,"Euro per kilogram, chain linked volumes (2015)",Cyprus,2014,1.4573,,
ESTAT:ENV_AC_RP(1.0),07/08/24 23:00:00,Annual,"Euro per kilogram, chain linked volumes (2015)",Cyprus,2015,1.4997,,
ESTAT:ENV_AC_RP(1.0),07/08/24 23:00:00,Annual,"Euro per kilogram, chain linked volumes (2015)",Cyprus,2016,1.4369,,
ESTAT:ENV_AC_RP(1.0),07/08/24 23:00:00,Annual,"Euro per kilogram, chain linked volumes (2015)",Cyprus,2017,1.2815,,
ESTAT:ENV_AC_RP(1.0),07/08/24 23:00:00,Annual,"Euro per kilogram, chain linked volumes (2015)",Cyprus,2018,1.3595,,
ESTAT:ENV_AC_RP(1.0),07/08/24 23:00:00,Annual,"Euro per kilogram, chain linked volumes (2015)",Cyprus,2019,1.332,,
ESTAT:ENV_AC_RP(1.0),07/08/24 23:00:00,Annual,"Euro per kilogram, chain linked volumes (2015)",Cyprus,2020,1.3385,,
ESTAT:ENV_AC_RP(1.0),07/08/24 23:00:00,Annual,"Euro per kilogram, chain linked volumes (2015)",Cyprus,2021,1.3611,,
ESTAT:ENV_AC_RP(1.0),07/08/24 23:00:00,Annual,"Euro per kilogram, chain linked volumes (2015)",Cyprus,2022,1.4493,,
ESTAT:ENV_AC_RP(1.0),07/08/24 23:00:00,Annual,"Euro per kilogram, chain linked volumes (2015)",Cyprus,2023,1.3609,i,
ESTAT:ENV_AC_RP(1.0),07/08/24 23:00:00,Annual,"Euro per kilogram, chain linked volumes (2015)",Czechia,2000,0.6448,,
ESTAT:ENV_AC_RP(1.0),07/08/24 23:00:00,Annual,"Euro per kilogram, chain linked volumes (2015)",Czechia,2001,0.6565,,
ESTAT:ENV_AC_RP(1.0),07/08/24 23:00:00,Annual,"Euro per kilogram, chain linked volumes (2015)",Czechia,2002,0.6985,,
ESTAT:ENV_AC_RP(1.0),07/08/24 23:00:00,Annual,"Euro per kilogram, chain linked volumes (2015)",Czechia,2003,0.7016,,
ESTAT:ENV_AC_RP(1.0),07/08/24 23:00:00,Annual,"Euro per kilogram, chain linked volumes (2015)",Czechia,2004,0.6922,,
ESTAT:ENV_AC_RP(1.0),07/08/24 23:00:00,Annual,"Euro per kilogram, chain linked volumes (2015)",Czechia,2005,0.7423,,
ESTAT:ENV_AC_RP(1.0),07/08/24 23:00:00,Annual,"Euro per kilogram, chain linked volumes (2015)",Czechia,2006,0.7673,,
ESTAT:ENV_AC_RP(1.0),07/08/24 23:00:00,Annual,"Euro per kilogram, chain linked volumes (2015)",Czechia,2007,0.7977,,
ESTAT:ENV_AC_RP(1.0),07/08/24 23:00:00,Annual,"Euro per kilogram, chain linked volumes (2015)",Czechia,2008,0.8316,,
ESTAT:ENV_AC_RP(1.0),07/08/24 23:00:00,Annual,"Euro per kilogram, chain linked volumes (2015)",Czechia,2009,0.8674,,
ESTAT:ENV_AC_RP(1.0),07/08/24 23:00:00,Annual,"Euro per kilogram, chain linked volumes (2015)",Czechia,2010,0.938,,
ESTAT:ENV_AC_RP(1.0),07/08/24 23:00:00,Annual,"Euro per kilogram, chain linked volumes (2015)",Czechia,2011,0.9043,,
ESTAT:ENV_AC_RP(1.0),07/08/24 23:00:00,Annual,"Euro per kilogram, chain linked volumes (2015)",Czechia,2012,1.009,,
ESTAT:ENV_AC_RP(1.0),07/08/24 23:00:00,Annual,"Euro per kilogram, chain linked volumes (2015)",Czechia,2013,1.0245,,
ESTAT:ENV_AC_RP(1.0),07/08/24 23:00:00,Annual,"Euro per kilogram, chain linked volumes (2015)",Czechia,2014,1.013,,
ESTAT:ENV_AC_RP(1.0),07/08/24 23:00:00,Annual,"Euro per kilogram, chain linked volumes (2015)",Czechia,2015,1.02,,
ESTAT:ENV_AC_RP(1.0),07/08/24 23:00:00,Annual,"Euro per kilogram, chain linked volumes (2015)",Czechia,2016,1.0606,,
ESTAT:ENV_AC_RP(1.0),07/08/24 23:00:00,Annual,"Euro per kilogram, chain linked volumes (2015)",Czechia,2017,1.0991,,
ESTAT:ENV_AC_RP(1.0),07/08/24 23:00:00,Annual,"Euro per kilogram, chain linked volumes (2015)",Czechia,2018,1.1122,,
ESTAT:ENV_AC_RP(1.0),07/08/24 23:00:00,Annual,"Euro per kilogram, chain linked volumes (2015)",Czechia,2019,1.1414,,
ESTAT:ENV_AC_RP(1.0),07/08/24 23:00:00,Annual,"Euro per kilogram, chain linked volumes (2015)",Czechia,2020,1.1672,,
ESTAT:ENV_AC_RP(1.0),07/08/24 23:00:00,Annual,"Euro per kilogram, chain linked volumes (2015)",Czechia,2021,1.1578,,
ESTAT:ENV_AC_RP(1.0),07/08/24 23:00:00,Annual,"Euro per kilogram, chain linked volumes (2015)",Czechia,2022,1.1814,,
ESTAT:ENV_AC_RP(1.0),07/08/24 23:00:00,Annual,"Euro per kilogram, chain linked volumes (2015)",Czechia,2023,1.2178,i,
ESTAT:ENV_AC_RP(1.0),07/08/24 23:00:00,Annual,"Euro per kilogram, chain linked volumes (2015)",Germany,2000,1.7817,,
ESTAT:ENV_AC_RP(1.0),07/08/24 23:00:00,Annual,"Euro per kilogram, chain linked volumes (2015)",Germany,2001,1.9144,,
ESTAT:ENV_AC_RP(1.0),07/08/24 23:00:00,Annual,"Euro per kilogram, chain linked volumes (2015)",Germany,2002,1.9547,,
ESTAT:ENV_AC_RP(1.0),07/08/24 23:00:00,Annual,"Euro per kilogram, chain linked volumes (2015)",Germany,2003,1.9664,,
ESTAT:ENV_AC_RP(1.0),07/08/24 23:00:00,Annual,"Euro per kilogram, chain linked volumes (2015)",Germany,2004,1.9781,,
ESTAT:ENV_AC_RP(1.0),07/08/24 23:00:00,Annual,"Euro per kilogram, chain linked volumes (2015)",Germany,2005,2.0451,,
ESTAT:ENV_AC_RP(1.0),07/08/24 23:00:00,Annual,"Euro per kilogram, chain linked volumes (2015)",Germany,2006,2.0663,,
ESTAT:ENV_AC_RP(1.0),07/08/24 23:00:00,Annual,"Euro per kilogram, chain linked volumes (2015)",Germany,2007,2.1387,,
ESTAT:ENV_AC_RP(1.0),07/08/24 23:00:00,Annual,"Euro per kilogram, chain linked volumes (2015)",Germany,2008,2.1898,,
ESTAT:ENV_AC_RP(1.0),07/08/24 23:00:00,Annual,"Euro per kilogram, chain linked volumes (2015)",Germany,2009,2.1716,,
ESTAT:ENV_AC_RP(1.0),07/08/24 23:00:00,Annual,"Euro per kilogram, chain linked volumes (2015)",Germany,2010,2.2462,,
ESTAT:ENV_AC_RP(1.0),07/08/24 23:00:00,Annual,"Euro per kilogram, chain linked volumes (2015)",Germany,2011,2.1868,,
ESTAT:ENV_AC_RP(1.0),07/08/24 23:00:00,Annual,"Euro per kilogram, chain linked volumes (2015)",Germany,2012,2.2748,,
ESTAT:ENV_AC_RP(1.0),07/08/24 23:00:00,Annual,"Euro per kilogram, chain linked volumes (2015)",Germany,2013,2.2837,,
ESTAT:ENV_AC_RP(1.0),07/08/24 23:00:00,Annual,"Euro per kilogram, chain linked volumes (2015)",Germany,2014,2.3124,,
ESTAT:ENV_AC_RP(1.0),07/08/24 23:00:00,Annual,"Euro per kilogram, chain linked volumes (2015)",Germany,2015,2.4225,,
ESTAT:ENV_AC_RP(1.0),07/08/24 23:00:00,Annual,"Euro per kilogram, chain linked volumes (2015)",Germany,2016,2.4466,,
ESTAT:ENV_AC_RP(1.0),07/08/24 23:00:00,Annual,"Euro per kilogram, chain linked volumes (2015)",Germany,2017,2.4776,,
ESTAT:ENV_AC_RP(1.0),07/08/24 23:00:00,Annual,"Euro per kilogram, chain linked volumes (2015)",Germany,2018,2.5867,,
ESTAT:ENV_AC_RP(1.0),07/08/24 23:00:00,Annual,"Euro per kilogram, chain linked volumes (2015)",Germany,2019,2.7055,,
ESTAT:ENV_AC_RP(1.0),07/08/24 23:00:00,Annual,"Euro per kilogram, chain linked volumes (2015)",Germany,2020,2.684,,
ESTAT:ENV_AC_RP(1.0),07/08/24 23:00:00,Annual,"Euro per kilogram, chain linked volumes (2015)",Germany,2021,2.6899,,
ESTAT:ENV_AC_RP(1.0),07/08/24 23:00:00,Annual,"Euro per kilogram, chain linked volumes (2015)",Germany,2022,2.8645,,
ESTAT:ENV_AC_RP(1.0),07/08/24 23:00:00,Annual,"Euro per kilogram, chain linked volumes (2015)",Germany,2023,3.0421,i,
ESTAT:ENV_AC_RP(1.0),07/08/24 23:00:00,Annual,"Euro per kilogram, chain linked volumes (2015)",Denmark,2000,1.7325,,
ESTAT:ENV_AC_RP(1.0),07/08/24 23:00:00,Annual,"Euro per kilogram, chain linked volumes (2015)",Denmark,2001,1.782,,
ESTAT:ENV_AC_RP(1.0),07/08/24 23:00:00,Annual,"Euro per kilogram, chain linked volumes (2015)",Denmark,2002,1.8693,,
ESTAT:ENV_AC_RP(1.0),07/08/24 23:00:00,Annual,"Euro per kilogram, chain linked volumes (2015)",Denmark,2003,1.8247,,
ESTAT:ENV_AC_RP(1.0),07/08/24 23:00:00,Annual,"Euro per kilogram, chain linked volumes (2015)",Denmark,2004,1.7824,,
ESTAT:ENV_AC_RP(1.0),07/08/24 23:00:00,Annual,"Euro per kilogram, chain linked volumes (2015)",Denmark,2005,1.6828,,
ESTAT:ENV_AC_RP(1.0),07/08/24 23:00:00,Annual,"Euro per kilogram, chain linked volumes (2015)",Denmark,2006,1.6424,,
ESTAT:ENV_AC_RP(1.0),07/08/24 23:00:00,Annual,"Euro per kilogram, chain linked volumes (2015)",Denmark,2007,1.7112,,
ESTAT:ENV_AC_RP(1.0),07/08/24 23:00:00,Annual,"Euro per kilogram, chain linked volumes (2015)",Denmark,2008,1.7779,,
ESTAT:ENV_AC_RP(1.0),07/08/24 23:00:00,Annual,"Euro per kilogram, chain linked volumes (2015)",Denmark,2009,2.0089,,
ESTAT:ENV_AC_RP(1.0),07/08/24 23:00:00,Annual,"Euro per kilogram, chain linked volumes (2015)",Denmark,2010,2.1769,,
ESTAT:ENV_AC_RP(1.0),07/08/24 23:00:00,Annual,"Euro per kilogram, chain linked volumes (2015)",Denmark,2011,1.9789,,
ESTAT:ENV_AC_RP(1.0),07/08/24 23:00:00,Annual,"Euro per kilogram, chain linked volumes (2015)",Denmark,2012,1.971,,
ESTAT:ENV_AC_RP(1.0),07/08/24 23:00:00,Annual,"Euro per kilogram, chain linked volumes (2015)",Denmark,2013,2.1162,,
ESTAT:ENV_AC_RP(1.0),07/08/24 23:00:00,Annual,"Euro per kilogram, chain linked volumes (2015)",Denmark,2014,2.1329,,
ESTAT:ENV_AC_RP(1.0),07/08/24 23:00:00,Annual,"Euro per kilogram, chain linked volumes (2015)",Denmark,2015,2.0924,,
ESTAT:ENV_AC_RP(1.0),07/08/24 23:00:00,Annual,"Euro per kilogram, chain linked volumes (2015)",Denmark,2016,2.0947,,
ESTAT:ENV_AC_RP(1.0),07/08/24 23:00:00,Annual,"Euro per kilogram, chain linked volumes (2015)",Denmark,2017,2.0831,,
ESTAT:ENV_AC_RP(1.0),07/08/24 23:00:00,Annual,"Euro per kilogram, chain linked volumes (2015)",Denmark,2018,2.1136,,
ESTAT:ENV_AC_RP(1.0),07/08/24 23:00:00,Annual,"Euro per kilogram, chain linked volumes (2015)",Denmark,2019,2.1276,,
ESTAT:ENV_AC_RP(1.0),07/08/24 23:00:00,Annual,"Euro per kilogram, chain linked volumes (2015)",Denmark,2020,2.1474,,
ESTAT:ENV_AC_RP(1.0),07/08/24 23:00:00,Annual,"Euro per kilogram, chain linked volumes (2015)",Denmark,2021,2.2098,,
ESTAT:ENV_AC_RP(1.0),07/08/24 23:00:00,Annual,"Euro per kilogram, chain linked volumes (2015)",Denmark,2022,2.1551,,
ESTAT:ENV_AC_RP(1.0),07/08/24 23:00:00,Annual,"Euro per kilogram, chain linked volumes (2015)",Denmark,2023,2.3567,i,
ESTAT:ENV_AC_RP(1.0),07/08/24 23:00:00,Annual,"Euro per kilogram, chain linked volumes (2015)",Estonia,2000,0.5777,,
ESTAT:ENV_AC_RP(1.0),07/08/24 23:00:00,Annual,"Euro per kilogram, chain linked volumes (2015)",Estonia,2001,0.602,,
ESTAT:ENV_AC_RP(1.0),07/08/24 23:00:00,Annual,"Euro per kilogram, chain linked volumes (2015)",Estonia,2002,0.5845,,
ESTAT:ENV_AC_RP(1.0),07/08/24 23:00:00,Annual,"Euro per kilogram, chain linked volumes (2015)",Estonia,2003,0.4829,,
ESTAT:ENV_AC_RP(1.0),07/08/24 23:00:00,Annual,"Euro per kilogram, chain linked volumes (2015)",Estonia,2004,0.54,,
ESTAT:ENV_AC_RP(1.0),07/08/24 23:00:00,Annual,"Euro per kilogram, chain linked volumes (2015)",Estonia,2005,0.5774,,
ESTAT:ENV_AC_RP(1.0),07/08/24 23:00:00,Annual,"Euro per kilogram, chain linked volumes (2015)",Estonia,2006,0.5978,,
ESTAT:ENV_AC_RP(1.0),07/08/24 23:00:00,Annual,"Euro per kilogram, chain linked volumes (2015)",Estonia,2007,0.5445,,
ESTAT:ENV_AC_RP(1.0),07/08/24 23:00:00,Annual,"Euro per kilogram, chain linked volumes (2015)",Estonia,2008,0.5911,,
ESTAT:ENV_AC_RP(1.0),07/08/24 23:00:00,Annual,"Euro per kilogram, chain linked volumes (2015)",Estonia,2009,0.5221,,
ESTAT:ENV_AC_RP(1.0),07/08/24 23:00:00,Annual,"Euro per kilogram, chain linked volumes (2015)",Estonia,2010,0.5402,,
ESTAT:ENV_AC_RP(1.0),07/08/24 23:00:00,Annual,"Euro per kilogram, chain linked volumes (2015)",Estonia,2011,0.5375,,
ESTAT:ENV_AC_RP(1.0),07/08/24 23:00:00,Annual,"Euro per kilogram, chain linked volumes (2015)",Estonia,2012,0.5464,,
ESTAT:ENV_AC_RP(1.0),07/08/24 23:00:00,Annual,"Euro per kilogram, chain linked volumes (2015)",Estonia,2013,0.5244,,
ESTAT:ENV_AC_RP(1.0),07/08/24 23:00:00,Annual,"Euro per kilogram, chain linked volumes (2015)",Estonia,2014,0.5677,,
ESTAT:ENV_AC_RP(1.0),07/08/24 23:00:00,Annual,"Euro per kilogram, chain linked volumes (2015)",Estonia,2015,0.5835,,
ESTAT:ENV_AC_RP(1.0),07/08/24 23:00:00,Annual,"Euro per kilogram, chain linked volumes (2015)",Estonia,2016,0.6224,,
ESTAT:ENV_AC_RP(1.0),07/08/24 23:00:00,Annual,"Euro per kilogram, chain linked volumes (2015)",Estonia,2017,0.5549,,
ESTAT:ENV_AC_RP(1.0),07/08/24 23:00:00,Annual,"Euro per kilogram, chain linked volumes (2015)",Estonia,2018,0.5549,,
ESTAT:ENV_AC_RP(1.0),07/08/24 23:00:00,Annual,"Euro per kilogram, chain linked volumes (2015)",Estonia,2019,0.6406,,
ESTAT:ENV_AC_RP(1.0),07/08/24 23:00:00,Annual,"Euro per kilogram, chain linked volumes (2015)",Estonia,2020,0.664,,
ESTAT:ENV_AC_RP(1.0),07/08/24 23:00:00,Annual,"Euro per kilogram, chain linked volumes (2015)",Estonia,2021,0.7403,,
ESTAT:ENV_AC_RP(1.0),07/08/24 23:00:00,Annual,"Euro per kilogram, chain linked volumes (2015)",Estonia,2022,0.6972,,
ESTAT:ENV_AC_RP(1.0),07/08/24 23:00:00,Annual,"Euro per kilogram, chain linked volumes (2015)",Estonia,2023,0.6372,i,
ESTAT:ENV_AC_RP(1.0),07/08/24 23:00:00,Annual,"Euro per kilogram, chain linked volumes (2015)",Greece,2000,1.1297,i,
ESTAT:ENV_AC_RP(1.0),07/08/24 23:00:00,Annual,"Euro per kilogram, chain linked volumes (2015)",Greece,2001,1.111,i,
ESTAT:ENV_AC_RP(1.0),07/08/24 23:00:00,Annual,"Euro per kilogram, chain linked volumes (2015)",Greece,2002,1.1254,i,
ESTAT:ENV_AC_RP(1.0),07/08/24 23:00:00,Annual,"Euro per kilogram, chain linked volumes (2015)",Greece,2003,1.0851,i,
ESTAT:ENV_AC_RP(1.0),07/08/24 23:00:00,Annual,"Euro per kilogram, chain linked volumes (2015)",Greece,2004,1.1606,i,
ESTAT:ENV_AC_RP(1.0),07/08/24 23:00:00,Annual,"Euro per kilogram, chain linked volumes (2015)",Greece,2005,1.1676,i,
ESTAT:ENV_AC_RP(1.0),07/08/24 23:00:00,Annual,"Euro per kilogram, chain linked volumes (2015)",Greece,2006,1.2557,i,
ESTAT:ENV_AC_RP(1.0),07/08/24 23:00:00,Annual,"Euro per kilogram, chain linked volumes (2015)",Greece,2007,0.9478,i,
ESTAT:ENV_AC_RP(1.0),07/08/24 23:00:00,Annual,"Euro per kilogram, chain linked volumes (2015)",Greece,2008,0.9526,,
ESTAT:ENV_AC_RP(1.0),07/08/24 23:00:00,Annual,"Euro per kilogram, chain linked volumes (2015)",Greece,2009,1.0575,,
ESTAT:ENV_AC_RP(1.0),07/08/24 23:00:00,Annual,"Euro per kilogram, chain linked volumes (2015)",Greece,2010,1.1411,,
ESTAT:ENV_AC_RP(1.0),07/08/24 23:00:00,Annual,"Euro per kilogram, chain linked volumes (2015)",Greece,2011,1.1249,,
ESTAT:ENV_AC_RP(1.0),07/08/24 23:00:00,Annual,"Euro per kilogram, chain linked volumes (2015)",Greece,2012,1.1342,,
ESTAT:ENV_AC_RP(1.0),07/08/24 23:00:00,Annual,"Euro per kilogram, chain linked volumes (2015)",Greece,2013,1.191,,
ESTAT:ENV_AC_RP(1.0),07/08/24 23:00:00,Annual,"Euro per kilogram, chain linked volumes (2015)",Greece,2014,1.163,,
ESTAT:ENV_AC_RP(1.0),07/08/24 23:00:00,Annual,"Euro per kilogram, chain linked volumes (2015)",Greece,2015,1.2182,,
ESTAT:ENV_AC_RP(1.0),07/08/24 23:00:00,Annual,"Euro per kilogram, chain linked volumes (2015)",Greece,2016,1.2839,,
ESTAT:ENV_AC_RP(1.0),07/08/24 23:00:00,Annual,"Euro per kilogram, chain linked volumes (2015)",Greece,2017,1.3153,,
ESTAT:ENV_AC_RP(1.0),07/08/24 23:00:00,Annual,"Euro per kilogram, chain linked volumes (2015)",Greece,2018,1.3758,,
ESTAT:ENV_AC_RP(1.0),07/08/24 23:00:00,Annual,"Euro per kilogram, chain linked volumes (2015)",Greece,2019,1.4765,,
ESTAT:ENV_AC_RP(1.0),07/08/24 23:00:00,Annual,"Euro per kilogram, chain linked volumes (2015)",Greece,2020,1.5231,,
ESTAT:ENV_AC_RP(1.0),07/08/24 23:00:00,Annual,"Euro per kilogram, chain linked volumes (2015)",Greece,2021,1.6194,b,
ESTAT:ENV_AC_RP(1.0),07/08/24 23:00:00,Annual,"Euro per kilogram, chain linked volumes (2015)",Greece,2022,1.6783,,
ESTAT:ENV_AC_RP(1.0),07/08/24 23:00:00,Annual,"Euro per kilogram, chain linked volumes (2015)",Greece,2023,1.7108,i,
ESTAT:ENV_AC_RP(1.0),07/08/24 23:00:00,Annual,"Euro per kilogram, chain linked volumes (2015)",Spain,2000,1.2686,,
ESTAT:ENV_AC_RP(1.0),07/08/24 23:00:00,Annual,"Euro per kilogram, chain linked volumes (2015)",Spain,2001,1.2806,,
ESTAT:ENV_AC_RP(1.0),07/08/24 23:00:00,Annual,"Euro per kilogram, chain linked volumes (2015)",Spain,2002,1.2074,,
ESTAT:ENV_AC_RP(1.0),07/08/24 23:00:00,Annual,"Euro per kilogram, chain linked volumes (2015)",Spain,2003,1.1777,,
ESTAT:ENV_AC_RP(1.0),07/08/24 23:00:00,Annual,"Euro per kilogram, chain linked volumes (2015)",Spain,2004,1.1797,,
ESTAT:ENV_AC_RP(1.0),07/08/24 23:00:00,Annual,"Euro per kilogram, chain linked volumes (2015)",Spain,2005,1.1848,,
ESTAT:ENV_AC_RP(1.0),07/08/24 23:00:00,Annual,"Euro per kilogram, chain linked volumes (2015)",Spain,2006,1.1772,,
ESTAT:ENV_AC_RP(1.0),07/08/24 23:00:00,Annual,"Euro per kilogram, chain linked volumes (2015)",Spain,2007,1.1908,,
ESTAT:ENV_AC_RP(1.0),07/08/24 23:00:00,Annual,"Euro per kilogram, chain linked volumes (2015)",Spain,2008,1.3786,b,
ESTAT:ENV_AC_RP(1.0),07/08/24 23:00:00,Annual,"Euro per kilogram, chain linked volumes (2015)",Spain,2009,1.6254,,
ESTAT:ENV_AC_RP(1.0),07/08/24 23:00:00,Annual,"Euro per kilogram, chain linked volumes (2015)",Spain,2010,1.833,,
ESTAT:ENV_AC_RP(1.0),07/08/24 23:00:00,Annual,"Euro per kilogram, chain linked volumes (2015)",Spain,2011,2.0603,,
ESTAT:ENV_AC_RP(1.0),07/08/24 23:00:00,Annual,"Euro per kilogram, chain linked volumes (2015)",Spain,2012,2.5129,,
ESTAT:ENV_AC_RP(1.0),07/08/24 23:00:00,Annual,"Euro per kilogram, chain linked volumes (2015)",Spain,2013,2.6389,,
ESTAT:ENV_AC_RP(1.0),07/08/24 23:00:00,Annual,"Euro per kilogram, chain linked volumes (2015)",Spain,2014,2.6489,,
ESTAT:ENV_AC_RP(1.0),07/08/24 23:00:00,Annual,"Euro per kilogram, chain linked volumes (2015)",Spain,2015,2.6311,,
ESTAT:ENV_AC_RP(1.0),07/08/24 23:00:00,Annual,"Euro per kilogram, chain linked volumes (2015)",Spain,2016,2.7776,,
ESTAT:ENV_AC_RP(1.0),07/08/24 23:00:00,Annual,"Euro per kilogram, chain linked volumes (2015)",Spain,2017,2.8016,,
ESTAT:ENV_AC_RP(1.0),07/08/24 23:00:00,Annual,"Euro per kilogram, chain linked volumes (2015)",Spain,2018,2.6258,,
ESTAT:ENV_AC_RP(1.0),07/08/24 23:00:00,Annual,"Euro per kilogram, chain linked volumes (2015)",Spain,2019,2.7341,,
ESTAT:ENV_AC_RP(1.0),07/08/24 23:00:00,Annual,"Euro per kilogram, chain linked volumes (2015)",Spain,2020,2.4936,,
ESTAT:ENV_AC_RP(1.0),07/08/24 23:00:00,Annual,"Euro per kilogram, chain linked volumes (2015)",Spain,2021,2.572,,
ESTAT:ENV_AC_RP(1.0),07/08/24 23:00:00,Annual,"Euro per kilogram, chain linked volumes (2015)",Spain,2022,2.8456,,
ESTAT:ENV_AC_RP(1.0),07/08/24 23:00:00,Annual,"Euro per kilogram, chain linked volumes (2015)",Spain,2023,3.1287,i,
ESTAT:ENV_AC_RP(1.0),07/08/24 23:00:00,Annual,"Euro per kilogram, chain linked volumes (2015)",Finland,2000,1.0123,,
ESTAT:ENV_AC_RP(1.0),07/08/24 23:00:00,Annual,"Euro per kilogram, chain linked volumes (2015)",Finland,2001,1.0176,,
ESTAT:ENV_AC_RP(1.0),07/08/24 23:00:00,Annual,"Euro per kilogram, chain linked volumes (2015)",Finland,2002,1.0326,,
ESTAT:ENV_AC_RP(1.0),07/08/24 23:00:00,Annual,"Euro per kilogram, chain linked volumes (2015)",Finland,2003,1.006,,
ESTAT:ENV_AC_RP(1.0),07/08/24 23:00:00,Annual,"Euro per kilogram, chain linked volumes (2015)",Finland,2004,1.0355,,
ESTAT:ENV_AC_RP(1.0),07/08/24 23:00:00,Annual,"Euro per kilogram, chain linked volumes (2015)",Finland,2005,1.0455,,
ESTAT:ENV_AC_RP(1.0),07/08/24 23:00:00,Annual,"Euro per kilogram, chain linked volumes (2015)",Finland,2006,1.0402,,
ESTAT:ENV_AC_RP(1.0),07/08/24 23:00:00,Annual,"Euro per kilogram, chain linked volumes (2015)",Finland,2007,1.0749,,
ESTAT:ENV_AC_RP(1.0),07/08/24 23:00:00,Annual,"Euro per kilogram, chain linked volumes (2015)",Finland,2008,1.07,,
ESTAT:ENV_AC_RP(1.0),07/08/24 23:00:00,Annual,"Euro per kilogram, chain linked volumes (2015)",Finland,2009,1.1935,,
ESTAT:ENV_AC_RP(1.0),07/08/24 23:00:00,Annual,"Euro per kilogram, chain linked volumes (2015)",Finland,2010,0.8797,,
ESTAT:ENV_AC_RP(1.0),07/08/24 23:00:00,Annual,"Euro per kilogram, chain linked volumes (2015)",Finland,2011,0.9202,,
ESTAT:ENV_AC_RP(1.0),07/08/24 23:00:00,Annual,"Euro per kilogram, chain linked volumes (2015)",Finland,2012,0.9144,,
ESTAT:ENV_AC_RP(1.0),07/08/24 23:00:00,Annual,"Euro per kilogram, chain linked volumes (2015)",Finland,2013,0.7982,,
ESTAT:ENV_AC_RP(1.0),07/08/24 23:00:00,Annual,"Euro per kilogram, chain linked volumes (2015)",Finland,2014,0.9127,,
ESTAT:ENV_AC_RP(1.0),07/08/24 23:00:00,Annual,"Euro per kilogram, chain linked volumes (2015)",Finland,2015,0.9416,,
ESTAT:ENV_AC_RP(1.0),07/08/24 23:00:00,Annual,"Euro per kilogram, chain linked volumes (2015)",Finland,2016,0.8967,,
ESTAT:ENV_AC_RP(1.0),07/08/24 23:00:00,Annual,"Euro per kilogram, chain linked volumes (2015)",Finland,2017,0.9576,,
ESTAT:ENV_AC_RP(1.0),07/08/24 23:00:00,Annual,"Euro per kilogram, chain linked volumes (2015)",Finland,2018,0.8725,,
ESTAT:ENV_AC_RP(1.0),07/08/24 23:00:00,Annual,"Euro per kilogram, chain linked volumes (2015)",Finland,2019,0.9278,,
ESTAT:ENV_AC_RP(1.0),07/08/24 23:00:00,Annual,"Euro per kilogram, chain linked volumes (2015)",Finland,2020,0.9013,,
ESTAT:ENV_AC_RP(1.0),07/08/24 23:00:00,Annual,"Euro per kilogram, chain linked volumes (2015)",Finland,2021,0.9414,,
ESTAT:ENV_AC_RP(1.0),07/08/24 23:00:00,Annual,"Euro per kilogram, chain linked volumes (2015)",Finland,2022,0.9084,,
ESTAT:ENV_AC_RP(1.0),07/08/24 23:00:00,Annual,"Euro per kilogram, chain linked volumes (2015)",Finland,2023,0.9787,i,
ESTAT:ENV_AC_RP(1.0),07/08/24 23:00:00,Annual,"Euro per kilogram, chain linked volumes (2015)",France,2000,2.0638,,
ESTAT:ENV_AC_RP(1.0),07/08/24 23:00:00,Annual,"Euro per kilogram, chain linked volumes (2015)",France,2001,2.1828,,
ESTAT:ENV_AC_RP(1.0),07/08/24 23:00:00,Annual,"Euro per kilogram, chain linked volumes (2015)",France,2002,2.1926,,
ESTAT:ENV_AC_RP(1.0),07/08/24 23:00:00,Annual,"Euro per kilogram, chain linked volumes (2015)",France,2003,2.3556,,
ESTAT:ENV_AC_RP(1.0),07/08/24 23:00:00,Annual,"Euro per kilogram, chain linked volumes (2015)",France,2004,2.2031,,
ESTAT:ENV_AC_RP(1.0),07/08/24 23:00:00,Annual,"Euro per kilogram, chain linked volumes (2015)",France,2005,2.3167,,
ESTAT:ENV_AC_RP(1.0),07/08/24 23:00:00,Annual,"Euro per kilogram, chain linked volumes (2015)",France,2006,2.3281,,
ESTAT:ENV_AC_RP(1.0),07/08/24 23:00:00,Annual,"Euro per kilogram, chain linked volumes (2015)",France,2007,2.2935,,
ESTAT:ENV_AC_RP(1.0),07/08/24 23:00:00,Annual,"Euro per kilogram, chain linked volumes (2015)",France,2008,2.3517,,
ESTAT:ENV_AC_RP(1.0),07/08/24 23:00:00,Annual,"Euro per kilogram, chain linked volumes (2015)",France,2009,2.5576,,
ESTAT:ENV_AC_RP(1.0),07/08/24 23:00:00,Annual,"Euro per kilogram, chain linked volumes (2015)",France,2010,2.6599,,
ESTAT:ENV_AC_RP(1.0),07/08/24 23:00:00,Annual,"Euro per kilogram, chain linked volumes (2015)",France,2011,2.6531,b,
ESTAT:ENV_AC_RP(1.0),07/08/24 23:00:00,Annual,"Euro per kilogram, chain linked volumes (2015)",France,2012,2.7191,,
ESTAT:ENV_AC_RP(1.0),07/08/24 23:00:00,Annual,"Euro per kilogram, chain linked volumes (2015)",France,2013,2.7344,,
ESTAT:ENV_AC_RP(1.0),07/08/24 23:00:00,Annual,"Euro per kilogram, chain linked volumes (2015)",France,2014,2.7926,,
ESTAT:ENV_AC_RP(1.0),07/08/24 23:00:00,Annual,"Euro per kilogram, chain linked volumes (2015)",France,2015,2.9815,,
ESTAT:ENV_AC_RP(1.0),07/08/24 23:00:00,Annual,"Euro per kilogram, chain linked volumes (2015)",France,2016,3.051,,
ESTAT:ENV_AC_RP(1.0),07/08/24 23:00:00,Annual,"Euro per kilogram, chain linked volumes (2015)",France,2017,2.8744,,
ESTAT:ENV_AC_RP(1.0),07/08/24 23:00:00,Annual,"Euro per kilogram, chain linked volumes (2015)",France,2018,2.9617,,
ESTAT:ENV_AC_RP(1.0),07/08/24 23:00:00,Annual,"Euro per kilogram, chain linked volumes (2015)",France,2019,2.9372,,
ESTAT:ENV_AC_RP(1.0),07/08/24 23:00:00,Annual,"Euro per kilogram, chain linked volumes (2015)",France,2020,2.988,,
ESTAT:ENV_AC_RP(1.0),07/08/24 23:00:00,Annual,"Euro per kilogram, chain linked volumes (2015)",France,2021,2.8987,,
ESTAT:ENV_AC_RP(1.0),07/08/24 23:00:00,Annual,"Euro per kilogram, chain linked volumes (2015)",France,2022,3.1389,,
ESTAT:ENV_AC_RP(1.0),07/08/24 23:00:00,Annual,"Euro per kilogram, chain linked volumes (2015)",France,2023,3.1634,i,
ESTAT:ENV_AC_RP(1.0),07/08/24 23:00:00,Annual,"Euro per kilogram, chain linked volumes (2015)",Croatia,2000,1.0262,i,
ESTAT:ENV_AC_RP(1.0),07/08/24 23:00:00,Annual,"Euro per kilogram, chain linked volumes (2015)",Croatia,2001,0.8766,,
ESTAT:ENV_AC_RP(1.0),07/08/24 23:00:00,Annual,"Euro per kilogram, chain linked volumes (2015)",Croatia,2002,0.8037,,
ESTAT:ENV_AC_RP(1.0),07/08/24 23:00:00,Annual,"Euro per kilogram, chain linked volumes (2015)",Croatia,2003,0.7973,,
ESTAT:ENV_AC_RP(1.0),07/08/24 23:00:00,Annual,"Euro per kilogram, chain linked volumes (2015)",Croatia,2004,0.735,,
ESTAT:ENV_AC_RP(1.0),07/08/24 23:00:00,Annual,"Euro per kilogram, chain linked volumes (2015)",Croatia,2005,0.7946,,
ESTAT:ENV_AC_RP(1.0),07/08/24 23:00:00,Annual,"Euro per kilogram, chain linked volumes (2015)",Croatia,2006,0.7879,,
ESTAT:ENV_AC_RP(1.0),07/08/24 23:00:00,Annual,"Euro per kilogram, chain linked volumes (2015)",Croatia,2007,0.8267,,
ESTAT:ENV_AC_RP(1.0),07/08/24 23:00:00,Annual,"Euro per kilogram, chain linked volumes (2015)",Croatia,2008,0.7444,,
ESTAT:ENV_AC_RP(1.0),07/08/24 23:00:00,Annual,"Euro per kilogram, chain linked volumes (2015)",Croatia,2009,0.8741,,
ESTAT:ENV_AC_RP(1.0),07/08/24 23:00:00,Annual,"Euro per kilogram, chain linked volumes (2015)",Croatia,2010,1.0183,,
ESTAT:ENV_AC_RP(1.0),07/08/24 23:00:00,Annual,"Euro per kilogram, chain linked volumes (2015)",Croatia,2011,1.0214,,
ESTAT:ENV_AC_RP(1.0),07/08/24 23:00:00,Annual,"Euro per kilogram, chain linked volumes (2015)",Croatia,2012,1.0852,,
ESTAT:ENV_AC_RP(1.0),07/08/24 23:00:00,Annual,"Euro per kilogram, chain linked volumes (2015)",Croatia,2013,1.0516,,
ESTAT:ENV_AC_RP(1.0),07/08/24 23:00:00,Annual,"Euro per kilogram, chain linked volumes (2015)",Croatia,2014,1.1405,,
ESTAT:ENV_AC_RP(1.0),07/08/24 23:00:00,Annual,"Euro per kilogram, chain linked volumes (2015)",Croatia,2015,1.1072,,
ESTAT:ENV_AC_RP(1.0),07/08/24 23:00:00,Annual,"Euro per kilogram, chain linked volumes (2015)",Croatia,2016,1.1203,,
ESTAT:ENV_AC_RP(1.0),07/08/24 23:00:00,Annual,"Euro per kilogram, chain linked volumes (2015)",Croatia,2017,1.1726,,
ESTAT:ENV_AC_RP(1.0),07/08/24 23:00:00,Annual,"Euro per kilogram, chain linked volumes (2015)",Croatia,2018,1.1776,,
ESTAT:ENV_AC_RP(1.0),07/08/24 23:00:00,Annual,"Euro per kilogram, chain linked volumes (2015)",Croatia,2019,1.1802,,
ESTAT:ENV_AC_RP(1.0),07/08/24 23:00:00,Annual,"Euro per kilogram, chain linked volumes (2015)",Croatia,2020,1.0625,,
ESTAT:ENV_AC_RP(1.0),07/08/24 23:00:00,Annual,"Euro per kilogram, chain linked volumes (2015)",Croatia,2021,1.1927,,
ESTAT:ENV_AC_RP(1.0),07/08/24 23:00:00,Annual,"Euro per kilogram, chain linked volumes (2015)",Croatia,2022,1.2438,,
ESTAT:ENV_AC_RP(1.0),07/08/24 23:00:00,Annual,"Euro per kilogram, chain linked volumes (2015)",Croatia,2023,1.2327,i,
ESTAT:ENV_AC_RP(1.0),07/08/24 23:00:00,Annual,"Euro per kilogram, chain linked volumes (2015)",Hungary,2000,0.6808,,
ESTAT:ENV_AC_RP(1.0),07/08/24 23:00:00,Annual,"Euro per kilogram, chain linked volumes (2015)",Hungary,2001,0.6249,,
ESTAT:ENV_AC_RP(1.0),07/08/24 23:00:00,Annual,"Euro per kilogram, chain linked volumes (2015)",Hungary,2002,0.6806,,
ESTAT:ENV_AC_RP(1.0),07/08/24 23:00:00,Annual,"Euro per kilogram, chain linked volumes (2015)",Hungary,2003,0.6968,,
ESTAT:ENV_AC_RP(1.0),07/08/24 23:00:00,Annual,"Euro per kilogram, chain linked volumes (2015)",Hungary,2004,0.6234,,
ESTAT:ENV_AC_RP(1.0),07/08/24 23:00:00,Annual,"Euro per kilogram, chain linked volumes (2015)",Hungary,2005,0.5665,,
ESTAT:ENV_AC_RP(1.0),07/08/24 23:00:00,Annual,"Euro per kilogram, chain linked volumes (2015)",Hungary,2006,0.7037,,
ESTAT:ENV_AC_RP(1.0),07/08/24 23:00:00,Annual,"Euro per kilogram, chain linked volumes (2015)",Hungary,2007,0.9031,,
ESTAT:ENV_AC_RP(1.0),07/08/24 23:00:00,Annual,"Euro per kilogram, chain linked volumes (2015)",Hungary,2008,0.8131,,
ESTAT:ENV_AC_RP(1.0),07/08/24 23:00:00,Annual,"Euro per kilogram, chain linked volumes (2015)",Hungary,2009,0.9322,,
ESTAT:ENV_AC_RP(1.0),07/08/24 23:00:00,Annual,"Euro per kilogram, chain linked volumes (2015)",Hungary,2010,1.0295,,
ESTAT:ENV_AC_RP(1.0),07/08/24 23:00:00,Annual,"Euro per kilogram, chain linked volumes (2015)",Hungary,2011,1.0444,,
ESTAT:ENV_AC_RP(1.0),07/08/24 23:00:00,Annual,"Euro per kilogram, chain linked volumes (2015)",Hungary,2012,1.1774,,
ESTAT:ENV_AC_RP(1.0),07/08/24 23:00:00,Annual,"Euro per kilogram, chain linked volumes (2015)",Hungary,2013,1.0465,,
ESTAT:ENV_AC_RP(1.0),07/08/24 23:00:00,Annual,"Euro per kilogram, chain linked volumes (2015)",Hungary,2014,0.8487,,
ESTAT:ENV_AC_RP(1.0),07/08/24 23:00:00,Annual,"Euro per kilogram, chain linked volumes (2015)",Hungary,2015,0.8954,,
ESTAT:ENV_AC_RP(1.0),07/08/24 23:00:00,Annual,"Euro per kilogram, chain linked volumes (2015)",Hungary,2016,0.9558,,
ESTAT:ENV_AC_RP(1.0),07/08/24 23:00:00,Annual,"Euro per kilogram, chain linked volumes (2015)",Hungary,2017,0.8894,,
ESTAT:ENV_AC_RP(1.0),07/08/24 23:00:00,Annual,"Euro per kilogram, chain linked volumes (2015)",Hungary,2018,0.8192,,
ESTAT:ENV_AC_RP(1.0),07/08/24 23:00:00,Annual,"Euro per kilogram, chain linked volumes (2015)",Hungary,2019,0.8274,,
ESTAT:ENV_AC_RP(1.0),07/08/24 23:00:00,Annual,"Euro per kilogram, chain linked volumes (2015)",Hungary,2020,0.9142,,
ESTAT:ENV_AC_RP(1.0),07/08/24 23:00:00,Annual,"Euro per kilogram, chain linked volumes (2015)",Hungary,2021,0.9867,,
ESTAT:ENV_AC_RP(1.0),07/08/24 23:00:00,Annual,"Euro per kilogram, chain linked volumes (2015)",Hungary,2022,1.0917,,
ESTAT:ENV_AC_RP(1.0),07/08/24 23:00:00,Annual,"Euro per kilogram, chain linked volumes (2015)",Hungary,2023,0.9564,i,
ESTAT:ENV_AC_RP(1.0),07/08/24 23:00:00,Annual,"Euro per kilogram, chain linked volumes (2015)",Ireland,2000,1.0817,,
ESTAT:ENV_AC_RP(1.0),07/08/24 23:00:00,Annual,"Euro per kilogram, chain linked volumes (2015)",Ireland,2001,1.1303,,
ESTAT:ENV_AC_RP(1.0),07/08/24 23:00:00,Annual,"Euro per kilogram, chain linked volumes (2015)",Ireland,2002,1.1868,,
ESTAT:ENV_AC_RP(1.0),07/08/24 23:00:00,Annual,"Euro per kilogram, chain linked volumes (2015)",Ireland,2003,1.0598,,
ESTAT:ENV_AC_RP(1.0),07/08/24 23:00:00,Annual,"Euro per kilogram, chain linked volumes (2015)",Ireland,2004,1.0679,,
ESTAT:ENV_AC_RP(1.0),07/08/24 23:00:00,Annual,"Euro per kilogram, chain linked volumes (2015)",Ireland,2005,1.0988,,
ESTAT:ENV_AC_RP(1.0),07/08/24 23:00:00,Annual,"Euro per kilogram, chain linked volumes (2015)",Ireland,2006,1.0887,,
ESTAT:ENV_AC_RP(1.0),07/08/24 23:00:00,Annual,"Euro per kilogram, chain linked volumes (2015)",Ireland,2007,1.1191,,
ESTAT:ENV_AC_RP(1.0),07/08/24 23:00:00,Annual,"Euro per kilogram, chain linked volumes (2015)",Ireland,2008,1.2077,,
ESTAT:ENV_AC_RP(1.0),07/08/24 23:00:00,Annual,"Euro per kilogram, chain linked volumes (2015)",Ireland,2009,1.4897,,
ESTAT:ENV_AC_RP(1.0),07/08/24 23:00:00,Annual,"Euro per kilogram, chain linked volumes (2015)",Ireland,2010,1.7444,,
ESTAT:ENV_AC_RP(1.0),07/08/24 23:00:00,Annual,"Euro per kilogram, chain linked volumes (2015)",Ireland,2011,2.0495,,
ESTAT:ENV_AC_RP(1.0),07/08/24 23:00:00,Annual,"Euro per kilogram, chain linked volumes (2015)",Ireland,2012,2.0381,,
ESTAT:ENV_AC_RP(1.0),07/08/24 23:00:00,Annual,"Euro per kilogram, chain linked volumes (2015)",Ireland,2013,1.9456,,
ESTAT:ENV_AC_RP(1.0),07/08/24 23:00:00,Annual,"Euro per kilogram, chain linked volumes (2015)",Ireland,2014,2.1813,,
ESTAT:ENV_AC_RP(1.0),07/08/24 23:00:00,Annual,"Euro per kilogram, chain linked volumes (2015)",Ireland,2015,2.6347,,
ESTAT:ENV_AC_RP(1.0),07/08/24 23:00:00,Annual,"Euro per kilogram, chain linked volumes (2015)",Ireland,2016,2.4966,,
ESTAT:ENV_AC_RP(1.0),07/08/24 23:00:00,Annual,"Euro per kilogram, chain linked volumes (2015)",Ireland,2017,2.593,,
ESTAT:ENV_AC_RP(1.0),07/08/24 23:00:00,Annual,"Euro per kilogram, chain linked volumes (2015)",Ireland,2018,2.6224,,
ESTAT:ENV_AC_RP(1.0),07/08/24 23:00:00,Annual,"Euro per kilogram, chain linked volumes (2015)",Ireland,2019,2.6993,,
ESTAT:ENV_AC_RP(1.0),07/08/24 23:00:00,Annual,"Euro per kilogram, chain linked volumes (2015)",Ireland,2020,3.0656,,
ESTAT:ENV_AC_RP(1.0),07/08/24 23:00:00,Annual,"Euro per kilogram, chain linked volumes (2015)",Ireland,2021,3.5704,,
ESTAT:ENV_AC_RP(1.0),07/08/24 23:00:00,Annual,"Euro per kilogram, chain linked volumes (2015)",Ireland,2022,3.7981,,
ESTAT:ENV_AC_RP(1.0),07/08/24 23:00:00,Annual,"Euro per kilogram, chain linked volumes (2015)",Ireland,2023,4.0196,i,
ESTAT:ENV_AC_RP(1.0),07/08/24 23:00:00,Annual,"Euro per kilogram, chain linked volumes (2015)",Iceland,2000,1.2146,b,
ESTAT:ENV_AC_RP(1.0),07/08/24 23:00:00,Annual,"Euro per kilogram, chain linked volumes (2015)",Iceland,2001,1.3984,,
ESTAT:ENV_AC_RP(1.0),07/08/24 23:00:00,Annual,"Euro per kilogram, chain linked volumes (2015)",Iceland,2002,1.5433,,
ESTAT:ENV_AC_RP(1.0),07/08/24 23:00:00,Annual,"Euro per kilogram, chain linked volumes (2015)",Iceland,2003,1.4404,,
ESTAT:ENV_AC_RP(1.0),07/08/24 23:00:00,Annual,"Euro per kilogram, chain linked volumes (2015)",Iceland,2004,1.4269,,
ESTAT:ENV_AC_RP(1.0),07/08/24 23:00:00,Annual,"Euro per kilogram, chain linked volumes (2015)",Iceland,2005,1.4834,,
ESTAT:ENV_AC_RP(1.0),07/08/24 23:00:00,Annual,"Euro per kilogram, chain linked volumes (2015)",Iceland,2006,1.4848,,
ESTAT:ENV_AC_RP(1.0),07/08/24 23:00:00,Annual,"Euro per kilogram, chain linked volumes (2015)",Iceland,2007,1.6359,,
ESTAT:ENV_AC_RP(1.0),07/08/24 23:00:00,Annual,"Euro per kilogram, chain linked volumes (2015)",Iceland,2008,1.8037,,
ESTAT:ENV_AC_RP(1.0),07/08/24 23:00:00,Annual,"Euro per kilogram, chain linked volumes (2015)",Iceland,2009,2.5003,,
ESTAT:ENV_AC_RP(1.0),07/08/24 23:00:00,Annual,"Euro per kilogram, chain linked volumes (2015)",Iceland,2010,2.6586,,
ESTAT:ENV_AC_RP(1.0),07/08/24 23:00:00,Annual,"Euro per kilogram, chain linked volumes (2015)",Iceland,2011,2.8965,,
ESTAT:ENV_AC_RP(1.0),07/08/24 23:00:00,Annual,"Euro per kilogram, chain linked volumes (2015)",Iceland,2012,2.5782,,
ESTAT:ENV_AC_RP(1.0),07/08/24 23:00:00,Annual,"Euro per kilogram, chain linked volumes (2015)",Iceland,2013,2.6888,,
ESTAT:ENV_AC_RP(1.0),07/08/24 23:00:00,Annual,"Euro per kilogram, chain linked volumes (2015)",Iceland,2014,2.8242,,
ESTAT:ENV_AC_RP(1.0),07/08/24 23:00:00,Annual,"Euro per kilogram, chain linked volumes (2015)",Iceland,2015,2.6177,,
ESTAT:ENV_AC_RP(1.0),07/08/24 23:00:00,Annual,"Euro per kilogram, chain linked volumes (2015)",Iceland,2016,2.6067,,
ESTAT:ENV_AC_RP(1.0),07/08/24 23:00:00,Annual,"Euro per kilogram, chain linked volumes (2015)",Iceland,2017,2.3707,,
ESTAT:ENV_AC_RP(1.0),07/08/24 23:00:00,Annual,"Euro per kilogram, chain linked volumes (2015)",Iceland,2018,2.4295,,
ESTAT:ENV_AC_RP(1.0),07/08/24 23:00:00,Annual,"Euro per kilogram, chain linked volumes (2015)",Iceland,2019,2.8368,,
ESTAT:ENV_AC_RP(1.0),07/08/24 23:00:00,Annual,"Euro per kilogram, chain linked volumes (2015)",Iceland,2020,3.0548,,
ESTAT:ENV_AC_RP(1.0),07/08/24 23:00:00,Annual,"Euro per kilogram, chain linked volumes (2015)",Iceland,2021,2.8511,,
ESTAT:ENV_AC_RP(1.0),07/08/24 23:00:00,Annual,"Euro per kilogram, chain linked volumes (2015)",Iceland,2022,2.7797,,
ESTAT:ENV_AC_RP(1.0),07/08/24 23:00:00,Annual,"Euro per kilogram, chain linked volumes (2015)",Italy,2000,2.2027,,
ESTAT:ENV_AC_RP(1.0),07/08/24 23:00:00,Annual,"Euro per kilogram, chain linked volumes (2015)",Italy,2001,2.2111,,
ESTAT:ENV_AC_RP(1.0),07/08/24 23:00:00,Annual,"Euro per kilogram, chain linked volumes (2015)",Italy,2002,2.1047,,
ESTAT:ENV_AC_RP(1.0),07/08/24 23:00:00,Annual,"Euro per kilogram, chain linked volumes (2015)",Italy,2003,2.1341,,
ESTAT:ENV_AC_RP(1.0),07/08/24 23:00:00,Annual,"Euro per kilogram, chain linked volumes (2015)",Italy,2004,2.0884,,
ESTAT:ENV_AC_RP(1.0),07/08/24 23:00:00,Annual,"Euro per kilogram, chain linked volumes (2015)",Italy,2005,2.0894,,
ESTAT:ENV_AC_RP(1.0),07/08/24 23:00:00,Annual,"Euro per kilogram, chain linked volumes (2015)",Italy,2006,2.0826,,
ESTAT:ENV_AC_RP(1.0),07/08/24 23:00:00,Annual,"Euro per kilogram, chain linked volumes (2015)",Italy,2007,2.1698,,
ESTAT:ENV_AC_RP(1.0),07/08/24 23:00:00,Annual,"Euro per kilogram, chain linked volumes (2015)",Italy,2008,2.2423,b,
ESTAT:ENV_AC_RP(1.0),07/08/24 23:00:00,Annual,"Euro per kilogram, chain linked volumes (2015)",Italy,2009,2.3773,,
ESTAT:ENV_AC_RP(1.0),07/08/24 23:00:00,Annual,"Euro per kilogram, chain linked volumes (2015)",Italy,2010,2.4975,,
ESTAT:ENV_AC_RP(1.0),07/08/24 23:00:00,Annual,"Euro per kilogram, chain linked volumes (2015)",Italy,2011,2.4862,,
ESTAT:ENV_AC_RP(1.0),07/08/24 23:00:00,Annual,"Euro per kilogram, chain linked volumes (2015)",Italy,2012,2.827,,
ESTAT:ENV_AC_RP(1.0),07/08/24 23:00:00,Annual,"Euro per kilogram, chain linked volumes (2015)",Italy,2013,3.2759,,
ESTAT:ENV_AC_RP(1.0),07/08/24 23:00:00,Annual,"Euro per kilogram, chain linked volumes (2015)",Italy,2014,3.2945,,
ESTAT:ENV_AC_RP(1.0),07/08/24 23:00:00,Annual,"Euro per kilogram, chain linked volumes (2015)",Italy,2015,3.4284,,
ESTAT:ENV_AC_RP(1.0),07/08/24 23:00:00,Annual,"Euro per kilogram, chain linked volumes (2015)",Italy,2016,3.4606,,
ESTAT:ENV_AC_RP(1.0),07/08/24 23:00:00,Annual,"Euro per kilogram, chain linked volumes (2015)",Italy,2017,3.5397,,
ESTAT:ENV_AC_RP(1.0),07/08/24 23:00:00,Annual,"Euro per kilogram, chain linked volumes (2015)",Italy,2018,3.5269,,
ESTAT:ENV_AC_RP(1.0),07/08/24 23:00:00,Annual,"Euro per kilogram, chain linked volumes (2015)",Italy,2019,3.4612,,
ESTAT:ENV_AC_RP(1.0),07/08/24 23:00:00,Annual,"Euro per kilogram, chain linked volumes (2015)",Italy,2020,3.4286,,
ESTAT:ENV_AC_RP(1.0),07/08/24 23:00:00,Annual,"Euro per kilogram, chain linked volumes (2015)",Italy,2021,3.3724,,
ESTAT:ENV_AC_RP(1.0),07/08/24 23:00:00,Annual,"Euro per kilogram, chain linked volumes (2015)",Italy,2022,3.4595,,
ESTAT:ENV_AC_RP(1.0),07/08/24 23:00:00,Annual,"Euro per kilogram, chain linked volumes (2015)",Italy,2023,3.5887,i,
ESTAT:ENV_AC_RP(1.0),07/08/24 23:00:00,Annual,"Euro per kilogram, chain linked volumes (2015)",Lithuania,2000,0.6945,,
ESTAT:ENV_AC_RP(1.0),07/08/24 23:00:00,Annual,"Euro per kilogram, chain linked volumes (2015)",Lithuania,2001,0.824,,
ESTAT:ENV_AC_RP(1.0),07/08/24 23:00:00,Annual,"Euro per kilogram, chain linked volumes (2015)",Lithuania,2002,0.7302,,
ESTAT:ENV_AC_RP(1.0),07/08/24 23:00:00,Annual,"Euro per kilogram, chain linked volumes (2015)",Lithuania,2003,0.6887,,
ESTAT:ENV_AC_RP(1.0),07/08/24 23:00:00,Annual,"Euro per kilogram, chain linked volumes (2015)",Lithuania,2004,0.6869,,
ESTAT:ENV_AC_RP(1.0),07/08/24 23:00:00,Annual,"Euro per kilogram, chain linked volumes (2015)",Lithuania,2005,0.7151,,
ESTAT:ENV_AC_RP(1.0),07/08/24 23:00:00,Annual,"Euro per kilogram, chain linked volumes (2015)",Lithuania,2006,0.7628,,
ESTAT:ENV_AC_RP(1.0),07/08/24 23:00:00,Annual,"Euro per kilogram, chain linked volumes (2015)",Lithuania,2007,0.7162,,
ESTAT:ENV_AC_RP(1.0),07/08/24 23:00:00,Annual,"Euro per kilogram, chain linked volumes (2015)",Lithuania,2008,0.6917,,
ESTAT:ENV_AC_RP(1.0),07/08/24 23:00:00,Annual,"Euro per kilogram, chain linked volumes (2015)",Lithuania,2009,0.8738,,
ESTAT:ENV_AC_RP(1.0),07/08/24 23:00:00,Annual,"Euro per kilogram, chain linked volumes (2015)",Lithuania,2010,0.8061,,
ESTAT:ENV_AC_RP(1.0),07/08/24 23:00:00,Annual,"Euro per kilogram, chain linked volumes (2015)",Lithuania,2011,0.788,,
ESTAT:ENV_AC_RP(1.0),07/08/24 23:00:00,Annual,"Euro per kilogram, chain linked volumes (2015)",Lithuania,2012,0.8918,,
ESTAT:ENV_AC_RP(1.0),07/08/24 23:00:00,Annual,"Euro per kilogram, chain linked volumes (2015)",Lithuania,2013,0.7629,,
ESTAT:ENV_AC_RP(1.0),07/08/24 23:00:00,Annual,"Euro per kilogram, chain linked volumes (2015)",Lithuania,2014,0.8414,,
ESTAT:ENV_AC_RP(1.0),07/08/24 23:00:00,Annual,"Euro per kilogram, chain linked volumes (2015)",Lithuania,2015,0.8586,,
ESTAT:ENV_AC_RP(1.0),07/08/24 23:00:00,Annual,"Euro per kilogram, chain linked volumes (2015)",Lithuania,2016,0.8501,,
ESTAT:ENV_AC_RP(1.0),07/08/24 23:00:00,Annual,"Euro per kilogram, chain linked volumes (2015)",Lithuania,2017,0.7919,,
ESTAT:ENV_AC_RP(1.0),07/08/24 23:00:00,Annual,"Euro per kilogram, chain linked volumes (2015)",Lithuania,2018,0.8374,,
ESTAT:ENV_AC_RP(1.0),07/08/24 23:00:00,Annual,"Euro per kilogram, chain linked volumes (2015)",Lithuania,2019,0.8205,,
ESTAT:ENV_AC_RP(1.0),07/08/24 23:00:00,Annual,"Euro per kilogram, chain linked volumes (2015)",Lithuania,2020,0.7756,,
ESTAT:ENV_AC_RP(1.0),07/08/24 23:00:00,Annual,"Euro per kilogram, chain linked volumes (2015)",Lithuania,2021,0.7947,,
ESTAT:ENV_AC_RP(1.0),07/08/24 23:00:00,Annual,"Euro per kilogram, chain linked volumes (2015)",Lithuania,2022,0.8309,,
ESTAT:ENV_AC_RP(1.0),07/08/24 23:00:00,Annual,"Euro per kilogram, chain linked volumes (2015)",Lithuania,2023,0.7949,i,
ESTAT:ENV_AC_RP(1.0),07/08/24 23:00:00,Annual,"Euro per kilogram, chain linked volumes (2015)",Luxembourg,2000,3.1206,,
ESTAT:ENV_AC_RP(1.0),07/08/24 23:00:00,Annual,"Euro per kilogram, chain linked volumes (2015)",Luxembourg,2001,3.5101,,
ESTAT:ENV_AC_RP(1.0),07/08/24 23:00:00,Annual,"Euro per kilogram, chain linked volumes (2015)",Luxembourg,2002,3.3302,,
ESTAT:ENV_AC_RP(1.0),07/08/24 23:00:00,Annual,"Euro per kilogram, chain linked volumes (2015)",Luxembourg,2003,3.33,,
ESTAT:ENV_AC_RP(1.0),07/08/24 23:00:00,Annual,"Euro per kilogram, chain linked volumes (2015)",Luxembourg,2004,3.3265,,
ESTAT:ENV_AC_RP(1.0),07/08/24 23:00:00,Annual,"Euro per kilogram, chain linked volumes (2015)",Luxembourg,2005,3.5343,,
ESTAT:ENV_AC_RP(1.0),07/08/24 23:00:00,Annual,"Euro per kilogram, chain linked volumes (2015)",Luxembourg,2006,3.3656,,
ESTAT:ENV_AC_RP(1.0),07/08/24 23:00:00,Annual,"Euro per kilogram, chain linked volumes (2015)",Luxembourg,2007,3.7348,,
ESTAT:ENV_AC_RP(1.0),07/08/24 23:00:00,Annual,"Euro per kilogram, chain linked volumes (2015)",Luxembourg,2008,4.1802,,
ESTAT:ENV_AC_RP(1.0),07/08/24 23:00:00,Annual,"Euro per kilogram, chain linked volumes (2015)",Luxembourg,2009,4.1688,,
ESTAT:ENV_AC_RP(1.0),07/08/24 23:00:00,Annual,"Euro per kilogram, chain linked volumes (2015)",Luxembourg,2010,4.2713,,
ESTAT:ENV_AC_RP(1.0),07/08/24 23:00:00,Annual,"Euro per kilogram, chain linked volumes (2015)",Luxembourg,2011,4.256,,
ESTAT:ENV_AC_RP(1.0),07/08/24 23:00:00,Annual,"Euro per kilogram, chain linked volumes (2015)",Luxembourg,2012,4.3634,,
ESTAT:ENV_AC_RP(1.0),07/08/24 23:00:00,Annual,"Euro per kilogram, chain linked volumes (2015)",Luxembourg,2013,4.4684,,
ESTAT:ENV_AC_RP(1.0),07/08/24 23:00:00,Annual,"Euro per kilogram, chain linked volumes (2015)",Luxembourg,2014,4.3622,,
ESTAT:ENV_AC_RP(1.0),07/08/24 23:00:00,Annual,"Euro per kilogram, chain linked volumes (2015)",Luxembourg,2015,3.8923,,
ESTAT:ENV_AC_RP(1.0),07/08/24 23:00:00,Annual,"Euro per kilogram, chain linked volumes (2015)",Luxembourg,2016,4.0552,,
ESTAT:ENV_AC_RP(1.0),07/08/24 23:00:00,Annual,"Euro per kilogram, chain linked volumes (2015)",Luxembourg,2017,3.8777,,
ESTAT:ENV_AC_RP(1.0),07/08/24 23:00:00,Annual,"Euro per kilogram, chain linked volumes (2015)",Luxembourg,2018,4.1608,,
ESTAT:ENV_AC_RP(1.0),07/08/24 23:00:00,Annual,"Euro per kilogram, chain linked volumes (2015)",Luxembourg,2019,4.2288,,
ESTAT:ENV_AC_RP(1.0),07/08/24 23:00:00,Annual,"Euro per kilogram, chain linked volumes (2015)",Luxembourg,2020,4.0843,,
ESTAT:ENV_AC_RP(1.0),07/08/24 23:00:00,Annual,"Euro per kilogram, chain linked volumes (2015)",Luxembourg,2021,4.0327,,
ESTAT:ENV_AC_RP(1.0),07/08/24 23:00:00,Annual,"Euro per kilogram, chain linked volumes (2015)",Luxembourg,2022,4.3123,,
ESTAT:ENV_AC_RP(1.0),07/08/24 23:00:00,Annual,"Euro per kilogram, chain linked volumes (2015)",Luxembourg,2023,4.5348,,
ESTAT:ENV_AC_RP(1.0),07/08/24 23:00:00,Annual,"Euro per kilogram, chain linked volumes (2015)",Latvia,2000,0.9394,,
ESTAT:ENV_AC_RP(1.0),07/08/24 23:00:00,Annual,"Euro per kilogram, chain linked volumes (2015)",Latvia,2001,0.9573,,
ESTAT:ENV_AC_RP(1.0),07/08/24 23:00:00,Annual,"Euro per kilogram, chain linked volumes (2015)",Latvia,2002,0.9248,,
ESTAT:ENV_AC_RP(1.0),07/08/24 23:00:00,Annual,"Euro per kilogram, chain linked volumes (2015)",Latvia,2003,0.9197,,
ESTAT:ENV_AC_RP(1.0),07/08/24 23:00:00,Annual,"Euro per kilogram, chain linked volumes (2015)",Latvia,2004,0.8802,,
ESTAT:ENV_AC_RP(1.0),07/08/24 23:00:00,Annual,"Euro per kilogram, chain linked volumes (2015)",Latvia,2005,0.8474,,
ESTAT:ENV_AC_RP(1.0),07/08/24 23:00:00,Annual,"Euro per kilogram, chain linked volumes (2015)",Latvia,2006,0.841,,
ESTAT:ENV_AC_RP(1.0),07/08/24 23:00:00,Annual,"Euro per kilogram, chain linked volumes (2015)",Latvia,2007,0.7941,,
ESTAT:ENV_AC_RP(1.0),07/08/24 23:00:00,Annual,"Euro per kilogram, chain linked volumes (2015)",Latvia,2008,0.8586,,
ESTAT:ENV_AC_RP(1.0),07/08/24 23:00:00,Annual,"Euro per kilogram, chain linked volumes (2015)",Latvia,2009,1.2419,,
ESTAT:ENV_AC_RP(1.0),07/08/24 23:00:00,Annual,"Euro per kilogram, chain linked volumes (2015)",Latvia,2010,1.0379,,
ESTAT:ENV_AC_RP(1.0),07/08/24 23:00:00,Annual,"Euro per kilogram, chain linked volumes (2015)",Latvia,2011,0.9209,,
ESTAT:ENV_AC_RP(1.0),07/08/24 23:00:00,Annual,"Euro per kilogram, chain linked volumes (2015)",Latvia,2012,0.9812,,
ESTAT:ENV_AC_RP(1.0),07/08/24 23:00:00,Annual,"Euro per kilogram, chain linked volumes (2015)",Latvia,2013,0.9265,,
ESTAT:ENV_AC_RP(1.0),07/08/24 23:00:00,Annual,"Euro per kilogram, chain linked volumes (2015)",Latvia,2014,0.9881,,
ESTAT:ENV_AC_RP(1.0),07/08/24 23:00:00,Annual,"Euro per kilogram, chain linked volumes (2015)",Latvia,2015,0.9598,,
ESTAT:ENV_AC_RP(1.0),07/08/24 23:00:00,Annual,"Euro per kilogram, chain linked volumes (2015)",Latvia,2016,1.0949,,
ESTAT:ENV_AC_RP(1.0),07/08/24 23:00:00,Annual,"Euro per kilogram, chain linked volumes (2015)",Latvia,2017,1.0107,,
ESTAT:ENV_AC_RP(1.0),07/08/24 23:00:00,Annual,"Euro per kilogram, chain linked volumes (2015)",Latvia,2018,0.9647,,
ESTAT:ENV_AC_RP(1.0),07/08/24 23:00:00,Annual,"Euro per kilogram, chain linked volumes (2015)",Latvia,2019,0.9684,,
ESTAT:ENV_AC_RP(1.0),07/08/24 23:00:00,Annual,"Euro per kilogram, chain linked volumes (2015)",Latvia,2020,0.931,,
ESTAT:ENV_AC_RP(1.0),07/08/24 23:00:00,Annual,"Euro per kilogram, chain linked volumes (2015)",Latvia,2021,0.9216,,
ESTAT:ENV_AC_RP(1.0),07/08/24 23:00:00,Annual,"Euro per kilogram, chain linked volumes (2015)",Latvia,2022,0.9431,,
ESTAT:ENV_AC_RP(1.0),07/08/24 23:00:00,Annual,"Euro per kilogram, chain linked volumes (2015)",Latvia,2023,0.8965,i,
ESTAT:ENV_AC_RP(1.0),07/08/24 23:00:00,Annual,"Euro per kilogram, chain linked volumes (2015)",North Macedonia,2010,0.3771,,
ESTAT:ENV_AC_RP(1.0),07/08/24 23:00:00,Annual,"Euro per kilogram, chain linked volumes (2015)",North Macedonia,2011,0.3554,,
ESTAT:ENV_AC_RP(1.0),07/08/24 23:00:00,Annual,"Euro per kilogram, chain linked volumes (2015)",North Macedonia,2012,0.366,,
ESTAT:ENV_AC_RP(1.0),07/08/24 23:00:00,Annual,"Euro per kilogram, chain linked volumes (2015)",North Macedonia,2013,0.3824,,
ESTAT:ENV_AC_RP(1.0),07/08/24 23:00:00,Annual,"Euro per kilogram, chain linked volumes (2015)",North Macedonia,2014,0.3948,,
ESTAT:ENV_AC_RP(1.0),07/08/24 23:00:00,Annual,"Euro per kilogram, chain linked volumes (2015)",North Macedonia,2015,0.4063,,
ESTAT:ENV_AC_RP(1.0),07/08/24 23:00:00,Annual,"Euro per kilogram, chain linked volumes (2015)",North Macedonia,2016,0.4267,,
ESTAT:ENV_AC_RP(1.0),07/08/24 23:00:00,Annual,"Euro per kilogram, chain linked volumes (2015)",North Macedonia,2017,0.4571,,
ESTAT:ENV_AC_RP(1.0),07/08/24 23:00:00,Annual,"Euro per kilogram, chain linked volumes (2015)",North Macedonia,2018,0.4675,,
ESTAT:ENV_AC_RP(1.0),07/08/24 23:00:00,Annual,"Euro per kilogram, chain linked volumes (2015)",North Macedonia,2019,0.4514,,
ESTAT:ENV_AC_RP(1.0),07/08/24 23:00:00,Annual,"Euro per kilogram, chain linked volumes (2015)",North Macedonia,2020,0.4371,,
ESTAT:ENV_AC_RP(1.0),07/08/24 23:00:00,Annual,"Euro per kilogram, chain linked volumes (2015)",North Macedonia,2021,0.5042,,
ESTAT:ENV_AC_RP(1.0),07/08/24 23:00:00,Annual,"Euro per kilogram, chain linked volumes (2015)",North Macedonia,2022,0.5134,,
ESTAT:ENV_AC_RP(1.0),07/08/24 23:00:00,Annual,"Euro per kilogram, chain linked volumes (2015)",Malta,2000,1.6556,,
ESTAT:ENV_AC_RP(1.0),07/08/24 23:00:00,Annual,"Euro per kilogram, chain linked volumes (2015)",Malta,2001,1.6976,,
ESTAT:ENV_AC_RP(1.0),07/08/24 23:00:00,Annual,"Euro per kilogram, chain linked volumes (2015)",Malta,2002,1.8088,,
ESTAT:ENV_AC_RP(1.0),07/08/24 23:00:00,Annual,"Euro per kilogram, chain linked volumes (2015)",Malta,2003,1.5781,,
ESTAT:ENV_AC_RP(1.0),07/08/24 23:00:00,Annual,"Euro per kilogram, chain linked volumes (2015)",Malta,2004,1.5584,,
ESTAT:ENV_AC_RP(1.0),07/08/24 23:00:00,Annual,"Euro per kilogram, chain linked volumes (2015)",Malta,2005,1.8429,,
ESTAT:ENV_AC_RP(1.0),07/08/24 23:00:00,Annual,"Euro per kilogram, chain linked volumes (2015)",Malta,2006,1.5468,,
ESTAT:ENV_AC_RP(1.0),07/08/24 23:00:00,Annual,"Euro per kilogram, chain linked volumes (2015)",Malta,2007,1.9568,,
ESTAT:ENV_AC_RP(1.0),07/08/24 23:00:00,Annual,"Euro per kilogram, chain linked volumes (2015)",Malta,2008,2.2763,,
ESTAT:ENV_AC_RP(1.0),07/08/24 23:00:00,Annual,"Euro per kilogram, chain linked volumes (2015)",Malta,2009,2.1212,,
ESTAT:ENV_AC_RP(1.0),07/08/24 23:00:00,Annual,"Euro per kilogram, chain linked volumes (2015)",Malta,2010,2.5857,,
ESTAT:ENV_AC_RP(1.0),07/08/24 23:00:00,Annual,"Euro per kilogram, chain linked volumes (2015)",Malta,2011,1.9716,,
ESTAT:ENV_AC_RP(1.0),07/08/24 23:00:00,Annual,"Euro per kilogram, chain linked volumes (2015)",Malta,2012,1.8024,,
ESTAT:ENV_AC_RP(1.0),07/08/24 23:00:00,Annual,"Euro per kilogram, chain linked volumes (2015)",Malta,2013,2.2766,,
ESTAT:ENV_AC_RP(1.0),07/08/24 23:00:00,Annual,"Euro per kilogram, chain linked volumes (2015)",Malta,2014,1.7687,,
ESTAT:ENV_AC_RP(1.0),07/08/24 23:00:00,Annual,"Euro per kilogram, chain linked volumes (2015)",Malta,2015,1.627,,
ESTAT:ENV_AC_RP(1.0),07/08/24 23:00:00,Annual,"Euro per kilogram, chain linked volumes (2015)",Malta,2016,1.671,,
ESTAT:ENV_AC_RP(1.0),07/08/24 23:00:00,Annual,"Euro per kilogram, chain linked volumes (2015)",Malta,2017,2.1501,,
ESTAT:ENV_AC_RP(1.0),07/08/24 23:00:00,Annual,"Euro per kilogram, chain linked volumes (2015)",Malta,2018,1.9567,,
ESTAT:ENV_AC_RP(1.0),07/08/24 23:00:00,Annual,"Euro per kilogram, chain linked volumes (2015)",Malta,2019,2.2004,,
ESTAT:ENV_AC_RP(1.0),07/08/24 23:00:00,Annual,"Euro per kilogram, chain linked volumes (2015)",Malta,2020,1.8367,,
ESTAT:ENV_AC_RP(1.0),07/08/24 23:00:00,Annual,"Euro per kilogram, chain linked volumes (2015)",Malta,2021,2.3394,,
ESTAT:ENV_AC_RP(1.0),07/08/24 23:00:00,Annual,"Euro per kilogram, chain linked volumes (2015)",Malta,2022,2.7351,,
ESTAT:ENV_AC_RP(1.0),07/08/24 23:00:00,Annual,"Euro per kilogram, chain linked volumes (2015)",Malta,2023,2.8235,i,
ESTAT:ENV_AC_RP(1.0),07/08/24 23:00:00,Annual,"Euro per kilogram, chain linked volumes (2015)",Netherlands,2000,2.9504,,
ESTAT:ENV_AC_RP(1.0),07/08/24 23:00:00,Annual,"Euro per kilogram, chain linked volumes (2015)",Netherlands,2001,3.0402,,
ESTAT:ENV_AC_RP(1.0),07/08/24 23:00:00,Annual,"Euro per kilogram, chain linked volumes (2015)",Netherlands,2002,3.418,,
ESTAT:ENV_AC_RP(1.0),07/08/24 23:00:00,Annual,"Euro per kilogram, chain linked volumes (2015)",Netherlands,2003,3.5105,,
ESTAT:ENV_AC_RP(1.0),07/08/24 23:00:00,Annual,"Euro per kilogram, chain linked volumes (2015)",Netherlands,2004,3.366,,
ESTAT:ENV_AC_RP(1.0),07/08/24 23:00:00,Annual,"Euro per kilogram, chain linked volumes (2015)",Netherlands,2005,3.501,,
ESTAT:ENV_AC_RP(1.0),07/08/24 23:00:00,Annual,"Euro per kilogram, chain linked volumes (2015)",Netherlands,2006,3.5409,,
ESTAT:ENV_AC_RP(1.0),07/08/24 23:00:00,Annual,"Euro per kilogram, chain linked volumes (2015)",Netherlands,2007,3.5194,,
ESTAT:ENV_AC_RP(1.0),07/08/24 23:00:00,Annual,"Euro per kilogram, chain linked volumes (2015)",Netherlands,2008,3.4005,,
ESTAT:ENV_AC_RP(1.0),07/08/24 23:00:00,Annual,"Euro per kilogram, chain linked volumes (2015)",Netherlands,2009,3.5032,,
ESTAT:ENV_AC_RP(1.0),07/08/24 23:00:00,Annual,"Euro per kilogram, chain linked volumes (2015)",Netherlands,2010,3.5455,,
ESTAT:ENV_AC_RP(1.0),07/08/24 23:00:00,Annual,"Euro per kilogram, chain linked volumes (2015)",Netherlands,2011,3.6306,,
ESTAT:ENV_AC_RP(1.0),07/08/24 23:00:00,Annual,"Euro per kilogram, chain linked volumes (2015)",Netherlands,2012,3.7287,,
ESTAT:ENV_AC_RP(1.0),07/08/24 23:00:00,Annual,"Euro per kilogram, chain linked volumes (2015)",Netherlands,2013,3.9167,e,
ESTAT:ENV_AC_RP(1.0),07/08/24 23:00:00,Annual,"Euro per kilogram, chain linked volumes (2015)",Netherlands,2014,3.9037,,
ESTAT:ENV_AC_RP(1.0),07/08/24 23:00:00,Annual,"Euro per kilogram, chain linked volumes (2015)",Netherlands,2015,3.8976,e,
ESTAT:ENV_AC_RP(1.0),07/08/24 23:00:00,Annual,"Euro per kilogram, chain linked volumes (2015)",Netherlands,2016,4.3448,,
ESTAT:ENV_AC_RP(1.0),07/08/24 23:00:00,Annual,"Euro per kilogram, chain linked volumes (2015)",Netherlands,2017,4.0294,e,
ESTAT:ENV_AC_RP(1.0),07/08/24 23:00:00,Annual,"Euro per kilogram, chain linked volumes (2015)",Netherlands,2018,3.9193,,
ESTAT:ENV_AC_RP(1.0),07/08/24 23:00:00,Annual,"Euro per kilogram, chain linked volumes (2015)",Netherlands,2019,4.1225,e,
ESTAT:ENV_AC_RP(1.0),07/08/24 23:00:00,Annual,"Euro per kilogram, chain linked volumes (2015)",Netherlands,2020,4.3422,,
ESTAT:ENV_AC_RP(1.0),07/08/24 23:00:00,Annual,"Euro per kilogram, chain linked volumes (2015)",Netherlands,2021,4.8526,,
ESTAT:ENV_AC_RP(1.0),07/08/24 23:00:00,Annual,"Euro per kilogram, chain linked volumes (2015)",Netherlands,2022,4.6736,,
ESTAT:ENV_AC_RP(1.0),07/08/24 23:00:00,Annual,"Euro per kilogram, chain linked volumes (2015)",Netherlands,2023,5.4637,i,
ESTAT:ENV_AC_RP(1.0),07/08/24 23:00:00,Annual,"Euro per kilogram, chain linked volumes (2015)",Norway,2000,3.5364,i,
ESTAT:ENV_AC_RP(1.0),07/08/24 23:00:00,Annual,"Euro per kilogram, chain linked volumes (2015)",Norway,2001,3.8676,i,
ESTAT:ENV_AC_RP(1.0),07/08/24 23:00:00,Annual,"Euro per kilogram, chain linked volumes (2015)",Norway,2002,4.0514,i,
ESTAT:ENV_AC_RP(1.0),07/08/24 23:00:00,Annual,"Euro per kilogram, chain linked volumes (2015)",Norway,2003,3.7584,i,
ESTAT:ENV_AC_RP(1.0),07/08/24 23:00:00,Annual,"Euro per kilogram, chain linked volumes (2015)",Norway,2004,3.6128,i,
ESTAT:ENV_AC_RP(1.0),07/08/24 23:00:00,Annual,"Euro per kilogram, chain linked volumes (2015)",Norway,2005,3.5772,i,
ESTAT:ENV_AC_RP(1.0),07/08/24 23:00:00,Annual,"Euro per kilogram, chain linked volumes (2015)",Norway,2006,2.8613,,
ESTAT:ENV_AC_RP(1.0),07/08/24 23:00:00,Annual,"Euro per kilogram, chain linked volumes (2015)",Norway,2007,2.9519,,
ESTAT:ENV_AC_RP(1.0),07/08/24 23:00:00,Annual,"Euro per kilogram, chain linked volumes (2015)",Norway,2008,2.5069,,
ESTAT:ENV_AC_RP(1.0),07/08/24 23:00:00,Annual,"Euro per kilogram, chain linked volumes (2015)",Norway,2009,2.6548,,
ESTAT:ENV_AC_RP(1.0),07/08/24 23:00:00,Annual,"Euro per kilogram, chain linked volumes (2015)",Norway,2010,2.5272,,
ESTAT:ENV_AC_RP(1.0),07/08/24 23:00:00,Annual,"Euro per kilogram, chain linked volumes (2015)",Norway,2011,2.5042,,
ESTAT:ENV_AC_RP(1.0),07/08/24 23:00:00,Annual,"Euro per kilogram, chain linked volumes (2015)",Norway,2012,2.4241,,
ESTAT:ENV_AC_RP(1.0),07/08/24 23:00:00,Annual,"Euro per kilogram, chain linked volumes (2015)",Norway,2013,2.4434,,
ESTAT:ENV_AC_RP(1.0),07/08/24 23:00:00,Annual,"Euro per kilogram, chain linked volumes (2015)",Norway,2014,2.5596,,
ESTAT:ENV_AC_RP(1.0),07/08/24 23:00:00,Annual,"Euro per kilogram, chain linked volumes (2015)",Norway,2015,2.2477,,
ESTAT:ENV_AC_RP(1.0),07/08/24 23:00:00,Annual,"Euro per kilogram, chain linked volumes (2015)",Norway,2016,2.7635,,
ESTAT:ENV_AC_RP(1.0),07/08/24 23:00:00,Annual,"Euro per kilogram, chain linked volumes (2015)",Norway,2017,2.8805,,
ESTAT:ENV_AC_RP(1.0),07/08/24 23:00:00,Annual,"Euro per kilogram, chain linked volumes (2015)",Norway,2018,2.6275,,
ESTAT:ENV_AC_RP(1.0),07/08/24 23:00:00,Annual,"Euro per kilogram, chain linked volumes (2015)",Norway,2019,2.6686,,
ESTAT:ENV_AC_RP(1.0),07/08/24 23:00:00,Annual,"Euro per kilogram, chain linked volumes (2015)",Norway,2020,2.8642,,
ESTAT:ENV_AC_RP(1.0),07/08/24 23:00:00,Annual,"Euro per kilogram, chain linked volumes (2015)",Norway,2021,3.1751,,
ESTAT:ENV_AC_RP(1.0),07/08/24 23:00:00,Annual,"Euro per kilogram, chain linked volumes (2015)",Norway,2022,3.2176,,
ESTAT:ENV_AC_RP(1.0),07/08/24 23:00:00,Annual,"Euro per kilogram, chain linked volumes (2015)",Poland,2000,0.4849,,
ESTAT:ENV_AC_RP(1.0),07/08/24 23:00:00,Annual,"Euro per kilogram, chain linked volumes (2015)",Poland,2001,0.5136,,
ESTAT:ENV_AC_RP(1.0),07/08/24 23:00:00,Annual,"Euro per kilogram, chain linked volumes (2015)",Poland,2002,0.5388,,
ESTAT:ENV_AC_RP(1.0),07/08/24 23:00:00,Annual,"Euro per kilogram, chain linked volumes (2015)",Poland,2003,0.5466,,
ESTAT:ENV_AC_RP(1.0),07/08/24 23:00:00,Annual,"Euro per kilogram, chain linked volumes (2015)",Poland,2004,0.5413,,
ESTAT:ENV_AC_RP(1.0),07/08/24 23:00:00,Annual,"Euro per kilogram, chain linked volumes (2015)",Poland,2005,0.5515,,
ESTAT:ENV_AC_RP(1.0),07/08/24 23:00:00,Annual,"Euro per kilogram, chain linked volumes (2015)",Poland,2006,0.5707,,
ESTAT:ENV_AC_RP(1.0),07/08/24 23:00:00,Annual,"Euro per kilogram, chain linked volumes (2015)",Poland,2007,0.5514,,
ESTAT:ENV_AC_RP(1.0),07/08/24 23:00:00,Annual,"Euro per kilogram, chain linked volumes (2015)",Poland,2008,0.5585,,
ESTAT:ENV_AC_RP(1.0),07/08/24 23:00:00,Annual,"Euro per kilogram, chain linked volumes (2015)",Poland,2009,0.5994,,
ESTAT:ENV_AC_RP(1.0),07/08/24 23:00:00,Annual,"Euro per kilogram, chain linked volumes (2015)",Poland,2010,0.5873,,
ESTAT:ENV_AC_RP(1.0),07/08/24 23:00:00,Annual,"Euro per kilogram, chain linked volumes (2015)",Poland,2011,0.498,,
ESTAT:ENV_AC_RP(1.0),07/08/24 23:00:00,Annual,"Euro per kilogram, chain linked volumes (2015)",Poland,2012,0.5896,,
ESTAT:ENV_AC_RP(1.0),07/08/24 23:00:00,Annual,"Euro per kilogram, chain linked volumes (2015)",Poland,2013,0.6236,,
ESTAT:ENV_AC_RP(1.0),07/08/24 23:00:00,Annual,"Euro per kilogram, chain linked volumes (2015)",Poland,2014,0.6534,,
ESTAT:ENV_AC_RP(1.0),07/08/24 23:00:00,Annual,"Euro per kilogram, chain linked volumes (2015)",Poland,2015,0.6872,,
ESTAT:ENV_AC_RP(1.0),07/08/24 23:00:00,Annual,"Euro per kilogram, chain linked volumes (2015)",Poland,2016,0.6889,,
ESTAT:ENV_AC_RP(1.0),07/08/24 23:00:00,Annual,"Euro per kilogram, chain linked volumes (2015)",Poland,2017,0.6805,,
ESTAT:ENV_AC_RP(1.0),07/08/24 23:00:00,Annual,"Euro per kilogram, chain linked volumes (2015)",Poland,2018,0.7027,,
ESTAT:ENV_AC_RP(1.0),07/08/24 23:00:00,Annual,"Euro per kilogram, chain linked volumes (2015)",Poland,2019,0.7711,,
ESTAT:ENV_AC_RP(1.0),07/08/24 23:00:00,Annual,"Euro per kilogram, chain linked volumes (2015)",Poland,2020,0.7649,,
ESTAT:ENV_AC_RP(1.0),07/08/24 23:00:00,Annual,"Euro per kilogram, chain linked volumes (2015)",Poland,2021,0.7992,,
ESTAT:ENV_AC_RP(1.0),07/08/24 23:00:00,Annual,"Euro per kilogram, chain linked volumes (2015)",Poland,2022,0.8453,,
ESTAT:ENV_AC_RP(1.0),07/08/24 23:00:00,Annual,"Euro per kilogram, chain linked volumes (2015)",Poland,2023,0.863,i,
ESTAT:ENV_AC_RP(1.0),07/08/24 23:00:00,Annual,"Euro per kilogram, chain linked volumes (2015)",Portugal,2000,0.8614,,
ESTAT:ENV_AC_RP(1.0),07/08/24 23:00:00,Annual,"Euro per kilogram, chain linked volumes (2015)",Portugal,2001,0.838,,
ESTAT:ENV_AC_RP(1.0),07/08/24 23:00:00,Annual,"Euro per kilogram, chain linked volumes (2015)",Portugal,2002,0.8704,,
ESTAT:ENV_AC_RP(1.0),07/08/24 23:00:00,Annual,"Euro per kilogram, chain linked volumes (2015)",Portugal,2003,0.9769,,
ESTAT:ENV_AC_RP(1.0),07/08/24 23:00:00,Annual,"Euro per kilogram, chain linked volumes (2015)",Portugal,2004,0.9157,,
ESTAT:ENV_AC_RP(1.0),07/08/24 23:00:00,Annual,"Euro per kilogram, chain linked volumes (2015)",Portugal,2005,0.9269,,
ESTAT:ENV_AC_RP(1.0),07/08/24 23:00:00,Annual,"Euro per kilogram, chain linked volumes (2015)",Portugal,2006,0.8304,,
ESTAT:ENV_AC_RP(1.0),07/08/24 23:00:00,Annual,"Euro per kilogram, chain linked volumes (2015)",Portugal,2007,0.82,,
ESTAT:ENV_AC_RP(1.0),07/08/24 23:00:00,Annual,"Euro per kilogram, chain linked volumes (2015)",Portugal,2008,0.787,,
ESTAT:ENV_AC_RP(1.0),07/08/24 23:00:00,Annual,"Euro per kilogram, chain linked volumes (2015)",Portugal,2009,0.8448,,
ESTAT:ENV_AC_RP(1.0),07/08/24 23:00:00,Annual,"Euro per kilogram, chain linked volumes (2015)",Portugal,2010,0.9229,,
ESTAT:ENV_AC_RP(1.0),07/08/24 23:00:00,Annual,"Euro per kilogram, chain linked volumes (2015)",Portugal,2011,0.9793,,
ESTAT:ENV_AC_RP(1.0),07/08/24 23:00:00,Annual,"Euro per kilogram, chain linked volumes (2015)",Portugal,2012,1.0243,,
ESTAT:ENV_AC_RP(1.0),07/08/24 23:00:00,Annual,"Euro per kilogram, chain linked volumes (2015)",Portugal,2013,1.1931,,
ESTAT:ENV_AC_RP(1.0),07/08/24 23:00:00,Annual,"Euro per kilogram, chain linked volumes (2015)",Portugal,2014,1.0932,,
ESTAT:ENV_AC_RP(1.0),07/08/24 23:00:00,Annual,"Euro per kilogram, chain linked volumes (2015)",Portugal,2015,1.1098,,
ESTAT:ENV_AC_RP(1.0),07/08/24 23:00:00,Annual,"Euro per kilogram, chain linked volumes (2015)",Portugal,2016,1.1846,,
ESTAT:ENV_AC_RP(1.0),07/08/24 23:00:00,Annual,"Euro per kilogram, chain linked volumes (2015)",Portugal,2017,1.1186,,
ESTAT:ENV_AC_RP(1.0),07/08/24 23:00:00,Annual,"Euro per kilogram, chain linked volumes (2015)",Portugal,2018,1.1556,,
ESTAT:ENV_AC_RP(1.0),07/08/24 23:00:00,Annual,"Euro per kilogram, chain linked volumes (2015)",Portugal,2019,1.1741,,
ESTAT:ENV_AC_RP(1.0),07/08/24 23:00:00,Annual,"Euro per kilogram, chain linked volumes (2015)",Portugal,2020,1.1984,,
ESTAT:ENV_AC_RP(1.0),07/08/24 23:00:00,Annual,"Euro per kilogram, chain linked volumes (2015)",Portugal,2021,1.0694,,
ESTAT:ENV_AC_RP(1.0),07/08/24 23:00:00,Annual,"Euro per kilogram, chain linked volumes (2015)",Portugal,2022,1.2758,,
ESTAT:ENV_AC_RP(1.0),07/08/24 23:00:00,Annual,"Euro per kilogram, chain linked volumes (2015)",Portugal,2023,1.2699,i,
ESTAT:ENV_AC_RP(1.0),07/08/24 23:00:00,Annual,"Euro per kilogram, chain linked volumes (2015)",Romania,2000,0.5417,,
ESTAT:ENV_AC_RP(1.0),07/08/24 23:00:00,Annual,"Euro per kilogram, chain linked volumes (2015)",Romania,2001,0.3575,,
ESTAT:ENV_AC_RP(1.0),07/08/24 23:00:00,Annual,"Euro per kilogram, chain linked volumes (2015)",Romania,2002,0.3954,,
ESTAT:ENV_AC_RP(1.0),07/08/24 23:00:00,Annual,"Euro per kilogram, chain linked volumes (2015)",Romania,2003,0.3715,,
ESTAT:ENV_AC_RP(1.0),07/08/24 23:00:00,Annual,"Euro per kilogram, chain linked volumes (2015)",Romania,2004,0.3805,,
ESTAT:ENV_AC_RP(1.0),07/08/24 23:00:00,Annual,"Euro per kilogram, chain linked volumes (2015)",Romania,2005,0.3646,,
ESTAT:ENV_AC_RP(1.0),07/08/24 23:00:00,Annual,"Euro per kilogram, chain linked volumes (2015)",Romania,2006,0.3665,,
ESTAT:ENV_AC_RP(1.0),07/08/24 23:00:00,Annual,"Euro per kilogram, chain linked volumes (2015)",Romania,2007,0.3296,,
ESTAT:ENV_AC_RP(1.0),07/08/24 23:00:00,Annual,"Euro per kilogram, chain linked volumes (2015)",Romania,2008,0.3388,,
ESTAT:ENV_AC_RP(1.0),07/08/24 23:00:00,Annual,"Euro per kilogram, chain linked volumes (2015)",Romania,2009,0.4122,i,
ESTAT:ENV_AC_RP(1.0),07/08/24 23:00:00,Annual,"Euro per kilogram, chain linked volumes (2015)",Romania,2010,0.5082,i,
ESTAT:ENV_AC_RP(1.0),07/08/24 23:00:00,Annual,"Euro per kilogram, chain linked volumes (2015)",Romania,2011,0.383,i,
ESTAT:ENV_AC_RP(1.0),07/08/24 23:00:00,Annual,"Euro per kilogram, chain linked volumes (2015)",Romania,2012,0.4143,i,
ESTAT:ENV_AC_RP(1.0),07/08/24 23:00:00,Annual,"Euro per kilogram, chain linked volumes (2015)",Romania,2013,0.4171,i,
ESTAT:ENV_AC_RP(1.0),07/08/24 23:00:00,Annual,"Euro per kilogram, chain linked volumes (2015)",Romania,2014,0.4177,i,
ESTAT:ENV_AC_RP(1.0),07/08/24 23:00:00,Annual,"Euro per kilogram, chain linked volumes (2015)",Romania,2015,0.361,i,
ESTAT:ENV_AC_RP(1.0),07/08/24 23:00:00,Annual,"Euro per kilogram, chain linked volumes (2015)",Romania,2016,0.3668,i,
ESTAT:ENV_AC_RP(1.0),07/08/24 23:00:00,Annual,"Euro per kilogram, chain linked volumes (2015)",Romania,2017,0.4292,i,
ESTAT:ENV_AC_RP(1.0),07/08/24 23:00:00,Annual,"Euro per kilogram, chain linked volumes (2015)",Romania,2018,0.4224,i,
ESTAT:ENV_AC_RP(1.0),07/08/24 23:00:00,Annual,"Euro per kilogram, chain linked volumes (2015)",Romania,2019,0.3684,i,
ESTAT:ENV_AC_RP(1.0),07/08/24 23:00:00,Annual,"Euro per kilogram, chain linked volumes (2015)",Romania,2020,0.3448,,
ESTAT:ENV_AC_RP(1.0),07/08/24 23:00:00,Annual,"Euro per kilogram, chain linked volumes (2015)",Romania,2021,0.3559,,
ESTAT:ENV_AC_RP(1.0),07/08/24 23:00:00,Annual,"Euro per kilogram, chain linked volumes (2015)",Romania,2022,0.3748,,
ESTAT:ENV_AC_RP(1.0),07/08/24 23:00:00,Annual,"Euro per kilogram, chain linked volumes (2015)",Romania,2023,0.3461,i,
ESTAT:ENV_AC_RP(1.0),07/08/24 23:00:00,Annual,"Euro per kilogram, chain linked volumes (2015)",Serbia,2001,0.2375,,
ESTAT:ENV_AC_RP(1.0),07/08/24 23:00:00,Annual,"Euro per kilogram, chain linked volumes (2015)",Serbia,2002,0.2372,,
ESTAT:ENV_AC_RP(1.0),07/08/24 23:00:00,Annual,"Euro per kilogram, chain linked volumes (2015)",Serbia,2003,0.2646,,
ESTAT:ENV_AC_RP(1.0),07/08/24 23:00:00,Annual,"Euro per kilogram, chain linked volumes (2015)",Serbia,2004,0.2572,,
ESTAT:ENV_AC_RP(1.0),07/08/24 23:00:00,Annual,"Euro per kilogram, chain linked volumes (2015)",Serbia,2005,0.2685,,
ESTAT:ENV_AC_RP(1.0),07/08/24 23:00:00,Annual,"Euro per kilogram, chain linked volumes (2015)",Serbia,2006,0.2754,,
ESTAT:ENV_AC_RP(1.0),07/08/24 23:00:00,Annual,"Euro per kilogram, chain linked volumes (2015)",Serbia,2007,0.3085,,
ESTAT:ENV_AC_RP(1.0),07/08/24 23:00:00,Annual,"Euro per kilogram, chain linked volumes (2015)",Serbia,2008,0.3073,b,
ESTAT:ENV_AC_RP(1.0),07/08/24 23:00:00,Annual,"Euro per kilogram, chain linked volumes (2015)",Serbia,2009,0.3281,,
ESTAT:ENV_AC_RP(1.0),07/08/24 23:00:00,Annual,"Euro per kilogram, chain linked volumes (2015)",Serbia,2010,0.3113,,
ESTAT:ENV_AC_RP(1.0),07/08/24 23:00:00,Annual,"Euro per kilogram, chain linked volumes (2015)",Serbia,2011,0.3149,,
ESTAT:ENV_AC_RP(1.0),07/08/24 23:00:00,Annual,"Euro per kilogram, chain linked volumes (2015)",Serbia,2012,0.3455,,
ESTAT:ENV_AC_RP(1.0),07/08/24 23:00:00,Annual,"Euro per kilogram, chain linked volumes (2015)",Serbia,2013,0.3283,,
ESTAT:ENV_AC_RP(1.0),07/08/24 23:00:00,Annual,"Euro per kilogram, chain linked volumes (2015)",Serbia,2014,0.3425,,
ESTAT:ENV_AC_RP(1.0),07/08/24 23:00:00,Annual,"Euro per kilogram, chain linked volumes (2015)",Serbia,2015,0.3278,,
ESTAT:ENV_AC_RP(1.0),07/08/24 23:00:00,Annual,"Euro per kilogram, chain linked volumes (2015)",Serbia,2016,0.3109,,
ESTAT:ENV_AC_RP(1.0),07/08/24 23:00:00,Annual,"Euro per kilogram, chain linked volumes (2015)",Serbia,2017,0.3323,,
ESTAT:ENV_AC_RP(1.0),07/08/24 23:00:00,Annual,"Euro per kilogram, chain linked volumes (2015)",Serbia,2018,0.3334,,
ESTAT:ENV_AC_RP(1.0),07/08/24 23:00:00,Annual,"Euro per kilogram, chain linked volumes (2015)",Serbia,2019,0.3267,,
ESTAT:ENV_AC_RP(1.0),07/08/24 23:00:00,Annual,"Euro per kilogram, chain linked volumes (2015)",Serbia,2020,0.3101,,
ESTAT:ENV_AC_RP(1.0),07/08/24 23:00:00,Annual,"Euro per kilogram, chain linked volumes (2015)",Serbia,2021,0.3299,,
ESTAT:ENV_AC_RP(1.0),07/08/24 23:00:00,Annual,"Euro per kilogram, chain linked volumes (2015)",Sweden,2000,1.8493,,
ESTAT:ENV_AC_RP(1.0),07/08/24 23:00:00,Annual,"Euro per kilogram, chain linked volumes (2015)",Sweden,2001,1.9053,,
ESTAT:ENV_AC_RP(1.0),07/08/24 23:00:00,Annual,"Euro per kilogram, chain linked volumes (2015)",Sweden,2002,1.9132,,
ESTAT:ENV_AC_RP(1.0),07/08/24 23:00:00,Annual,"Euro per kilogram, chain linked volumes (2015)",Sweden,2003,1.931,,
ESTAT:ENV_AC_RP(1.0),07/08/24 23:00:00,Annual,"Euro per kilogram, chain linked volumes (2015)",Sweden,2004,1.9492,,
ESTAT:ENV_AC_RP(1.0),07/08/24 23:00:00,Annual,"Euro per kilogram, chain linked volumes (2015)",Sweden,2005,1.8469,,
ESTAT:ENV_AC_RP(1.0),07/08/24 23:00:00,Annual,"Euro per kilogram, chain linked volumes (2015)",Sweden,2006,2.0631,,
ESTAT:ENV_AC_RP(1.0),07/08/24 23:00:00,Annual,"Euro per kilogram, chain linked volumes (2015)",Sweden,2007,1.9396,,
ESTAT:ENV_AC_RP(1.0),07/08/24 23:00:00,Annual,"Euro per kilogram, chain linked volumes (2015)",Sweden,2008,1.9332,,
ESTAT:ENV_AC_RP(1.0),07/08/24 23:00:00,Annual,"Euro per kilogram, chain linked volumes (2015)",Sweden,2009,2.1306,,
ESTAT:ENV_AC_RP(1.0),07/08/24 23:00:00,Annual,"Euro per kilogram, chain linked volumes (2015)",Sweden,2010,1.9828,,
ESTAT:ENV_AC_RP(1.0),07/08/24 23:00:00,Annual,"Euro per kilogram, chain linked volumes (2015)",Sweden,2011,1.9406,,
ESTAT:ENV_AC_RP(1.0),07/08/24 23:00:00,Annual,"Euro per kilogram, chain linked volumes (2015)",Sweden,2012,1.9405,,
ESTAT:ENV_AC_RP(1.0),07/08/24 23:00:00,Annual,"Euro per kilogram, chain linked volumes (2015)",Sweden,2013,1.9071,,
ESTAT:ENV_AC_RP(1.0),07/08/24 23:00:00,Annual,"Euro per kilogram, chain linked volumes (2015)",Sweden,2014,1.9058,,
ESTAT:ENV_AC_RP(1.0),07/08/24 23:00:00,Annual,"Euro per kilogram, chain linked volumes (2015)",Sweden,2015,2.0114,,
ESTAT:ENV_AC_RP(1.0),07/08/24 23:00:00,Annual,"Euro per kilogram, chain linked volumes (2015)",Sweden,2016,2.0141,,
ESTAT:ENV_AC_RP(1.0),07/08/24 23:00:00,Annual,"Euro per kilogram, chain linked volumes (2015)",Sweden,2017,1.9456,,
ESTAT:ENV_AC_RP(1.0),07/08/24 23:00:00,Annual,"Euro per kilogram, chain linked volumes (2015)",Sweden,2018,1.9154,,
ESTAT:ENV_AC_RP(1.0),07/08/24 23:00:00,Annual,"Euro per kilogram, chain linked volumes (2015)",Sweden,2019,1.8713,,
ESTAT:ENV_AC_RP(1.0),07/08/24 23:00:00,Annual,"Euro per kilogram, chain linked volumes (2015)",Sweden,2020,1.918,,
ESTAT:ENV_AC_RP(1.0),07/08/24 23:00:00,Annual,"Euro per kilogram, chain linked volumes (2015)",Sweden,2021,1.9813,,
ESTAT:ENV_AC_RP(1.0),07/08/24 23:00:00,Annual,"Euro per kilogram, chain linked volumes (2015)",Sweden,2022,2.0257,,
ESTAT:ENV_AC_RP(1.0),07/08/24 23:00:00,Annual,"Euro per kilogram, chain linked volumes (2015)",Sweden,2023,2.1862,i,
ESTAT:ENV_AC_RP(1.0),07/08/24 23:00:00,Annual,"Euro per kilogram, chain linked volumes (2015)",Slovenia,2000,0.8518,,
ESTAT:ENV_AC_RP(1.0),07/08/24 23:00:00,Annual,"Euro per kilogram, chain linked volumes (2015)",Slovenia,2001,0.8944,,
ESTAT:ENV_AC_RP(1.0),07/08/24 23:00:00,Annual,"Euro per kilogram, chain linked volumes (2015)",Slovenia,2002,0.8922,,
ESTAT:ENV_AC_RP(1.0),07/08/24 23:00:00,Annual,"Euro per kilogram, chain linked volumes (2015)",Slovenia,2003,0.8492,,
ESTAT:ENV_AC_RP(1.0),07/08/24 23:00:00,Annual,"Euro per kilogram, chain linked volumes (2015)",Slovenia,2004,0.8768,,
ESTAT:ENV_AC_RP(1.0),07/08/24 23:00:00,Annual,"Euro per kilogram, chain linked volumes (2015)",Slovenia,2005,0.9387,,
ESTAT:ENV_AC_RP(1.0),07/08/24 23:00:00,Annual,"Euro per kilogram, chain linked volumes (2015)",Slovenia,2006,0.8509,,
ESTAT:ENV_AC_RP(1.0),07/08/24 23:00:00,Annual,"Euro per kilogram, chain linked volumes (2015)",Slovenia,2007,0.8222,,
ESTAT:ENV_AC_RP(1.0),07/08/24 23:00:00,Annual,"Euro per kilogram, chain linked volumes (2015)",Slovenia,2008,0.9672,,
ESTAT:ENV_AC_RP(1.0),07/08/24 23:00:00,Annual,"Euro per kilogram, chain linked volumes (2015)",Slovenia,2009,1.082,,
ESTAT:ENV_AC_RP(1.0),07/08/24 23:00:00,Annual,"Euro per kilogram, chain linked volumes (2015)",Slovenia,2010,1.1601,,
ESTAT:ENV_AC_RP(1.0),07/08/24 23:00:00,Annual,"Euro per kilogram, chain linked volumes (2015)",Slovenia,2011,1.2995,,
ESTAT:ENV_AC_RP(1.0),07/08/24 23:00:00,Annual,"Euro per kilogram, chain linked volumes (2015)",Slovenia,2012,1.4568,,
ESTAT:ENV_AC_RP(1.0),07/08/24 23:00:00,Annual,"Euro per kilogram, chain linked volumes (2015)",Slovenia,2013,1.4702,,
ESTAT:ENV_AC_RP(1.0),07/08/24 23:00:00,Annual,"Euro per kilogram, chain linked volumes (2015)",Slovenia,2014,1.4047,,
ESTAT:ENV_AC_RP(1.0),07/08/24 23:00:00,Annual,"Euro per kilogram, chain linked volumes (2015)",Slovenia,2015,1.4151,,
ESTAT:ENV_AC_RP(1.0),07/08/24 23:00:00,Annual,"Euro per kilogram, chain linked volumes (2015)",Slovenia,2016,1.5129,,
ESTAT:ENV_AC_RP(1.0),07/08/24 23:00:00,Annual,"Euro per kilogram, chain linked volumes (2015)",Slovenia,2017,1.5517,,
ESTAT:ENV_AC_RP(1.0),07/08/24 23:00:00,Annual,"Euro per kilogram, chain linked volumes (2015)",Slovenia,2018,1.4702,,
ESTAT:ENV_AC_RP(1.0),07/08/24 23:00:00,Annual,"Euro per kilogram, chain linked volumes (2015)",Slovenia,2019,1.6074,,
ESTAT:ENV_AC_RP(1.0),07/08/24 23:00:00,Annual,"Euro per kilogram, chain linked volumes (2015)",Slovenia,2020,1.5808,,
ESTAT:ENV_AC_RP(1.0),07/08/24 23:00:00,Annual,"Euro per kilogram, chain linked volumes (2015)",Slovenia,2021,1.5821,,
ESTAT:ENV_AC_RP(1.0),07/08/24 23:00:00,Annual,"Euro per kilogram, chain linked volumes (2015)",Slovenia,2022,1.5579,,
ESTAT:ENV_AC_RP(1.0),07/08/24 23:00:00,Annual,"Euro per kilogram, chain linked volumes (2015)",Slovenia,2023,1.3809,i,
ESTAT:ENV_AC_RP(1.0),07/08/24 23:00:00,Annual,"Euro per kilogram, chain linked volumes (2015)",Slovakia,2000,0.7978,,
ESTAT:ENV_AC_RP(1.0),07/08/24 23:00:00,Annual,"Euro per kilogram, chain linked volumes (2015)",Slovakia,2001,0.7718,,
ESTAT:ENV_AC_RP(1.0),07/08/24 23:00:00,Annual,"Euro per kilogram, chain linked volumes (2015)",Slovakia,2002,0.7728,,
ESTAT:ENV_AC_RP(1.0),07/08/24 23:00:00,Annual,"Euro per kilogram, chain linked volumes (2015)",Slovakia,2003,0.8357,,
ESTAT:ENV_AC_RP(1.0),07/08/24 23:00:00,Annual,"Euro per kilogram, chain linked volumes (2015)",Slovakia,2004,0.7647,,
ESTAT:ENV_AC_RP(1.0),07/08/24 23:00:00,Annual,"Euro per kilogram, chain linked volumes (2015)",Slovakia,2005,0.7379,,
ESTAT:ENV_AC_RP(1.0),07/08/24 23:00:00,Annual,"Euro per kilogram, chain linked volumes (2015)",Slovakia,2006,0.8079,,
ESTAT:ENV_AC_RP(1.0),07/08/24 23:00:00,Annual,"Euro per kilogram, chain linked volumes (2015)",Slovakia,2007,0.8754,,
ESTAT:ENV_AC_RP(1.0),07/08/24 23:00:00,Annual,"Euro per kilogram, chain linked volumes (2015)",Slovakia,2008,0.8279,,
ESTAT:ENV_AC_RP(1.0),07/08/24 23:00:00,Annual,"Euro per kilogram, chain linked volumes (2015)",Slovakia,2009,0.9079,,
ESTAT:ENV_AC_RP(1.0),07/08/24 23:00:00,Annual,"Euro per kilogram, chain linked volumes (2015)",Slovakia,2010,0.9875,,
ESTAT:ENV_AC_RP(1.0),07/08/24 23:00:00,Annual,"Euro per kilogram, chain linked volumes (2015)",Slovakia,2011,1.0016,,
ESTAT:ENV_AC_RP(1.0),07/08/24 23:00:00,Annual,"Euro per kilogram, chain linked volumes (2015)",Slovakia,2012,1.1495,,
ESTAT:ENV_AC_RP(1.0),07/08/24 23:00:00,Annual,"Euro per kilogram, chain linked volumes (2015)",Slovakia,2013,1.2014,,
ESTAT:ENV_AC_RP(1.0),07/08/24 23:00:00,Annual,"Euro per kilogram, chain linked volumes (2015)",Slovakia,2014,1.1219,,
ESTAT:ENV_AC_RP(1.0),07/08/24 23:00:00,Annual,"Euro per kilogram, chain linked volumes (2015)",Slovakia,2015,1.1835,,
ESTAT:ENV_AC_RP(1.0),07/08/24 23:00:00,Annual,"Euro per kilogram, chain linked volumes (2015)",Slovakia,2016,1.2133,,
ESTAT:ENV_AC_RP(1.0),07/08/24 23:00:00,Annual,"Euro per kilogram, chain linked volumes (2015)",Slovakia,2017,1.2091,,
ESTAT:ENV_AC_RP(1.0),07/08/24 23:00:00,Annual,"Euro per kilogram, chain linked volumes (2015)",Slovakia,2018,1.1894,,
ESTAT:ENV_AC_RP(1.0),07/08/24 23:00:00,Annual,"Euro per kilogram, chain linked volumes (2015)",Slovakia,2019,1.3387,,
ESTAT:ENV_AC_RP(1.0),07/08/24 23:00:00,Annual,"Euro per kilogram, chain linked volumes (2015)",Slovakia,2020,1.3377,,
ESTAT:ENV_AC_RP(1.0),07/08/24 23:00:00,Annual,"Euro per kilogram, chain linked volumes (2015)",Slovakia,2021,1.3851,,
ESTAT:ENV_AC_RP(1.0),07/08/24 23:00:00,Annual,"Euro per kilogram, chain linked volumes (2015)",Slovakia,2022,1.506,,
ESTAT:ENV_AC_RP(1.0),07/08/24 23:00:00,Annual,"Euro per kilogram, chain linked volumes (2015)",Slovakia,2023,1.5287,i,
ESTAT:ENV_AC_RP(1.0),07/08/24 23:00:00,Annual,"Euro per kilogram, chain linked volumes (2015)",Trkiye,2000,0.5904,,
ESTAT:ENV_AC_RP(1.0),07/08/24 23:00:00,Annual,"Euro per kilogram, chain linked volumes (2015)",Trkiye,2001,0.667,,
ESTAT:ENV_AC_RP(1.0),07/08/24 23:00:00,Annual,"Euro per kilogram, chain linked volumes (2015)",Trkiye,2002,0.6882,,
ESTAT:ENV_AC_RP(1.0),07/08/24 23:00:00,Annual,"Euro per kilogram, chain linked volumes (2015)",Trkiye,2003,0.7002,,
ESTAT:ENV_AC_RP(1.0),07/08/24 23:00:00,Annual,"Euro per kilogram, chain linked volumes (2015)",Trkiye,2004,0.7345,,
ESTAT:ENV_AC_RP(1.0),07/08/24 23:00:00,Annual,"Euro per kilogram, chain linked volumes (2015)",Trkiye,2005,0.6779,,
ESTAT:ENV_AC_RP(1.0),07/08/24 23:00:00,Annual,"Euro per kilogram, chain linked volumes (2015)",Trkiye,2006,0.6343,,
ESTAT:ENV_AC_RP(1.0),07/08/24 23:00:00,Annual,"Euro per kilogram, chain linked volumes (2015)",Trkiye,2007,0.6529,,
ESTAT:ENV_AC_RP(1.0),07/08/24 23:00:00,Annual,"Euro per kilogram, chain linked volumes (2015)",Trkiye,2008,0.6629,,
ESTAT:ENV_AC_RP(1.0),07/08/24 23:00:00,Annual,"Euro per kilogram, chain linked volumes (2015)",Trkiye,2009,0.6473,,
ESTAT:ENV_AC_RP(1.0),07/08/24 23:00:00,Annual,"Euro per kilogram, chain linked volumes (2015)",Trkiye,2010,0.5851,,
ESTAT:ENV_AC_RP(1.0),07/08/24 23:00:00,Annual,"Euro per kilogram, chain linked volumes (2015)",Trkiye,2011,0.6152,,
ESTAT:ENV_AC_RP(1.0),07/08/24 23:00:00,Annual,"Euro per kilogram, chain linked volumes (2015)",Trkiye,2012,0.7216,,
ESTAT:ENV_AC_RP(1.0),07/08/24 23:00:00,Annual,"Euro per kilogram, chain linked volumes (2015)",Trkiye,2013,0.778,,
ESTAT:ENV_AC_RP(1.0),07/08/24 23:00:00,Annual,"Euro per kilogram, chain linked volumes (2015)",Trkiye,2014,0.7859,,
ESTAT:ENV_AC_RP(1.0),07/08/24 23:00:00,Annual,"Euro per kilogram, chain linked volumes (2015)",Trkiye,2015,0.7732,,
ESTAT:ENV_AC_RP(1.0),07/08/24 23:00:00,Annual,"Euro per kilogram, chain linked volumes (2015)",Trkiye,2016,0.7851,,
ESTAT:ENV_AC_RP(1.0),07/08/24 23:00:00,Annual,"Euro per kilogram, chain linked volumes (2015)",Trkiye,2017,0.8025,,
ESTAT:ENV_AC_RP(1.0),07/08/24 23:00:00,Annual,"Euro per kilogram, chain linked volumes (2015)",Trkiye,2018,0.8986,,
ESTAT:ENV_AC_RP(1.0),07/08/24 23:00:00,Annual,"Euro per kilogram, chain linked volumes (2015)",Trkiye,2019,1.0187,,
ESTAT:ENV_AC_RP(1.0),07/08/24 23:00:00,Annual,"Euro per kilogram, chain linked volumes (2015)",Trkiye,2020,0.9601,,
ESTAT:ENV_AC_RP(1.0),07/08/24 23:00:00,Annual,"Euro per kilogram, chain linked volumes (2015)",Trkiye,2021,1.0487,,
ESTAT:ENV_AC_RP(1.0),07/08/24 23:00:00,Annual,"Euro per kilogram, chain linked volumes (2015)",Trkiye,2022,1.0885,,
