DATAFLOW,LAST UPDATE,freq,material,unit,geo,TIME_PERIOD,OBS_VALUE,OBS_FLAG,CONF_STATUS
ESTAT:CEI_GSR030(1.0),07/08/24 23:00:00,Annual,Total,Percentage,Albania,2010,20.2,,
ESTAT:CEI_GSR030(1.0),07/08/24 23:00:00,Annual,Total,Percentage,Albania,2011,18.5,,
ESTAT:CEI_GSR030(1.0),07/08/24 23:00:00,Annual,Total,Percentage,Albania,2012,16.2,,
ESTAT:CEI_GSR030(1.0),07/08/24 23:00:00,Annual,Total,Percentage,Albania,2013,14.3,,
ESTAT:CEI_GSR030(1.0),07/08/24 23:00:00,Annual,Total,Percentage,Albania,2014,14.8,,
ESTAT:CEI_GSR030(1.0),07/08/24 23:00:00,Annual,Total,Percentage,Albania,2015,13,,
ESTAT:CEI_GSR030(1.0),07/08/24 23:00:00,Annual,Total,Percentage,Albania,2016,12.5,,
ESTAT:CEI_GSR030(1.0),07/08/24 23:00:00,Annual,Total,Percentage,Albania,2017,16.6,,
ESTAT:CEI_GSR030(1.0),07/08/24 23:00:00,Annual,Total,Percentage,Albania,2018,16.7,,
ESTAT:CEI_GSR030(1.0),07/08/24 23:00:00,Annual,Total,Percentage,Albania,2019,17.8,,
ESTAT:CEI_GSR030(1.0),07/08/24 23:00:00,Annual,Total,Percentage,Albania,2020,20.9,,
ESTAT:CEI_GSR030(1.0),07/08/24 23:00:00,Annual,Total,Percentage,Albania,2021,22.2,,
ESTAT:CEI_GSR030(1.0),07/08/24 23:00:00,Annual,Total,Percentage,Austria,2000,34.3,b,
ESTAT:CEI_GSR030(1.0),07/08/24 23:00:00,Annual,Total,Percentage,Austria,2001,35.8,,
ESTAT:CEI_GSR030(1.0),07/08/24 23:00:00,Annual,Total,Percentage,Austria,2002,34.9,,
ESTAT:CEI_GSR030(1.0),07/08/24 23:00:00,Annual,Total,Percentage,Austria,2003,37,,
ESTAT:CEI_GSR030(1.0),07/08/24 23:00:00,Annual,Total,Percentage,Austria,2004,37.3,,
ESTAT:CEI_GSR030(1.0),07/08/24 23:00:00,Annual,Total,Percentage,Austria,2005,38,,
ESTAT:CEI_GSR030(1.0),07/08/24 23:00:00,Annual,Total,Percentage,Austria,2006,39.5,,
ESTAT:CEI_GSR030(1.0),07/08/24 23:00:00,Annual,Total,Percentage,Austria,2007,39.7,,
ESTAT:CEI_GSR030(1.0),07/08/24 23:00:00,Annual,Total,Percentage,Austria,2008,39.1,,
ESTAT:CEI_GSR030(1.0),07/08/24 23:00:00,Annual,Total,Percentage,Austria,2009,38.9,,
ESTAT:CEI_GSR030(1.0),07/08/24 23:00:00,Annual,Total,Percentage,Austria,2010,41.5,,
ESTAT:CEI_GSR030(1.0),07/08/24 23:00:00,Annual,Total,Percentage,Austria,2011,41.3,,
ESTAT:CEI_GSR030(1.0),07/08/24 23:00:00,Annual,Total,Percentage,Austria,2012,42.9,,
ESTAT:CEI_GSR030(1.0),07/08/24 23:00:00,Annual,Total,Percentage,Austria,2013,42.7,,
ESTAT:CEI_GSR030(1.0),07/08/24 23:00:00,Annual,Total,Percentage,Austria,2014,40.6,,
ESTAT:CEI_GSR030(1.0),07/08/24 23:00:00,Annual,Total,Percentage,Austria,2015,42.4,,
ESTAT:CEI_GSR030(1.0),07/08/24 23:00:00,Annual,Total,Percentage,Austria,2016,43.1,,
ESTAT:CEI_GSR030(1.0),07/08/24 23:00:00,Annual,Total,Percentage,Austria,2017,44.2,,
ESTAT:CEI_GSR030(1.0),07/08/24 23:00:00,Annual,Total,Percentage,Austria,2018,44.5,,
ESTAT:CEI_GSR030(1.0),07/08/24 23:00:00,Annual,Total,Percentage,Austria,2019,44.4,,
ESTAT:CEI_GSR030(1.0),07/08/24 23:00:00,Annual,Total,Percentage,Austria,2020,44.3,,
ESTAT:CEI_GSR030(1.0),07/08/24 23:00:00,Annual,Total,Percentage,Austria,2021,43.4,,
ESTAT:CEI_GSR030(1.0),07/08/24 23:00:00,Annual,Total,Percentage,Austria,2022,42.5,,
ESTAT:CEI_GSR030(1.0),07/08/24 23:00:00,Annual,Total,Percentage,Austria,2023,41.5,i,
ESTAT:CEI_GSR030(1.0),07/08/24 23:00:00,Annual,Total,Percentage,Bosnia and Herzegovina,2015,22,,
ESTAT:CEI_GSR030(1.0),07/08/24 23:00:00,Annual,Total,Percentage,Bosnia and Herzegovina,2016,21.4,,
ESTAT:CEI_GSR030(1.0),07/08/24 23:00:00,Annual,Total,Percentage,Bosnia and Herzegovina,2017,23,,
ESTAT:CEI_GSR030(1.0),07/08/24 23:00:00,Annual,Total,Percentage,Bosnia and Herzegovina,2018,22.2,,
ESTAT:CEI_GSR030(1.0),07/08/24 23:00:00,Annual,Total,Percentage,Bosnia and Herzegovina,2019,21.7,,
ESTAT:CEI_GSR030(1.0),07/08/24 23:00:00,Annual,Total,Percentage,Bosnia and Herzegovina,2020,19.1,,
ESTAT:CEI_GSR030(1.0),07/08/24 23:00:00,Annual,Total,Percentage,Bosnia and Herzegovina,2021,21,,
ESTAT:CEI_GSR030(1.0),07/08/24 23:00:00,Annual,Total,Percentage,Bosnia and Herzegovina,2022,22.1,,
ESTAT:CEI_GSR030(1.0),07/08/24 23:00:00,Annual,Total,Percentage,Belgium,2000,67.1,,
ESTAT:CEI_GSR030(1.0),07/08/24 23:00:00,Annual,Total,Percentage,Belgium,2001,66.3,,
ESTAT:CEI_GSR030(1.0),07/08/24 23:00:00,Annual,Total,Percentage,Belgium,2002,66.8,,
ESTAT:CEI_GSR030(1.0),07/08/24 23:00:00,Annual,Total,Percentage,Belgium,2003,69,,
ESTAT:CEI_GSR030(1.0),07/08/24 23:00:00,Annual,Total,Percentage,Belgium,2004,69.7,,
ESTAT:CEI_GSR030(1.0),07/08/24 23:00:00,Annual,Total,Percentage,Belgium,2005,70.2,,
ESTAT:CEI_GSR030(1.0),07/08/24 23:00:00,Annual,Total,Percentage,Belgium,2006,70.7,,
ESTAT:CEI_GSR030(1.0),07/08/24 23:00:00,Annual,Total,Percentage,Belgium,2007,69.7,,
ESTAT:CEI_GSR030(1.0),07/08/24 23:00:00,Annual,Total,Percentage,Belgium,2008,70.4,,
ESTAT:CEI_GSR030(1.0),07/08/24 23:00:00,Annual,Total,Percentage,Belgium,2009,70.1,,
ESTAT:CEI_GSR030(1.0),07/08/24 23:00:00,Annual,Total,Percentage,Belgium,2010,72.5,,
ESTAT:CEI_GSR030(1.0),07/08/24 23:00:00,Annual,Total,Percentage,Belgium,2011,71.3,,
ESTAT:CEI_GSR030(1.0),07/08/24 23:00:00,Annual,Total,Percentage,Belgium,2012,72.2,,
ESTAT:CEI_GSR030(1.0),07/08/24 23:00:00,Annual,Total,Percentage,Belgium,2013,72.1,,
ESTAT:CEI_GSR030(1.0),07/08/24 23:00:00,Annual,Total,Percentage,Belgium,2014,71.5,,
ESTAT:CEI_GSR030(1.0),07/08/24 23:00:00,Annual,Total,Percentage,Belgium,2015,71.4,,
ESTAT:CEI_GSR030(1.0),07/08/24 23:00:00,Annual,Total,Percentage,Belgium,2016,72.9,,
ESTAT:CEI_GSR030(1.0),07/08/24 23:00:00,Annual,Total,Percentage,Belgium,2017,72,,
ESTAT:CEI_GSR030(1.0),07/08/24 23:00:00,Annual,Total,Percentage,Belgium,2018,72.7,,
ESTAT:CEI_GSR030(1.0),07/08/24 23:00:00,Annual,Total,Percentage,Belgium,2019,72.5,,
ESTAT:CEI_GSR030(1.0),07/08/24 23:00:00,Annual,Total,Percentage,Belgium,2020,72.3,,
ESTAT:CEI_GSR030(1.0),07/08/24 23:00:00,Annual,Total,Percentage,Belgium,2021,72.9,,
ESTAT:CEI_GSR030(1.0),07/08/24 23:00:00,Annual,Total,Percentage,Belgium,2022,75.2,,
ESTAT:CEI_GSR030(1.0),07/08/24 23:00:00,Annual,Total,Percentage,Belgium,2023,75.6,e,
ESTAT:CEI_GSR030(1.0),07/08/24 23:00:00,Annual,Total,Percentage,Bulgaria,2000,16.1,,
ESTAT:CEI_GSR030(1.0),07/08/24 23:00:00,Annual,Total,Percentage,Bulgaria,2001,15.7,,
ESTAT:CEI_GSR030(1.0),07/08/24 23:00:00,Annual,Total,Percentage,Bulgaria,2002,15.2,,
ESTAT:CEI_GSR030(1.0),07/08/24 23:00:00,Annual,Total,Percentage,Bulgaria,2003,17.5,,
ESTAT:CEI_GSR030(1.0),07/08/24 23:00:00,Annual,Total,Percentage,Bulgaria,2004,16.6,,
ESTAT:CEI_GSR030(1.0),07/08/24 23:00:00,Annual,Total,Percentage,Bulgaria,2005,17.5,,
ESTAT:CEI_GSR030(1.0),07/08/24 23:00:00,Annual,Total,Percentage,Bulgaria,2006,18.2,,
ESTAT:CEI_GSR030(1.0),07/08/24 23:00:00,Annual,Total,Percentage,Bulgaria,2007,18.8,,
ESTAT:CEI_GSR030(1.0),07/08/24 23:00:00,Annual,Total,Percentage,Bulgaria,2008,16.9,e,
ESTAT:CEI_GSR030(1.0),07/08/24 23:00:00,Annual,Total,Percentage,Bulgaria,2009,16,e,
ESTAT:CEI_GSR030(1.0),07/08/24 23:00:00,Annual,Total,Percentage,Bulgaria,2010,15.9,e,
ESTAT:CEI_GSR030(1.0),07/08/24 23:00:00,Annual,Total,Percentage,Bulgaria,2011,15,,
ESTAT:CEI_GSR030(1.0),07/08/24 23:00:00,Annual,Total,Percentage,Bulgaria,2012,15.2,,
ESTAT:CEI_GSR030(1.0),07/08/24 23:00:00,Annual,Total,Percentage,Bulgaria,2013,15.7,,
ESTAT:CEI_GSR030(1.0),07/08/24 23:00:00,Annual,Total,Percentage,Bulgaria,2014,14.5,,
ESTAT:CEI_GSR030(1.0),07/08/24 23:00:00,Annual,Total,Percentage,Bulgaria,2015,14.1,,
ESTAT:CEI_GSR030(1.0),07/08/24 23:00:00,Annual,Total,Percentage,Bulgaria,2016,16.1,,
ESTAT:CEI_GSR030(1.0),07/08/24 23:00:00,Annual,Total,Percentage,Bulgaria,2017,16.8,,
ESTAT:CEI_GSR030(1.0),07/08/24 23:00:00,Annual,Total,Percentage,Bulgaria,2018,15.7,,
ESTAT:CEI_GSR030(1.0),07/08/24 23:00:00,Annual,Total,Percentage,Bulgaria,2019,16.4,,
ESTAT:CEI_GSR030(1.0),07/08/24 23:00:00,Annual,Total,Percentage,Bulgaria,2020,16,,
ESTAT:CEI_GSR030(1.0),07/08/24 23:00:00,Annual,Total,Percentage,Bulgaria,2021,15.3,,
ESTAT:CEI_GSR030(1.0),07/08/24 23:00:00,Annual,Total,Percentage,Bulgaria,2022,17.4,,
ESTAT:CEI_GSR030(1.0),07/08/24 23:00:00,Annual,Total,Percentage,Bulgaria,2023,16.1,i,
ESTAT:CEI_GSR030(1.0),07/08/24 23:00:00,Annual,Total,Percentage,Switzerland,2000,43.1,,
ESTAT:CEI_GSR030(1.0),07/08/24 23:00:00,Annual,Total,Percentage,Switzerland,2001,44.1,,
ESTAT:CEI_GSR030(1.0),07/08/24 23:00:00,Annual,Total,Percentage,Switzerland,2002,45.1,b,
ESTAT:CEI_GSR030(1.0),07/08/24 23:00:00,Annual,Total,Percentage,Switzerland,2003,46.3,,
ESTAT:CEI_GSR030(1.0),07/08/24 23:00:00,Annual,Total,Percentage,Switzerland,2004,44.6,,
ESTAT:CEI_GSR030(1.0),07/08/24 23:00:00,Annual,Total,Percentage,Switzerland,2005,44.6,,
ESTAT:CEI_GSR030(1.0),07/08/24 23:00:00,Annual,Total,Percentage,Switzerland,2006,46.1,,
ESTAT:CEI_GSR030(1.0),07/08/24 23:00:00,Annual,Total,Percentage,Switzerland,2007,45.7,,
ESTAT:CEI_GSR030(1.0),07/08/24 23:00:00,Annual,Total,Percentage,Switzerland,2008,46.3,,
ESTAT:CEI_GSR030(1.0),07/08/24 23:00:00,Annual,Total,Percentage,Switzerland,2009,44.6,,
ESTAT:CEI_GSR030(1.0),07/08/24 23:00:00,Annual,Total,Percentage,Switzerland,2010,45.5,,
ESTAT:CEI_GSR030(1.0),07/08/24 23:00:00,Annual,Total,Percentage,Switzerland,2011,45.1,,
ESTAT:CEI_GSR030(1.0),07/08/24 23:00:00,Annual,Total,Percentage,Switzerland,2012,45.8,,
ESTAT:CEI_GSR030(1.0),07/08/24 23:00:00,Annual,Total,Percentage,Switzerland,2013,46.5,,
ESTAT:CEI_GSR030(1.0),07/08/24 23:00:00,Annual,Total,Percentage,Switzerland,2014,44.9,,
ESTAT:CEI_GSR030(1.0),07/08/24 23:00:00,Annual,Total,Percentage,Switzerland,2015,47.8,,
ESTAT:CEI_GSR030(1.0),07/08/24 23:00:00,Annual,Total,Percentage,Switzerland,2016,47,,
ESTAT:CEI_GSR030(1.0),07/08/24 23:00:00,Annual,Total,Percentage,Switzerland,2017,47.4,,
ESTAT:CEI_GSR030(1.0),07/08/24 23:00:00,Annual,Total,Percentage,Switzerland,2018,47.2,,
ESTAT:CEI_GSR030(1.0),07/08/24 23:00:00,Annual,Total,Percentage,Switzerland,2019,46.9,,
ESTAT:CEI_GSR030(1.0),07/08/24 23:00:00,Annual,Total,Percentage,Switzerland,2020,45.2,,
ESTAT:CEI_GSR030(1.0),07/08/24 23:00:00,Annual,Total,Percentage,Switzerland,2021,46.1,,
ESTAT:CEI_GSR030(1.0),07/08/24 23:00:00,Annual,Total,Percentage,Switzerland,2022,46.6,,
ESTAT:CEI_GSR030(1.0),07/08/24 23:00:00,Annual,Total,Percentage,Switzerland,2023,46.7,e,
ESTAT:CEI_GSR030(1.0),07/08/24 23:00:00,Annual,Total,Percentage,Cyprus,2000,22.2,i,
ESTAT:CEI_GSR030(1.0),07/08/24 23:00:00,Annual,Total,Percentage,Cyprus,2001,23.4,i,
ESTAT:CEI_GSR030(1.0),07/08/24 23:00:00,Annual,Total,Percentage,Cyprus,2002,21.2,i,
ESTAT:CEI_GSR030(1.0),07/08/24 23:00:00,Annual,Total,Percentage,Cyprus,2003,19.9,i,
ESTAT:CEI_GSR030(1.0),07/08/24 23:00:00,Annual,Total,Percentage,Cyprus,2004,24.2,i,
ESTAT:CEI_GSR030(1.0),07/08/24 23:00:00,Annual,Total,Percentage,Cyprus,2005,27.4,i,
ESTAT:CEI_GSR030(1.0),07/08/24 23:00:00,Annual,Total,Percentage,Cyprus,2006,27,i,
ESTAT:CEI_GSR030(1.0),07/08/24 23:00:00,Annual,Total,Percentage,Cyprus,2007,25.7,i,
ESTAT:CEI_GSR030(1.0),07/08/24 23:00:00,Annual,Total,Percentage,Cyprus,2008,36,,
ESTAT:CEI_GSR030(1.0),07/08/24 23:00:00,Annual,Total,Percentage,Cyprus,2009,34.4,,
ESTAT:CEI_GSR030(1.0),07/08/24 23:00:00,Annual,Total,Percentage,Cyprus,2010,24.7,,
ESTAT:CEI_GSR030(1.0),07/08/24 23:00:00,Annual,Total,Percentage,Cyprus,2011,22.5,,
ESTAT:CEI_GSR030(1.0),07/08/24 23:00:00,Annual,Total,Percentage,Cyprus,2012,26.5,,
ESTAT:CEI_GSR030(1.0),07/08/24 23:00:00,Annual,Total,Percentage,Cyprus,2013,29.2,,
ESTAT:CEI_GSR030(1.0),07/08/24 23:00:00,Annual,Total,Percentage,Cyprus,2014,30.8,,
ESTAT:CEI_GSR030(1.0),07/08/24 23:00:00,Annual,Total,Percentage,Cyprus,2015,32.8,,
ESTAT:CEI_GSR030(1.0),07/08/24 23:00:00,Annual,Total,Percentage,Cyprus,2016,33.6,,
ESTAT:CEI_GSR030(1.0),07/08/24 23:00:00,Annual,Total,Percentage,Cyprus,2017,33.3,,
ESTAT:CEI_GSR030(1.0),07/08/24 23:00:00,Annual,Total,Percentage,Cyprus,2018,34,,
ESTAT:CEI_GSR030(1.0),07/08/24 23:00:00,Annual,Total,Percentage,Cyprus,2019,31.4,,
ESTAT:CEI_GSR030(1.0),07/08/24 23:00:00,Annual,Total,Percentage,Cyprus,2020,32.4,,
ESTAT:CEI_GSR030(1.0),07/08/24 23:00:00,Annual,Total,Percentage,Cyprus,2021,31.9,,
ESTAT:CEI_GSR030(1.0),07/08/24 23:00:00,Annual,Total,Percentage,Cyprus,2022,31.1,,
ESTAT:CEI_GSR030(1.0),07/08/24 23:00:00,Annual,Total,Percentage,Cyprus,2023,32.7,i,
ESTAT:CEI_GSR030(1.0),07/08/24 23:00:00,Annual,Total,Percentage,Czechia,2000,20.2,,
ESTAT:CEI_GSR030(1.0),07/08/24 23:00:00,Annual,Total,Percentage,Czechia,2001,21.1,,
ESTAT:CEI_GSR030(1.0),07/08/24 23:00:00,Annual,Total,Percentage,Czechia,2002,22.2,,
ESTAT:CEI_GSR030(1.0),07/08/24 23:00:00,Annual,Total,Percentage,Czechia,2003,23,,
ESTAT:CEI_GSR030(1.0),07/08/24 23:00:00,Annual,Total,Percentage,Czechia,2004,25.4,,
ESTAT:CEI_GSR030(1.0),07/08/24 23:00:00,Annual,Total,Percentage,Czechia,2005,24.2,,
ESTAT:CEI_GSR030(1.0),07/08/24 23:00:00,Annual,Total,Percentage,Czechia,2006,25.6,,
ESTAT:CEI_GSR030(1.0),07/08/24 23:00:00,Annual,Total,Percentage,Czechia,2007,25.2,,
ESTAT:CEI_GSR030(1.0),07/08/24 23:00:00,Annual,Total,Percentage,Czechia,2008,26.3,,
ESTAT:CEI_GSR030(1.0),07/08/24 23:00:00,Annual,Total,Percentage,Czechia,2009,25.3,,
ESTAT:CEI_GSR030(1.0),07/08/24 23:00:00,Annual,Total,Percentage,Czechia,2010,29.3,,
ESTAT:CEI_GSR030(1.0),07/08/24 23:00:00,Annual,Total,Percentage,Czechia,2011,29.1,,
ESTAT:CEI_GSR030(1.0),07/08/24 23:00:00,Annual,Total,Percentage,Czechia,2012,29.9,,
ESTAT:CEI_GSR030(1.0),07/08/24 23:00:00,Annual,Total,Percentage,Czechia,2013,31.8,,
ESTAT:CEI_GSR030(1.0),07/08/24 23:00:00,Annual,Total,Percentage,Czechia,2014,31.8,,
ESTAT:CEI_GSR030(1.0),07/08/24 23:00:00,Annual,Total,Percentage,Czechia,2015,33,,
ESTAT:CEI_GSR030(1.0),07/08/24 23:00:00,Annual,Total,Percentage,Czechia,2016,32.3,,
ESTAT:CEI_GSR030(1.0),07/08/24 23:00:00,Annual,Total,Percentage,Czechia,2017,32.9,,
ESTAT:CEI_GSR030(1.0),07/08/24 23:00:00,Annual,Total,Percentage,Czechia,2018,32.8,,
ESTAT:CEI_GSR030(1.0),07/08/24 23:00:00,Annual,Total,Percentage,Czechia,2019,32.7,,
ESTAT:CEI_GSR030(1.0),07/08/24 23:00:00,Annual,Total,Percentage,Czechia,2020,31.1,,
ESTAT:CEI_GSR030(1.0),07/08/24 23:00:00,Annual,Total,Percentage,Czechia,2021,33.2,,
ESTAT:CEI_GSR030(1.0),07/08/24 23:00:00,Annual,Total,Percentage,Czechia,2022,32.9,,
ESTAT:CEI_GSR030(1.0),07/08/24 23:00:00,Annual,Total,Percentage,Czechia,2023,32.4,i,
ESTAT:CEI_GSR030(1.0),07/08/24 23:00:00,Annual,Total,Percentage,Germany,2000,30.7,,
ESTAT:CEI_GSR030(1.0),07/08/24 23:00:00,Annual,Total,Percentage,Germany,2001,31.4,,
ESTAT:CEI_GSR030(1.0),07/08/24 23:00:00,Annual,Total,Percentage,Germany,2002,32.2,,
ESTAT:CEI_GSR030(1.0),07/08/24 23:00:00,Annual,Total,Percentage,Germany,2003,34.1,,
ESTAT:CEI_GSR030(1.0),07/08/24 23:00:00,Annual,Total,Percentage,Germany,2004,34.7,,
ESTAT:CEI_GSR030(1.0),07/08/24 23:00:00,Annual,Total,Percentage,Germany,2005,35.2,,
ESTAT:CEI_GSR030(1.0),07/08/24 23:00:00,Annual,Total,Percentage,Germany,2006,36.2,,
ESTAT:CEI_GSR030(1.0),07/08/24 23:00:00,Annual,Total,Percentage,Germany,2007,36.6,,
ESTAT:CEI_GSR030(1.0),07/08/24 23:00:00,Annual,Total,Percentage,Germany,2008,37.2,,
ESTAT:CEI_GSR030(1.0),07/08/24 23:00:00,Annual,Total,Percentage,Germany,2009,35.4,,
ESTAT:CEI_GSR030(1.0),07/08/24 23:00:00,Annual,Total,Percentage,Germany,2010,38,,
ESTAT:CEI_GSR030(1.0),07/08/24 23:00:00,Annual,Total,Percentage,Germany,2011,37.1,,
ESTAT:CEI_GSR030(1.0),07/08/24 23:00:00,Annual,Total,Percentage,Germany,2012,36.8,,
ESTAT:CEI_GSR030(1.0),07/08/24 23:00:00,Annual,Total,Percentage,Germany,2013,37.9,,
ESTAT:CEI_GSR030(1.0),07/08/24 23:00:00,Annual,Total,Percentage,Germany,2014,38,,
ESTAT:CEI_GSR030(1.0),07/08/24 23:00:00,Annual,Total,Percentage,Germany,2015,40,,
ESTAT:CEI_GSR030(1.0),07/08/24 23:00:00,Annual,Total,Percentage,Germany,2016,40,,
ESTAT:CEI_GSR030(1.0),07/08/24 23:00:00,Annual,Total,Percentage,Germany,2017,39.1,,
ESTAT:CEI_GSR030(1.0),07/08/24 23:00:00,Annual,Total,Percentage,Germany,2018,40,,
ESTAT:CEI_GSR030(1.0),07/08/24 23:00:00,Annual,Total,Percentage,Germany,2019,41.4,,
ESTAT:CEI_GSR030(1.0),07/08/24 23:00:00,Annual,Total,Percentage,Germany,2020,39.7,,
ESTAT:CEI_GSR030(1.0),07/08/24 23:00:00,Annual,Total,Percentage,Germany,2021,40,,
ESTAT:CEI_GSR030(1.0),07/08/24 23:00:00,Annual,Total,Percentage,Germany,2022,38.8,,
ESTAT:CEI_GSR030(1.0),07/08/24 23:00:00,Annual,Total,Percentage,Germany,2023,37.5,i,
ESTAT:CEI_GSR030(1.0),07/08/24 23:00:00,Annual,Total,Percentage,Denmark,2000,29.1,,
ESTAT:CEI_GSR030(1.0),07/08/24 23:00:00,Annual,Total,Percentage,Denmark,2001,30.3,,
ESTAT:CEI_GSR030(1.0),07/08/24 23:00:00,Annual,Total,Percentage,Denmark,2002,29.7,,
ESTAT:CEI_GSR030(1.0),07/08/24 23:00:00,Annual,Total,Percentage,Denmark,2003,33.5,,
ESTAT:CEI_GSR030(1.0),07/08/24 23:00:00,Annual,Total,Percentage,Denmark,2004,32,,
ESTAT:CEI_GSR030(1.0),07/08/24 23:00:00,Annual,Total,Percentage,Denmark,2005,30.5,,
ESTAT:CEI_GSR030(1.0),07/08/24 23:00:00,Annual,Total,Percentage,Denmark,2006,33.2,,
ESTAT:CEI_GSR030(1.0),07/08/24 23:00:00,Annual,Total,Percentage,Denmark,2007,33.3,,
ESTAT:CEI_GSR030(1.0),07/08/24 23:00:00,Annual,Total,Percentage,Denmark,2008,35.7,,
ESTAT:CEI_GSR030(1.0),07/08/24 23:00:00,Annual,Total,Percentage,Denmark,2009,35.5,,
ESTAT:CEI_GSR030(1.0),07/08/24 23:00:00,Annual,Total,Percentage,Denmark,2010,35.2,,
ESTAT:CEI_GSR030(1.0),07/08/24 23:00:00,Annual,Total,Percentage,Denmark,2011,36,,
ESTAT:CEI_GSR030(1.0),07/08/24 23:00:00,Annual,Total,Percentage,Denmark,2012,34.8,,
ESTAT:CEI_GSR030(1.0),07/08/24 23:00:00,Annual,Total,Percentage,Denmark,2013,38.8,,
ESTAT:CEI_GSR030(1.0),07/08/24 23:00:00,Annual,Total,Percentage,Denmark,2014,37.1,,
ESTAT:CEI_GSR030(1.0),07/08/24 23:00:00,Annual,Total,Percentage,Denmark,2015,35.9,,
ESTAT:CEI_GSR030(1.0),07/08/24 23:00:00,Annual,Total,Percentage,Denmark,2016,35.4,,
ESTAT:CEI_GSR030(1.0),07/08/24 23:00:00,Annual,Total,Percentage,Denmark,2017,36,,
ESTAT:CEI_GSR030(1.0),07/08/24 23:00:00,Annual,Total,Percentage,Denmark,2018,38.1,,
ESTAT:CEI_GSR030(1.0),07/08/24 23:00:00,Annual,Total,Percentage,Denmark,2019,37.1,,
ESTAT:CEI_GSR030(1.0),07/08/24 23:00:00,Annual,Total,Percentage,Denmark,2020,37,,
ESTAT:CEI_GSR030(1.0),07/08/24 23:00:00,Annual,Total,Percentage,Denmark,2021,37.7,,
ESTAT:CEI_GSR030(1.0),07/08/24 23:00:00,Annual,Total,Percentage,Denmark,2022,38.7,,
ESTAT:CEI_GSR030(1.0),07/08/24 23:00:00,Annual,Total,Percentage,Denmark,2023,39.8,i,
ESTAT:CEI_GSR030(1.0),07/08/24 23:00:00,Annual,Total,Percentage,Estonia,2000,18.2,,
ESTAT:CEI_GSR030(1.0),07/08/24 23:00:00,Annual,Total,Percentage,Estonia,2001,18.3,,
ESTAT:CEI_GSR030(1.0),07/08/24 23:00:00,Annual,Total,Percentage,Estonia,2002,18.3,,
ESTAT:CEI_GSR030(1.0),07/08/24 23:00:00,Annual,Total,Percentage,Estonia,2003,18.3,,
ESTAT:CEI_GSR030(1.0),07/08/24 23:00:00,Annual,Total,Percentage,Estonia,2004,24.6,,
ESTAT:CEI_GSR030(1.0),07/08/24 23:00:00,Annual,Total,Percentage,Estonia,2005,22.8,,
ESTAT:CEI_GSR030(1.0),07/08/24 23:00:00,Annual,Total,Percentage,Estonia,2006,26.6,,
ESTAT:CEI_GSR030(1.0),07/08/24 23:00:00,Annual,Total,Percentage,Estonia,2007,24.1,,
ESTAT:CEI_GSR030(1.0),07/08/24 23:00:00,Annual,Total,Percentage,Estonia,2008,21.6,,
ESTAT:CEI_GSR030(1.0),07/08/24 23:00:00,Annual,Total,Percentage,Estonia,2009,20.9,,
ESTAT:CEI_GSR030(1.0),07/08/24 23:00:00,Annual,Total,Percentage,Estonia,2010,21.5,,
ESTAT:CEI_GSR030(1.0),07/08/24 23:00:00,Annual,Total,Percentage,Estonia,2011,21.8,,
ESTAT:CEI_GSR030(1.0),07/08/24 23:00:00,Annual,Total,Percentage,Estonia,2012,20.7,,
ESTAT:CEI_GSR030(1.0),07/08/24 23:00:00,Annual,Total,Percentage,Estonia,2013,19.3,,
ESTAT:CEI_GSR030(1.0),07/08/24 23:00:00,Annual,Total,Percentage,Estonia,2014,20.2,,
ESTAT:CEI_GSR030(1.0),07/08/24 23:00:00,Annual,Total,Percentage,Estonia,2015,19.7,,
ESTAT:CEI_GSR030(1.0),07/08/24 23:00:00,Annual,Total,Percentage,Estonia,2016,22.3,,
ESTAT:CEI_GSR030(1.0),07/08/24 23:00:00,Annual,Total,Percentage,Estonia,2017,20.9,,
ESTAT:CEI_GSR030(1.0),07/08/24 23:00:00,Annual,Total,Percentage,Estonia,2018,23.4,,
ESTAT:CEI_GSR030(1.0),07/08/24 23:00:00,Annual,Total,Percentage,Estonia,2019,24.4,,
ESTAT:CEI_GSR030(1.0),07/08/24 23:00:00,Annual,Total,Percentage,Estonia,2020,26.7,,
ESTAT:CEI_GSR030(1.0),07/08/24 23:00:00,Annual,Total,Percentage,Estonia,2021,30.4,,
ESTAT:CEI_GSR030(1.0),07/08/24 23:00:00,Annual,Total,Percentage,Estonia,2022,25.3,,
ESTAT:CEI_GSR030(1.0),07/08/24 23:00:00,Annual,Total,Percentage,Estonia,2023,19.2,i,
ESTAT:CEI_GSR030(1.0),07/08/24 23:00:00,Annual,Total,Percentage,Greece,2000,23.8,i,
ESTAT:CEI_GSR030(1.0),07/08/24 23:00:00,Annual,Total,Percentage,Greece,2001,25.4,i,
ESTAT:CEI_GSR030(1.0),07/08/24 23:00:00,Annual,Total,Percentage,Greece,2002,22.9,i,
ESTAT:CEI_GSR030(1.0),07/08/24 23:00:00,Annual,Total,Percentage,Greece,2003,23.8,i,
ESTAT:CEI_GSR030(1.0),07/08/24 23:00:00,Annual,Total,Percentage,Greece,2004,23.4,i,
ESTAT:CEI_GSR030(1.0),07/08/24 23:00:00,Annual,Total,Percentage,Greece,2005,23.4,i,
ESTAT:CEI_GSR030(1.0),07/08/24 23:00:00,Annual,Total,Percentage,Greece,2006,24.8,i,
ESTAT:CEI_GSR030(1.0),07/08/24 23:00:00,Annual,Total,Percentage,Greece,2007,19.6,i,
ESTAT:CEI_GSR030(1.0),07/08/24 23:00:00,Annual,Total,Percentage,Greece,2008,20.6,,
ESTAT:CEI_GSR030(1.0),07/08/24 23:00:00,Annual,Total,Percentage,Greece,2009,21.2,,
ESTAT:CEI_GSR030(1.0),07/08/24 23:00:00,Annual,Total,Percentage,Greece,2010,23.2,,
ESTAT:CEI_GSR030(1.0),07/08/24 23:00:00,Annual,Total,Percentage,Greece,2011,24.2,,
ESTAT:CEI_GSR030(1.0),07/08/24 23:00:00,Annual,Total,Percentage,Greece,2012,25,,
ESTAT:CEI_GSR030(1.0),07/08/24 23:00:00,Annual,Total,Percentage,Greece,2013,26.2,,
ESTAT:CEI_GSR030(1.0),07/08/24 23:00:00,Annual,Total,Percentage,Greece,2014,26.3,,
ESTAT:CEI_GSR030(1.0),07/08/24 23:00:00,Annual,Total,Percentage,Greece,2015,29.5,,
ESTAT:CEI_GSR030(1.0),07/08/24 23:00:00,Annual,Total,Percentage,Greece,2016,32.5,,
ESTAT:CEI_GSR030(1.0),07/08/24 23:00:00,Annual,Total,Percentage,Greece,2017,33.8,,
ESTAT:CEI_GSR030(1.0),07/08/24 23:00:00,Annual,Total,Percentage,Greece,2018,35.5,,
ESTAT:CEI_GSR030(1.0),07/08/24 23:00:00,Annual,Total,Percentage,Greece,2019,36.3,,
ESTAT:CEI_GSR030(1.0),07/08/24 23:00:00,Annual,Total,Percentage,Greece,2020,39.2,,
ESTAT:CEI_GSR030(1.0),07/08/24 23:00:00,Annual,Total,Percentage,Greece,2021,40.6,b,
ESTAT:CEI_GSR030(1.0),07/08/24 23:00:00,Annual,Total,Percentage,Greece,2022,40.1,,
ESTAT:CEI_GSR030(1.0),07/08/24 23:00:00,Annual,Total,Percentage,Greece,2023,39.4,i,
ESTAT:CEI_GSR030(1.0),07/08/24 23:00:00,Annual,Total,Percentage,Spain,2000,28.3,,
ESTAT:CEI_GSR030(1.0),07/08/24 23:00:00,Annual,Total,Percentage,Spain,2001,27.8,,
ESTAT:CEI_GSR030(1.0),07/08/24 23:00:00,Annual,Total,Percentage,Spain,2002,27.7,,
ESTAT:CEI_GSR030(1.0),07/08/24 23:00:00,Annual,Total,Percentage,Spain,2003,26.4,,
ESTAT:CEI_GSR030(1.0),07/08/24 23:00:00,Annual,Total,Percentage,Spain,2004,27.1,,
ESTAT:CEI_GSR030(1.0),07/08/24 23:00:00,Annual,Total,Percentage,Spain,2005,28.1,,
ESTAT:CEI_GSR030(1.0),07/08/24 23:00:00,Annual,Total,Percentage,Spain,2006,27.1,,
ESTAT:CEI_GSR030(1.0),07/08/24 23:00:00,Annual,Total,Percentage,Spain,2007,27.2,,
ESTAT:CEI_GSR030(1.0),07/08/24 23:00:00,Annual,Total,Percentage,Spain,2008,29.4,b,
ESTAT:CEI_GSR030(1.0),07/08/24 23:00:00,Annual,Total,Percentage,Spain,2009,29.8,,
ESTAT:CEI_GSR030(1.0),07/08/24 23:00:00,Annual,Total,Percentage,Spain,2010,32.6,,
ESTAT:CEI_GSR030(1.0),07/08/24 23:00:00,Annual,Total,Percentage,Spain,2011,35.4,,
ESTAT:CEI_GSR030(1.0),07/08/24 23:00:00,Annual,Total,Percentage,Spain,2012,41.5,,
ESTAT:CEI_GSR030(1.0),07/08/24 23:00:00,Annual,Total,Percentage,Spain,2013,41.7,,
ESTAT:CEI_GSR030(1.0),07/08/24 23:00:00,Annual,Total,Percentage,Spain,2014,43.3,,
ESTAT:CEI_GSR030(1.0),07/08/24 23:00:00,Annual,Total,Percentage,Spain,2015,43.7,,
ESTAT:CEI_GSR030(1.0),07/08/24 23:00:00,Annual,Total,Percentage,Spain,2016,42.9,,
ESTAT:CEI_GSR030(1.0),07/08/24 23:00:00,Annual,Total,Percentage,Spain,2017,45.7,,
ESTAT:CEI_GSR030(1.0),07/08/24 23:00:00,Annual,Total,Percentage,Spain,2018,42.8,,
ESTAT:CEI_GSR030(1.0),07/08/24 23:00:00,Annual,Total,Percentage,Spain,2019,41.8,,
ESTAT:CEI_GSR030(1.0),07/08/24 23:00:00,Annual,Total,Percentage,Spain,2020,37.9,,
ESTAT:CEI_GSR030(1.0),07/08/24 23:00:00,Annual,Total,Percentage,Spain,2021,39.4,,
ESTAT:CEI_GSR030(1.0),07/08/24 23:00:00,Annual,Total,Percentage,Spain,2022,42.3,,
ESTAT:CEI_GSR030(1.0),07/08/24 23:00:00,Annual,Total,Percentage,Spain,2023,42,i,
ESTAT:CEI_GSR030(1.0),07/08/24 23:00:00,Annual,Total,Percentage,Finland,2000,27,,
ESTAT:CEI_GSR030(1.0),07/08/24 23:00:00,Annual,Total,Percentage,Finland,2001,27.8,,
ESTAT:CEI_GSR030(1.0),07/08/24 23:00:00,Annual,Total,Percentage,Finland,2002,27.8,,
ESTAT:CEI_GSR030(1.0),07/08/24 23:00:00,Annual,Total,Percentage,Finland,2003,30,,
ESTAT:CEI_GSR030(1.0),07/08/24 23:00:00,Annual,Total,Percentage,Finland,2004,29,,
ESTAT:CEI_GSR030(1.0),07/08/24 23:00:00,Annual,Total,Percentage,Finland,2005,27.8,,
ESTAT:CEI_GSR030(1.0),07/08/24 23:00:00,Annual,Total,Percentage,Finland,2006,28,,
ESTAT:CEI_GSR030(1.0),07/08/24 23:00:00,Annual,Total,Percentage,Finland,2007,27.4,,
ESTAT:CEI_GSR030(1.0),07/08/24 23:00:00,Annual,Total,Percentage,Finland,2008,27.8,,
ESTAT:CEI_GSR030(1.0),07/08/24 23:00:00,Annual,Total,Percentage,Finland,2009,25.6,,
ESTAT:CEI_GSR030(1.0),07/08/24 23:00:00,Annual,Total,Percentage,Finland,2010,22.1,,
ESTAT:CEI_GSR030(1.0),07/08/24 23:00:00,Annual,Total,Percentage,Finland,2011,22.7,,
ESTAT:CEI_GSR030(1.0),07/08/24 23:00:00,Annual,Total,Percentage,Finland,2012,20.7,,
ESTAT:CEI_GSR030(1.0),07/08/24 23:00:00,Annual,Total,Percentage,Finland,2013,19.3,,
ESTAT:CEI_GSR030(1.0),07/08/24 23:00:00,Annual,Total,Percentage,Finland,2014,21.3,,
ESTAT:CEI_GSR030(1.0),07/08/24 23:00:00,Annual,Total,Percentage,Finland,2015,20.6,,
ESTAT:CEI_GSR030(1.0),07/08/24 23:00:00,Annual,Total,Percentage,Finland,2016,20.2,,
ESTAT:CEI_GSR030(1.0),07/08/24 23:00:00,Annual,Total,Percentage,Finland,2017,20.7,,
ESTAT:CEI_GSR030(1.0),07/08/24 23:00:00,Annual,Total,Percentage,Finland,2018,19.8,,
ESTAT:CEI_GSR030(1.0),07/08/24 23:00:00,Annual,Total,Percentage,Finland,2019,19.5,,
ESTAT:CEI_GSR030(1.0),07/08/24 23:00:00,Annual,Total,Percentage,Finland,2020,18.8,,
ESTAT:CEI_GSR030(1.0),07/08/24 23:00:00,Annual,Total,Percentage,Finland,2021,18,,
ESTAT:CEI_GSR030(1.0),07/08/24 23:00:00,Annual,Total,Percentage,Finland,2022,17.6,,
ESTAT:CEI_GSR030(1.0),07/08/24 23:00:00,Annual,Total,Percentage,Finland,2023,16.1,i,
ESTAT:CEI_GSR030(1.0),07/08/24 23:00:00,Annual,Total,Percentage,France,2000,32.5,,
ESTAT:CEI_GSR030(1.0),07/08/24 23:00:00,Annual,Total,Percentage,France,2001,32.7,,
ESTAT:CEI_GSR030(1.0),07/08/24 23:00:00,Annual,Total,Percentage,France,2002,32.8,,
ESTAT:CEI_GSR030(1.0),07/08/24 23:00:00,Annual,Total,Percentage,France,2003,34.6,,
ESTAT:CEI_GSR030(1.0),07/08/24 23:00:00,Annual,Total,Percentage,France,2004,34.3,,
ESTAT:CEI_GSR030(1.0),07/08/24 23:00:00,Annual,Total,Percentage,France,2005,35.1,,
ESTAT:CEI_GSR030(1.0),07/08/24 23:00:00,Annual,Total,Percentage,France,2006,34.8,,
ESTAT:CEI_GSR030(1.0),07/08/24 23:00:00,Annual,Total,Percentage,France,2007,33.7,,
ESTAT:CEI_GSR030(1.0),07/08/24 23:00:00,Annual,Total,Percentage,France,2008,34.3,,
ESTAT:CEI_GSR030(1.0),07/08/24 23:00:00,Annual,Total,Percentage,France,2009,31.7,,
ESTAT:CEI_GSR030(1.0),07/08/24 23:00:00,Annual,Total,Percentage,France,2010,34.6,,
ESTAT:CEI_GSR030(1.0),07/08/24 23:00:00,Annual,Total,Percentage,France,2011,37.3,b,
ESTAT:CEI_GSR030(1.0),07/08/24 23:00:00,Annual,Total,Percentage,France,2012,37.5,,
ESTAT:CEI_GSR030(1.0),07/08/24 23:00:00,Annual,Total,Percentage,France,2013,37.4,,
ESTAT:CEI_GSR030(1.0),07/08/24 23:00:00,Annual,Total,Percentage,France,2014,36.8,,
ESTAT:CEI_GSR030(1.0),07/08/24 23:00:00,Annual,Total,Percentage,France,2015,38.8,,
ESTAT:CEI_GSR030(1.0),07/08/24 23:00:00,Annual,Total,Percentage,France,2016,39.4,,
ESTAT:CEI_GSR030(1.0),07/08/24 23:00:00,Annual,Total,Percentage,France,2017,38.2,,
ESTAT:CEI_GSR030(1.0),07/08/24 23:00:00,Annual,Total,Percentage,France,2018,38.6,,
ESTAT:CEI_GSR030(1.0),07/08/24 23:00:00,Annual,Total,Percentage,France,2019,37.5,,
ESTAT:CEI_GSR030(1.0),07/08/24 23:00:00,Annual,Total,Percentage,France,2020,36.7,,
ESTAT:CEI_GSR030(1.0),07/08/24 23:00:00,Annual,Total,Percentage,France,2021,36,,
ESTAT:CEI_GSR030(1.0),07/08/24 23:00:00,Annual,Total,Percentage,France,2022,37.6,,
ESTAT:CEI_GSR030(1.0),07/08/24 23:00:00,Annual,Total,Percentage,France,2023,35.3,i,
ESTAT:CEI_GSR030(1.0),07/08/24 23:00:00,Annual,Total,Percentage,Croatia,2000,23.6,i,
ESTAT:CEI_GSR030(1.0),07/08/24 23:00:00,Annual,Total,Percentage,Croatia,2001,23.9,,
ESTAT:CEI_GSR030(1.0),07/08/24 23:00:00,Annual,Total,Percentage,Croatia,2002,24,,
ESTAT:CEI_GSR030(1.0),07/08/24 23:00:00,Annual,Total,Percentage,Croatia,2003,26.2,,
ESTAT:CEI_GSR030(1.0),07/08/24 23:00:00,Annual,Total,Percentage,Croatia,2004,26.9,,
ESTAT:CEI_GSR030(1.0),07/08/24 23:00:00,Annual,Total,Percentage,Croatia,2005,30.9,,
ESTAT:CEI_GSR030(1.0),07/08/24 23:00:00,Annual,Total,Percentage,Croatia,2006,29.1,,
ESTAT:CEI_GSR030(1.0),07/08/24 23:00:00,Annual,Total,Percentage,Croatia,2007,29.8,,
ESTAT:CEI_GSR030(1.0),07/08/24 23:00:00,Annual,Total,Percentage,Croatia,2008,27.1,,
ESTAT:CEI_GSR030(1.0),07/08/24 23:00:00,Annual,Total,Percentage,Croatia,2009,24.2,,
ESTAT:CEI_GSR030(1.0),07/08/24 23:00:00,Annual,Total,Percentage,Croatia,2010,26.8,,
ESTAT:CEI_GSR030(1.0),07/08/24 23:00:00,Annual,Total,Percentage,Croatia,2011,27.3,,
ESTAT:CEI_GSR030(1.0),07/08/24 23:00:00,Annual,Total,Percentage,Croatia,2012,28.4,,
ESTAT:CEI_GSR030(1.0),07/08/24 23:00:00,Annual,Total,Percentage,Croatia,2013,27.6,,
ESTAT:CEI_GSR030(1.0),07/08/24 23:00:00,Annual,Total,Percentage,Croatia,2014,28.3,,
ESTAT:CEI_GSR030(1.0),07/08/24 23:00:00,Annual,Total,Percentage,Croatia,2015,29.5,,
ESTAT:CEI_GSR030(1.0),07/08/24 23:00:00,Annual,Total,Percentage,Croatia,2016,31,,
ESTAT:CEI_GSR030(1.0),07/08/24 23:00:00,Annual,Total,Percentage,Croatia,2017,31.8,,
ESTAT:CEI_GSR030(1.0),07/08/24 23:00:00,Annual,Total,Percentage,Croatia,2018,31.4,,
ESTAT:CEI_GSR030(1.0),07/08/24 23:00:00,Annual,Total,Percentage,Croatia,2019,32.7,,
ESTAT:CEI_GSR030(1.0),07/08/24 23:00:00,Annual,Total,Percentage,Croatia,2020,33.8,,
ESTAT:CEI_GSR030(1.0),07/08/24 23:00:00,Annual,Total,Percentage,Croatia,2021,35.5,,
ESTAT:CEI_GSR030(1.0),07/08/24 23:00:00,Annual,Total,Percentage,Croatia,2022,36.8,,
ESTAT:CEI_GSR030(1.0),07/08/24 23:00:00,Annual,Total,Percentage,Croatia,2023,36.9,i,
ESTAT:CEI_GSR030(1.0),07/08/24 23:00:00,Annual,Total,Percentage,Hungary,2000,22.3,,
ESTAT:CEI_GSR030(1.0),07/08/24 23:00:00,Annual,Total,Percentage,Hungary,2001,20,,
ESTAT:CEI_GSR030(1.0),07/08/24 23:00:00,Annual,Total,Percentage,Hungary,2002,22.3,,
ESTAT:CEI_GSR030(1.0),07/08/24 23:00:00,Annual,Total,Percentage,Hungary,2003,23.8,,
ESTAT:CEI_GSR030(1.0),07/08/24 23:00:00,Annual,Total,Percentage,Hungary,2004,21.1,,
ESTAT:CEI_GSR030(1.0),07/08/24 23:00:00,Annual,Total,Percentage,Hungary,2005,19.4,,
ESTAT:CEI_GSR030(1.0),07/08/24 23:00:00,Annual,Total,Percentage,Hungary,2006,22.7,,
ESTAT:CEI_GSR030(1.0),07/08/24 23:00:00,Annual,Total,Percentage,Hungary,2007,27.9,,
ESTAT:CEI_GSR030(1.0),07/08/24 23:00:00,Annual,Total,Percentage,Hungary,2008,26.6,,
ESTAT:CEI_GSR030(1.0),07/08/24 23:00:00,Annual,Total,Percentage,Hungary,2009,24.6,,
ESTAT:CEI_GSR030(1.0),07/08/24 23:00:00,Annual,Total,Percentage,Hungary,2010,28.9,,
ESTAT:CEI_GSR030(1.0),07/08/24 23:00:00,Annual,Total,Percentage,Hungary,2011,29.5,,
ESTAT:CEI_GSR030(1.0),07/08/24 23:00:00,Annual,Total,Percentage,Hungary,2012,31.4,,
ESTAT:CEI_GSR030(1.0),07/08/24 23:00:00,Annual,Total,Percentage,Hungary,2013,30.2,,
ESTAT:CEI_GSR030(1.0),07/08/24 23:00:00,Annual,Total,Percentage,Hungary,2014,27.5,,
ESTAT:CEI_GSR030(1.0),07/08/24 23:00:00,Annual,Total,Percentage,Hungary,2015,26.7,,
ESTAT:CEI_GSR030(1.0),07/08/24 23:00:00,Annual,Total,Percentage,Hungary,2016,28.1,,
ESTAT:CEI_GSR030(1.0),07/08/24 23:00:00,Annual,Total,Percentage,Hungary,2017,29.6,,
ESTAT:CEI_GSR030(1.0),07/08/24 23:00:00,Annual,Total,Percentage,Hungary,2018,29.5,,
ESTAT:CEI_GSR030(1.0),07/08/24 23:00:00,Annual,Total,Percentage,Hungary,2019,27.1,,
ESTAT:CEI_GSR030(1.0),07/08/24 23:00:00,Annual,Total,Percentage,Hungary,2020,26.8,,
ESTAT:CEI_GSR030(1.0),07/08/24 23:00:00,Annual,Total,Percentage,Hungary,2021,27.9,,
ESTAT:CEI_GSR030(1.0),07/08/24 23:00:00,Annual,Total,Percentage,Hungary,2022,29.7,,
ESTAT:CEI_GSR030(1.0),07/08/24 23:00:00,Annual,Total,Percentage,Hungary,2023,24.1,i,
ESTAT:CEI_GSR030(1.0),07/08/24 23:00:00,Annual,Total,Percentage,Ireland,2000,21.5,,
ESTAT:CEI_GSR030(1.0),07/08/24 23:00:00,Annual,Total,Percentage,Ireland,2001,21.3,,
ESTAT:CEI_GSR030(1.0),07/08/24 23:00:00,Annual,Total,Percentage,Ireland,2002,22.7,,
ESTAT:CEI_GSR030(1.0),07/08/24 23:00:00,Annual,Total,Percentage,Ireland,2003,19.3,,
ESTAT:CEI_GSR030(1.0),07/08/24 23:00:00,Annual,Total,Percentage,Ireland,2004,20.1,,
ESTAT:CEI_GSR030(1.0),07/08/24 23:00:00,Annual,Total,Percentage,Ireland,2005,20.1,,
ESTAT:CEI_GSR030(1.0),07/08/24 23:00:00,Annual,Total,Percentage,Ireland,2006,19.6,,
ESTAT:CEI_GSR030(1.0),07/08/24 23:00:00,Annual,Total,Percentage,Ireland,2007,20.9,,
ESTAT:CEI_GSR030(1.0),07/08/24 23:00:00,Annual,Total,Percentage,Ireland,2008,21.5,,
ESTAT:CEI_GSR030(1.0),07/08/24 23:00:00,Annual,Total,Percentage,Ireland,2009,23.7,,
ESTAT:CEI_GSR030(1.0),07/08/24 23:00:00,Annual,Total,Percentage,Ireland,2010,28.5,,
ESTAT:CEI_GSR030(1.0),07/08/24 23:00:00,Annual,Total,Percentage,Ireland,2011,31.3,,
ESTAT:CEI_GSR030(1.0),07/08/24 23:00:00,Annual,Total,Percentage,Ireland,2012,30.9,,
ESTAT:CEI_GSR030(1.0),07/08/24 23:00:00,Annual,Total,Percentage,Ireland,2013,30.9,,
ESTAT:CEI_GSR030(1.0),07/08/24 23:00:00,Annual,Total,Percentage,Ireland,2014,31.1,,
ESTAT:CEI_GSR030(1.0),07/08/24 23:00:00,Annual,Total,Percentage,Ireland,2015,32.1,,
ESTAT:CEI_GSR030(1.0),07/08/24 23:00:00,Annual,Total,Percentage,Ireland,2016,29.9,,
ESTAT:CEI_GSR030(1.0),07/08/24 23:00:00,Annual,Total,Percentage,Ireland,2017,29.8,,
ESTAT:CEI_GSR030(1.0),07/08/24 23:00:00,Annual,Total,Percentage,Ireland,2018,30.7,,
ESTAT:CEI_GSR030(1.0),07/08/24 23:00:00,Annual,Total,Percentage,Ireland,2019,28.6,,
ESTAT:CEI_GSR030(1.0),07/08/24 23:00:00,Annual,Total,Percentage,Ireland,2020,29.3,,
ESTAT:CEI_GSR030(1.0),07/08/24 23:00:00,Annual,Total,Percentage,Ireland,2021,31.5,,
ESTAT:CEI_GSR030(1.0),07/08/24 23:00:00,Annual,Total,Percentage,Ireland,2022,31.5,,
ESTAT:CEI_GSR030(1.0),07/08/24 23:00:00,Annual,Total,Percentage,Ireland,2023,33.5,i,
ESTAT:CEI_GSR030(1.0),07/08/24 23:00:00,Annual,Total,Percentage,Iceland,2000,29.7,b,
ESTAT:CEI_GSR030(1.0),07/08/24 23:00:00,Annual,Total,Percentage,Iceland,2001,31,,
ESTAT:CEI_GSR030(1.0),07/08/24 23:00:00,Annual,Total,Percentage,Iceland,2002,33.8,,
ESTAT:CEI_GSR030(1.0),07/08/24 23:00:00,Annual,Total,Percentage,Iceland,2003,33.1,,
ESTAT:CEI_GSR030(1.0),07/08/24 23:00:00,Annual,Total,Percentage,Iceland,2004,34.1,,
ESTAT:CEI_GSR030(1.0),07/08/24 23:00:00,Annual,Total,Percentage,Iceland,2005,36,,
ESTAT:CEI_GSR030(1.0),07/08/24 23:00:00,Annual,Total,Percentage,Iceland,2006,38.6,,
ESTAT:CEI_GSR030(1.0),07/08/24 23:00:00,Annual,Total,Percentage,Iceland,2007,39.3,,
ESTAT:CEI_GSR030(1.0),07/08/24 23:00:00,Annual,Total,Percentage,Iceland,2008,45.9,,
ESTAT:CEI_GSR030(1.0),07/08/24 23:00:00,Annual,Total,Percentage,Iceland,2009,54.4,,
ESTAT:CEI_GSR030(1.0),07/08/24 23:00:00,Annual,Total,Percentage,Iceland,2010,57.9,,
ESTAT:CEI_GSR030(1.0),07/08/24 23:00:00,Annual,Total,Percentage,Iceland,2011,60.6,,
ESTAT:CEI_GSR030(1.0),07/08/24 23:00:00,Annual,Total,Percentage,Iceland,2012,56.5,,
ESTAT:CEI_GSR030(1.0),07/08/24 23:00:00,Annual,Total,Percentage,Iceland,2013,57.1,,
ESTAT:CEI_GSR030(1.0),07/08/24 23:00:00,Annual,Total,Percentage,Iceland,2014,59.8,,
ESTAT:CEI_GSR030(1.0),07/08/24 23:00:00,Annual,Total,Percentage,Iceland,2015,61.2,,
ESTAT:CEI_GSR030(1.0),07/08/24 23:00:00,Annual,Total,Percentage,Iceland,2016,61.5,,
ESTAT:CEI_GSR030(1.0),07/08/24 23:00:00,Annual,Total,Percentage,Iceland,2017,60.2,,
ESTAT:CEI_GSR030(1.0),07/08/24 23:00:00,Annual,Total,Percentage,Iceland,2018,60,,
ESTAT:CEI_GSR030(1.0),07/08/24 23:00:00,Annual,Total,Percentage,Iceland,2019,60.3,,
ESTAT:CEI_GSR030(1.0),07/08/24 23:00:00,Annual,Total,Percentage,Iceland,2020,58,,
ESTAT:CEI_GSR030(1.0),07/08/24 23:00:00,Annual,Total,Percentage,Iceland,2021,58.2,,
ESTAT:CEI_GSR030(1.0),07/08/24 23:00:00,Annual,Total,Percentage,Iceland,2022,58.9,,
ESTAT:CEI_GSR030(1.0),07/08/24 23:00:00,Annual,Total,Percentage,Italy,2000,38.1,,
ESTAT:CEI_GSR030(1.0),07/08/24 23:00:00,Annual,Total,Percentage,Italy,2001,37.5,,
ESTAT:CEI_GSR030(1.0),07/08/24 23:00:00,Annual,Total,Percentage,Italy,2002,36.6,,
ESTAT:CEI_GSR030(1.0),07/08/24 23:00:00,Annual,Total,Percentage,Italy,2003,37.9,,
ESTAT:CEI_GSR030(1.0),07/08/24 23:00:00,Annual,Total,Percentage,Italy,2004,38.2,,
ESTAT:CEI_GSR030(1.0),07/08/24 23:00:00,Annual,Total,Percentage,Italy,2005,37.8,,
ESTAT:CEI_GSR030(1.0),07/08/24 23:00:00,Annual,Total,Percentage,Italy,2006,38.6,,
ESTAT:CEI_GSR030(1.0),07/08/24 23:00:00,Annual,Total,Percentage,Italy,2007,39,,
ESTAT:CEI_GSR030(1.0),07/08/24 23:00:00,Annual,Total,Percentage,Italy,2008,39.2,b,
ESTAT:CEI_GSR030(1.0),07/08/24 23:00:00,Annual,Total,Percentage,Italy,2009,37.4,,
ESTAT:CEI_GSR030(1.0),07/08/24 23:00:00,Annual,Total,Percentage,Italy,2010,41.7,,
ESTAT:CEI_GSR030(1.0),07/08/24 23:00:00,Annual,Total,Percentage,Italy,2011,40.5,,
ESTAT:CEI_GSR030(1.0),07/08/24 23:00:00,Annual,Total,Percentage,Italy,2012,42.8,,
ESTAT:CEI_GSR030(1.0),07/08/24 23:00:00,Annual,Total,Percentage,Italy,2013,46.5,,
ESTAT:CEI_GSR030(1.0),07/08/24 23:00:00,Annual,Total,Percentage,Italy,2014,46.5,,
ESTAT:CEI_GSR030(1.0),07/08/24 23:00:00,Annual,Total,Percentage,Italy,2015,48.6,,
ESTAT:CEI_GSR030(1.0),07/08/24 23:00:00,Annual,Total,Percentage,Italy,2016,48.9,,
ESTAT:CEI_GSR030(1.0),07/08/24 23:00:00,Annual,Total,Percentage,Italy,2017,50.8,,
ESTAT:CEI_GSR030(1.0),07/08/24 23:00:00,Annual,Total,Percentage,Italy,2018,50.6,,
ESTAT:CEI_GSR030(1.0),07/08/24 23:00:00,Annual,Total,Percentage,Italy,2019,48.9,,
ESTAT:CEI_GSR030(1.0),07/08/24 23:00:00,Annual,Total,Percentage,Italy,2020,46.5,,
ESTAT:CEI_GSR030(1.0),07/08/24 23:00:00,Annual,Total,Percentage,Italy,2021,47.3,,
ESTAT:CEI_GSR030(1.0),07/08/24 23:00:00,Annual,Total,Percentage,Italy,2022,49,,
ESTAT:CEI_GSR030(1.0),07/08/24 23:00:00,Annual,Total,Percentage,Italy,2023,48,i,
ESTAT:CEI_GSR030(1.0),07/08/24 23:00:00,Annual,Total,Percentage,Lithuania,2000,33,,
ESTAT:CEI_GSR030(1.0),07/08/24 23:00:00,Annual,Total,Percentage,Lithuania,2001,37.8,,
ESTAT:CEI_GSR030(1.0),07/08/24 23:00:00,Annual,Total,Percentage,Lithuania,2002,36.6,,
ESTAT:CEI_GSR030(1.0),07/08/24 23:00:00,Annual,Total,Percentage,Lithuania,2003,35.5,,
ESTAT:CEI_GSR030(1.0),07/08/24 23:00:00,Annual,Total,Percentage,Lithuania,2004,37.5,,
ESTAT:CEI_GSR030(1.0),07/08/24 23:00:00,Annual,Total,Percentage,Lithuania,2005,39.6,,
ESTAT:CEI_GSR030(1.0),07/08/24 23:00:00,Annual,Total,Percentage,Lithuania,2006,40.4,,
ESTAT:CEI_GSR030(1.0),07/08/24 23:00:00,Annual,Total,Percentage,Lithuania,2007,34.9,,
ESTAT:CEI_GSR030(1.0),07/08/24 23:00:00,Annual,Total,Percentage,Lithuania,2008,35.6,,
ESTAT:CEI_GSR030(1.0),07/08/24 23:00:00,Annual,Total,Percentage,Lithuania,2009,39,,
ESTAT:CEI_GSR030(1.0),07/08/24 23:00:00,Annual,Total,Percentage,Lithuania,2010,41,,
ESTAT:CEI_GSR030(1.0),07/08/24 23:00:00,Annual,Total,Percentage,Lithuania,2011,40.3,,
ESTAT:CEI_GSR030(1.0),07/08/24 23:00:00,Annual,Total,Percentage,Lithuania,2012,41.8,,
ESTAT:CEI_GSR030(1.0),07/08/24 23:00:00,Annual,Total,Percentage,Lithuania,2013,38.6,,
ESTAT:CEI_GSR030(1.0),07/08/24 23:00:00,Annual,Total,Percentage,Lithuania,2014,39.9,,
ESTAT:CEI_GSR030(1.0),07/08/24 23:00:00,Annual,Total,Percentage,Lithuania,2015,40.7,,
ESTAT:CEI_GSR030(1.0),07/08/24 23:00:00,Annual,Total,Percentage,Lithuania,2016,40.4,,
ESTAT:CEI_GSR030(1.0),07/08/24 23:00:00,Annual,Total,Percentage,Lithuania,2017,39.2,,
ESTAT:CEI_GSR030(1.0),07/08/24 23:00:00,Annual,Total,Percentage,Lithuania,2018,41.4,,
ESTAT:CEI_GSR030(1.0),07/08/24 23:00:00,Annual,Total,Percentage,Lithuania,2019,40.5,,
ESTAT:CEI_GSR030(1.0),07/08/24 23:00:00,Annual,Total,Percentage,Lithuania,2020,36.7,,
ESTAT:CEI_GSR030(1.0),07/08/24 23:00:00,Annual,Total,Percentage,Lithuania,2021,37.9,,
ESTAT:CEI_GSR030(1.0),07/08/24 23:00:00,Annual,Total,Percentage,Lithuania,2022,36.8,,
ESTAT:CEI_GSR030(1.0),07/08/24 23:00:00,Annual,Total,Percentage,Lithuania,2023,34.2,i,
ESTAT:CEI_GSR030(1.0),07/08/24 23:00:00,Annual,Total,Percentage,Luxembourg,2000,86.3,,
ESTAT:CEI_GSR030(1.0),07/08/24 23:00:00,Annual,Total,Percentage,Luxembourg,2001,85.9,,
ESTAT:CEI_GSR030(1.0),07/08/24 23:00:00,Annual,Total,Percentage,Luxembourg,2002,87.8,,
ESTAT:CEI_GSR030(1.0),07/08/24 23:00:00,Annual,Total,Percentage,Luxembourg,2003,88.6,,
ESTAT:CEI_GSR030(1.0),07/08/24 23:00:00,Annual,Total,Percentage,Luxembourg,2004,87.2,,
ESTAT:CEI_GSR030(1.0),07/08/24 23:00:00,Annual,Total,Percentage,Luxembourg,2005,88,,
ESTAT:CEI_GSR030(1.0),07/08/24 23:00:00,Annual,Total,Percentage,Luxembourg,2006,87.9,,
ESTAT:CEI_GSR030(1.0),07/08/24 23:00:00,Annual,Total,Percentage,Luxembourg,2007,87.2,,
ESTAT:CEI_GSR030(1.0),07/08/24 23:00:00,Annual,Total,Percentage,Luxembourg,2008,87.3,,
ESTAT:CEI_GSR030(1.0),07/08/24 23:00:00,Annual,Total,Percentage,Luxembourg,2009,86.7,,
ESTAT:CEI_GSR030(1.0),07/08/24 23:00:00,Annual,Total,Percentage,Luxembourg,2010,90.2,,
ESTAT:CEI_GSR030(1.0),07/08/24 23:00:00,Annual,Total,Percentage,Luxembourg,2011,91.9,,
ESTAT:CEI_GSR030(1.0),07/08/24 23:00:00,Annual,Total,Percentage,Luxembourg,2012,87.6,,
ESTAT:CEI_GSR030(1.0),07/08/24 23:00:00,Annual,Total,Percentage,Luxembourg,2013,87.2,,
ESTAT:CEI_GSR030(1.0),07/08/24 23:00:00,Annual,Total,Percentage,Luxembourg,2014,89.3,,
ESTAT:CEI_GSR030(1.0),07/08/24 23:00:00,Annual,Total,Percentage,Luxembourg,2015,91.2,,
ESTAT:CEI_GSR030(1.0),07/08/24 23:00:00,Annual,Total,Percentage,Luxembourg,2016,90.9,,
ESTAT:CEI_GSR030(1.0),07/08/24 23:00:00,Annual,Total,Percentage,Luxembourg,2017,91.4,,
ESTAT:CEI_GSR030(1.0),07/08/24 23:00:00,Annual,Total,Percentage,Luxembourg,2018,91.2,,
ESTAT:CEI_GSR030(1.0),07/08/24 23:00:00,Annual,Total,Percentage,Luxembourg,2019,91,,
ESTAT:CEI_GSR030(1.0),07/08/24 23:00:00,Annual,Total,Percentage,Luxembourg,2020,90.4,,
ESTAT:CEI_GSR030(1.0),07/08/24 23:00:00,Annual,Total,Percentage,Luxembourg,2021,89.6,,
ESTAT:CEI_GSR030(1.0),07/08/24 23:00:00,Annual,Total,Percentage,Luxembourg,2022,90,,
ESTAT:CEI_GSR030(1.0),07/08/24 23:00:00,Annual,Total,Percentage,Luxembourg,2023,88.7,,
ESTAT:CEI_GSR030(1.0),07/08/24 23:00:00,Annual,Total,Percentage,Latvia,2000,24.5,,
ESTAT:CEI_GSR030(1.0),07/08/24 23:00:00,Annual,Total,Percentage,Latvia,2001,24.5,,
ESTAT:CEI_GSR030(1.0),07/08/24 23:00:00,Annual,Total,Percentage,Latvia,2002,24.6,,
ESTAT:CEI_GSR030(1.0),07/08/24 23:00:00,Annual,Total,Percentage,Latvia,2003,25.6,,
ESTAT:CEI_GSR030(1.0),07/08/24 23:00:00,Annual,Total,Percentage,Latvia,2004,26.9,,
ESTAT:CEI_GSR030(1.0),07/08/24 23:00:00,Annual,Total,Percentage,Latvia,2005,30.3,,
ESTAT:CEI_GSR030(1.0),07/08/24 23:00:00,Annual,Total,Percentage,Latvia,2006,29.8,,
ESTAT:CEI_GSR030(1.0),07/08/24 23:00:00,Annual,Total,Percentage,Latvia,2007,29.9,,
ESTAT:CEI_GSR030(1.0),07/08/24 23:00:00,Annual,Total,Percentage,Latvia,2008,29.5,,
ESTAT:CEI_GSR030(1.0),07/08/24 23:00:00,Annual,Total,Percentage,Latvia,2009,28.6,,
ESTAT:CEI_GSR030(1.0),07/08/24 23:00:00,Annual,Total,Percentage,Latvia,2010,26.4,,
ESTAT:CEI_GSR030(1.0),07/08/24 23:00:00,Annual,Total,Percentage,Latvia,2011,27.4,,
ESTAT:CEI_GSR030(1.0),07/08/24 23:00:00,Annual,Total,Percentage,Latvia,2012,30.3,,
ESTAT:CEI_GSR030(1.0),07/08/24 23:00:00,Annual,Total,Percentage,Latvia,2013,29.7,,
ESTAT:CEI_GSR030(1.0),07/08/24 23:00:00,Annual,Total,Percentage,Latvia,2014,31.1,,
ESTAT:CEI_GSR030(1.0),07/08/24 23:00:00,Annual,Total,Percentage,Latvia,2015,31.4,,
ESTAT:CEI_GSR030(1.0),07/08/24 23:00:00,Annual,Total,Percentage,Latvia,2016,32,,
ESTAT:CEI_GSR030(1.0),07/08/24 23:00:00,Annual,Total,Percentage,Latvia,2017,30.5,,
ESTAT:CEI_GSR030(1.0),07/08/24 23:00:00,Annual,Total,Percentage,Latvia,2018,32.9,,
ESTAT:CEI_GSR030(1.0),07/08/24 23:00:00,Annual,Total,Percentage,Latvia,2019,31.5,,
ESTAT:CEI_GSR030(1.0),07/08/24 23:00:00,Annual,Total,Percentage,Latvia,2020,32,,
ESTAT:CEI_GSR030(1.0),07/08/24 23:00:00,Annual,Total,Percentage,Latvia,2021,31.4,,
ESTAT:CEI_GSR030(1.0),07/08/24 23:00:00,Annual,Total,Percentage,Latvia,2022,31.7,,
ESTAT:CEI_GSR030(1.0),07/08/24 23:00:00,Annual,Total,Percentage,Latvia,2023,28.6,i,
ESTAT:CEI_GSR030(1.0),07/08/24 23:00:00,Annual,Total,Percentage,North Macedonia,2010,23.4,,
ESTAT:CEI_GSR030(1.0),07/08/24 23:00:00,Annual,Total,Percentage,North Macedonia,2011,23.8,,
ESTAT:CEI_GSR030(1.0),07/08/24 23:00:00,Annual,Total,Percentage,North Macedonia,2012,24.2,,
ESTAT:CEI_GSR030(1.0),07/08/24 23:00:00,Annual,Total,Percentage,North Macedonia,2013,22.4,,
ESTAT:CEI_GSR030(1.0),07/08/24 23:00:00,Annual,Total,Percentage,North Macedonia,2014,24.2,,
ESTAT:CEI_GSR030(1.0),07/08/24 23:00:00,Annual,Total,Percentage,North Macedonia,2015,24.9,,
ESTAT:CEI_GSR030(1.0),07/08/24 23:00:00,Annual,Total,Percentage,North Macedonia,2016,24.9,,
ESTAT:CEI_GSR030(1.0),07/08/24 23:00:00,Annual,Total,Percentage,North Macedonia,2017,24.2,,
ESTAT:CEI_GSR030(1.0),07/08/24 23:00:00,Annual,Total,Percentage,North Macedonia,2018,26.3,,
ESTAT:CEI_GSR030(1.0),07/08/24 23:00:00,Annual,Total,Percentage,North Macedonia,2019,27,,
ESTAT:CEI_GSR030(1.0),07/08/24 23:00:00,Annual,Total,Percentage,North Macedonia,2020,27.2,,
ESTAT:CEI_GSR030(1.0),07/08/24 23:00:00,Annual,Total,Percentage,North Macedonia,2021,31.6,,
ESTAT:CEI_GSR030(1.0),07/08/24 23:00:00,Annual,Total,Percentage,North Macedonia,2022,28.2,,
ESTAT:CEI_GSR030(1.0),07/08/24 23:00:00,Annual,Total,Percentage,Malta,2000,43.1,,
ESTAT:CEI_GSR030(1.0),07/08/24 23:00:00,Annual,Total,Percentage,Malta,2001,33.8,,
ESTAT:CEI_GSR030(1.0),07/08/24 23:00:00,Annual,Total,Percentage,Malta,2002,38.9,,
ESTAT:CEI_GSR030(1.0),07/08/24 23:00:00,Annual,Total,Percentage,Malta,2003,36.2,,
ESTAT:CEI_GSR030(1.0),07/08/24 23:00:00,Annual,Total,Percentage,Malta,2004,50.5,,
ESTAT:CEI_GSR030(1.0),07/08/24 23:00:00,Annual,Total,Percentage,Malta,2005,50.2,,
ESTAT:CEI_GSR030(1.0),07/08/24 23:00:00,Annual,Total,Percentage,Malta,2006,47.4,,
ESTAT:CEI_GSR030(1.0),07/08/24 23:00:00,Annual,Total,Percentage,Malta,2007,50.7,,
ESTAT:CEI_GSR030(1.0),07/08/24 23:00:00,Annual,Total,Percentage,Malta,2008,51.9,,
ESTAT:CEI_GSR030(1.0),07/08/24 23:00:00,Annual,Total,Percentage,Malta,2009,61,,
ESTAT:CEI_GSR030(1.0),07/08/24 23:00:00,Annual,Total,Percentage,Malta,2010,57.7,,
ESTAT:CEI_GSR030(1.0),07/08/24 23:00:00,Annual,Total,Percentage,Malta,2011,62.4,,
ESTAT:CEI_GSR030(1.0),07/08/24 23:00:00,Annual,Total,Percentage,Malta,2012,68.1,,
ESTAT:CEI_GSR030(1.0),07/08/24 23:00:00,Annual,Total,Percentage,Malta,2013,68.8,,
ESTAT:CEI_GSR030(1.0),07/08/24 23:00:00,Annual,Total,Percentage,Malta,2014,74,,
ESTAT:CEI_GSR030(1.0),07/08/24 23:00:00,Annual,Total,Percentage,Malta,2015,74.6,,
ESTAT:CEI_GSR030(1.0),07/08/24 23:00:00,Annual,Total,Percentage,Malta,2016,75.3,,
ESTAT:CEI_GSR030(1.0),07/08/24 23:00:00,Annual,Total,Percentage,Malta,2017,77.1,,
ESTAT:CEI_GSR030(1.0),07/08/24 23:00:00,Annual,Total,Percentage,Malta,2018,75.1,,
ESTAT:CEI_GSR030(1.0),07/08/24 23:00:00,Annual,Total,Percentage,Malta,2019,70.1,,
ESTAT:CEI_GSR030(1.0),07/08/24 23:00:00,Annual,Total,Percentage,Malta,2020,69.3,,
ESTAT:CEI_GSR030(1.0),07/08/24 23:00:00,Annual,Total,Percentage,Malta,2021,71.3,,
ESTAT:CEI_GSR030(1.0),07/08/24 23:00:00,Annual,Total,Percentage,Malta,2022,70.2,,
ESTAT:CEI_GSR030(1.0),07/08/24 23:00:00,Annual,Total,Percentage,Malta,2023,70.9,i,
ESTAT:CEI_GSR030(1.0),07/08/24 23:00:00,Annual,Total,Percentage,Netherlands,2000,67.9,,
ESTAT:CEI_GSR030(1.0),07/08/24 23:00:00,Annual,Total,Percentage,Netherlands,2001,69.6,,
ESTAT:CEI_GSR030(1.0),07/08/24 23:00:00,Annual,Total,Percentage,Netherlands,2002,70.3,,
ESTAT:CEI_GSR030(1.0),07/08/24 23:00:00,Annual,Total,Percentage,Netherlands,2003,70.2,,
ESTAT:CEI_GSR030(1.0),07/08/24 23:00:00,Annual,Total,Percentage,Netherlands,2004,69.6,,
ESTAT:CEI_GSR030(1.0),07/08/24 23:00:00,Annual,Total,Percentage,Netherlands,2005,71.8,,
ESTAT:CEI_GSR030(1.0),07/08/24 23:00:00,Annual,Total,Percentage,Netherlands,2006,73.7,,
ESTAT:CEI_GSR030(1.0),07/08/24 23:00:00,Annual,Total,Percentage,Netherlands,2007,74.4,,
ESTAT:CEI_GSR030(1.0),07/08/24 23:00:00,Annual,Total,Percentage,Netherlands,2008,73.5,,
ESTAT:CEI_GSR030(1.0),07/08/24 23:00:00,Annual,Total,Percentage,Netherlands,2009,72.6,,
ESTAT:CEI_GSR030(1.0),07/08/24 23:00:00,Annual,Total,Percentage,Netherlands,2010,72.3,,
ESTAT:CEI_GSR030(1.0),07/08/24 23:00:00,Annual,Total,Percentage,Netherlands,2011,72.5,,
ESTAT:CEI_GSR030(1.0),07/08/24 23:00:00,Annual,Total,Percentage,Netherlands,2012,73.4,,
ESTAT:CEI_GSR030(1.0),07/08/24 23:00:00,Annual,Total,Percentage,Netherlands,2013,73.3,,
ESTAT:CEI_GSR030(1.0),07/08/24 23:00:00,Annual,Total,Percentage,Netherlands,2014,74.3,,
ESTAT:CEI_GSR030(1.0),07/08/24 23:00:00,Annual,Total,Percentage,Netherlands,2015,77.1,,
ESTAT:CEI_GSR030(1.0),07/08/24 23:00:00,Annual,Total,Percentage,Netherlands,2016,78.1,,
ESTAT:CEI_GSR030(1.0),07/08/24 23:00:00,Annual,Total,Percentage,Netherlands,2017,78.8,,
ESTAT:CEI_GSR030(1.0),07/08/24 23:00:00,Annual,Total,Percentage,Netherlands,2018,80.4,,
ESTAT:CEI_GSR030(1.0),07/08/24 23:00:00,Annual,Total,Percentage,Netherlands,2019,80.6,,
ESTAT:CEI_GSR030(1.0),07/08/24 23:00:00,Annual,Total,Percentage,Netherlands,2020,81,,
ESTAT:CEI_GSR030(1.0),07/08/24 23:00:00,Annual,Total,Percentage,Netherlands,2021,82.5,,
ESTAT:CEI_GSR030(1.0),07/08/24 23:00:00,Annual,Total,Percentage,Netherlands,2022,82.9,,
ESTAT:CEI_GSR030(1.0),07/08/24 23:00:00,Annual,Total,Percentage,Netherlands,2023,82.7,i,
ESTAT:CEI_GSR030(1.0),07/08/24 23:00:00,Annual,Total,Percentage,Norway,2000,11.7,i,
ESTAT:CEI_GSR030(1.0),07/08/24 23:00:00,Annual,Total,Percentage,Norway,2001,11.5,i,
ESTAT:CEI_GSR030(1.0),07/08/24 23:00:00,Annual,Total,Percentage,Norway,2002,10.7,i,
ESTAT:CEI_GSR030(1.0),07/08/24 23:00:00,Annual,Total,Percentage,Norway,2003,10.7,i,
ESTAT:CEI_GSR030(1.0),07/08/24 23:00:00,Annual,Total,Percentage,Norway,2004,11.3,i,
ESTAT:CEI_GSR030(1.0),07/08/24 23:00:00,Annual,Total,Percentage,Norway,2005,12,i,
ESTAT:CEI_GSR030(1.0),07/08/24 23:00:00,Annual,Total,Percentage,Norway,2006,11.2,,
ESTAT:CEI_GSR030(1.0),07/08/24 23:00:00,Annual,Total,Percentage,Norway,2007,12.1,,
ESTAT:CEI_GSR030(1.0),07/08/24 23:00:00,Annual,Total,Percentage,Norway,2008,11.2,,
ESTAT:CEI_GSR030(1.0),07/08/24 23:00:00,Annual,Total,Percentage,Norway,2009,9.8,,
ESTAT:CEI_GSR030(1.0),07/08/24 23:00:00,Annual,Total,Percentage,Norway,2010,10.8,,
ESTAT:CEI_GSR030(1.0),07/08/24 23:00:00,Annual,Total,Percentage,Norway,2011,11.2,,
ESTAT:CEI_GSR030(1.0),07/08/24 23:00:00,Annual,Total,Percentage,Norway,2012,10.9,,
ESTAT:CEI_GSR030(1.0),07/08/24 23:00:00,Annual,Total,Percentage,Norway,2013,11.4,,
ESTAT:CEI_GSR030(1.0),07/08/24 23:00:00,Annual,Total,Percentage,Norway,2014,11.1,,
ESTAT:CEI_GSR030(1.0),07/08/24 23:00:00,Annual,Total,Percentage,Norway,2015,10.2,,
ESTAT:CEI_GSR030(1.0),07/08/24 23:00:00,Annual,Total,Percentage,Norway,2016,11.1,,
ESTAT:CEI_GSR030(1.0),07/08/24 23:00:00,Annual,Total,Percentage,Norway,2017,11.7,,
ESTAT:CEI_GSR030(1.0),07/08/24 23:00:00,Annual,Total,Percentage,Norway,2018,12.4,,
ESTAT:CEI_GSR030(1.0),07/08/24 23:00:00,Annual,Total,Percentage,Norway,2019,12.8,,
ESTAT:CEI_GSR030(1.0),07/08/24 23:00:00,Annual,Total,Percentage,Norway,2020,12.1,,
ESTAT:CEI_GSR030(1.0),07/08/24 23:00:00,Annual,Total,Percentage,Norway,2021,12,,
ESTAT:CEI_GSR030(1.0),07/08/24 23:00:00,Annual,Total,Percentage,Norway,2022,11.6,,
ESTAT:CEI_GSR030(1.0),07/08/24 23:00:00,Annual,Total,Percentage,Poland,2000,12,,
ESTAT:CEI_GSR030(1.0),07/08/24 23:00:00,Annual,Total,Percentage,Poland,2001,12.6,,
ESTAT:CEI_GSR030(1.0),07/08/24 23:00:00,Annual,Total,Percentage,Poland,2002,13.9,,
ESTAT:CEI_GSR030(1.0),07/08/24 23:00:00,Annual,Total,Percentage,Poland,2003,14.5,,
ESTAT:CEI_GSR030(1.0),07/08/24 23:00:00,Annual,Total,Percentage,Poland,2004,15.2,,
ESTAT:CEI_GSR030(1.0),07/08/24 23:00:00,Annual,Total,Percentage,Poland,2005,15.1,,
ESTAT:CEI_GSR030(1.0),07/08/24 23:00:00,Annual,Total,Percentage,Poland,2006,15.6,,
ESTAT:CEI_GSR030(1.0),07/08/24 23:00:00,Annual,Total,Percentage,Poland,2007,16.7,,
ESTAT:CEI_GSR030(1.0),07/08/24 23:00:00,Annual,Total,Percentage,Poland,2008,17.3,,
ESTAT:CEI_GSR030(1.0),07/08/24 23:00:00,Annual,Total,Percentage,Poland,2009,15.4,,
ESTAT:CEI_GSR030(1.0),07/08/24 23:00:00,Annual,Total,Percentage,Poland,2010,16.9,,
ESTAT:CEI_GSR030(1.0),07/08/24 23:00:00,Annual,Total,Percentage,Poland,2011,15.3,,
ESTAT:CEI_GSR030(1.0),07/08/24 23:00:00,Annual,Total,Percentage,Poland,2012,16.2,,
ESTAT:CEI_GSR030(1.0),07/08/24 23:00:00,Annual,Total,Percentage,Poland,2013,16,,
ESTAT:CEI_GSR030(1.0),07/08/24 23:00:00,Annual,Total,Percentage,Poland,2014,17,,
ESTAT:CEI_GSR030(1.0),07/08/24 23:00:00,Annual,Total,Percentage,Poland,2015,17.6,,
ESTAT:CEI_GSR030(1.0),07/08/24 23:00:00,Annual,Total,Percentage,Poland,2016,17.8,,
ESTAT:CEI_GSR030(1.0),07/08/24 23:00:00,Annual,Total,Percentage,Poland,2017,18.1,,
ESTAT:CEI_GSR030(1.0),07/08/24 23:00:00,Annual,Total,Percentage,Poland,2018,19.5,,
ESTAT:CEI_GSR030(1.0),07/08/24 23:00:00,Annual,Total,Percentage,Poland,2019,19.5,,
ESTAT:CEI_GSR030(1.0),07/08/24 23:00:00,Annual,Total,Percentage,Poland,2020,19.3,,
ESTAT:CEI_GSR030(1.0),07/08/24 23:00:00,Annual,Total,Percentage,Poland,2021,19.7,,
ESTAT:CEI_GSR030(1.0),07/08/24 23:00:00,Annual,Total,Percentage,Poland,2022,20.8,,
ESTAT:CEI_GSR030(1.0),07/08/24 23:00:00,Annual,Total,Percentage,Poland,2023,19.9,i,
ESTAT:CEI_GSR030(1.0),07/08/24 23:00:00,Annual,Total,Percentage,Portugal,2000,24.6,,
ESTAT:CEI_GSR030(1.0),07/08/24 23:00:00,Annual,Total,Percentage,Portugal,2001,24.1,,
ESTAT:CEI_GSR030(1.0),07/08/24 23:00:00,Annual,Total,Percentage,Portugal,2002,25.2,,
ESTAT:CEI_GSR030(1.0),07/08/24 23:00:00,Annual,Total,Percentage,Portugal,2003,26.5,,
ESTAT:CEI_GSR030(1.0),07/08/24 23:00:00,Annual,Total,Percentage,Portugal,2004,25.3,,
ESTAT:CEI_GSR030(1.0),07/08/24 23:00:00,Annual,Total,Percentage,Portugal,2005,26,,
ESTAT:CEI_GSR030(1.0),07/08/24 23:00:00,Annual,Total,Percentage,Portugal,2006,22.7,,
ESTAT:CEI_GSR030(1.0),07/08/24 23:00:00,Annual,Total,Percentage,Portugal,2007,22,,
ESTAT:CEI_GSR030(1.0),07/08/24 23:00:00,Annual,Total,Percentage,Portugal,2008,20.7,,
ESTAT:CEI_GSR030(1.0),07/08/24 23:00:00,Annual,Total,Percentage,Portugal,2009,21.9,,
ESTAT:CEI_GSR030(1.0),07/08/24 23:00:00,Annual,Total,Percentage,Portugal,2010,23.6,,
ESTAT:CEI_GSR030(1.0),07/08/24 23:00:00,Annual,Total,Percentage,Portugal,2011,24.3,,
ESTAT:CEI_GSR030(1.0),07/08/24 23:00:00,Annual,Total,Percentage,Portugal,2012,25.4,,
ESTAT:CEI_GSR030(1.0),07/08/24 23:00:00,Annual,Total,Percentage,Portugal,2013,28.8,,
ESTAT:CEI_GSR030(1.0),07/08/24 23:00:00,Annual,Total,Percentage,Portugal,2014,28.5,,
ESTAT:CEI_GSR030(1.0),07/08/24 23:00:00,Annual,Total,Percentage,Portugal,2015,30.3,,
ESTAT:CEI_GSR030(1.0),07/08/24 23:00:00,Annual,Total,Percentage,Portugal,2016,32.1,,
ESTAT:CEI_GSR030(1.0),07/08/24 23:00:00,Annual,Total,Percentage,Portugal,2017,31.2,,
ESTAT:CEI_GSR030(1.0),07/08/24 23:00:00,Annual,Total,Percentage,Portugal,2018,31.4,,
ESTAT:CEI_GSR030(1.0),07/08/24 23:00:00,Annual,Total,Percentage,Portugal,2019,30.7,,
ESTAT:CEI_GSR030(1.0),07/08/24 23:00:00,Annual,Total,Percentage,Portugal,2020,30.4,,
ESTAT:CEI_GSR030(1.0),07/08/24 23:00:00,Annual,Total,Percentage,Portugal,2021,27.8,,
ESTAT:CEI_GSR030(1.0),07/08/24 23:00:00,Annual,Total,Percentage,Portugal,2022,31.3,,
ESTAT:CEI_GSR030(1.0),07/08/24 23:00:00,Annual,Total,Percentage,Portugal,2023,29.6,i,
ESTAT:CEI_GSR030(1.0),07/08/24 23:00:00,Annual,Total,Percentage,Romania,2000,13.4,,
ESTAT:CEI_GSR030(1.0),07/08/24 23:00:00,Annual,Total,Percentage,Romania,2001,9.7,,
ESTAT:CEI_GSR030(1.0),07/08/24 23:00:00,Annual,Total,Percentage,Romania,2002,11.1,,
ESTAT:CEI_GSR030(1.0),07/08/24 23:00:00,Annual,Total,Percentage,Romania,2003,12.1,,
ESTAT:CEI_GSR030(1.0),07/08/24 23:00:00,Annual,Total,Percentage,Romania,2004,12.3,,
ESTAT:CEI_GSR030(1.0),07/08/24 23:00:00,Annual,Total,Percentage,Romania,2005,11.7,,
ESTAT:CEI_GSR030(1.0),07/08/24 23:00:00,Annual,Total,Percentage,Romania,2006,11.5,,
ESTAT:CEI_GSR030(1.0),07/08/24 23:00:00,Annual,Total,Percentage,Romania,2007,11.1,,
ESTAT:CEI_GSR030(1.0),07/08/24 23:00:00,Annual,Total,Percentage,Romania,2008,10.2,,
ESTAT:CEI_GSR030(1.0),07/08/24 23:00:00,Annual,Total,Percentage,Romania,2009,8.7,i,
ESTAT:CEI_GSR030(1.0),07/08/24 23:00:00,Annual,Total,Percentage,Romania,2010,12.1,i,
ESTAT:CEI_GSR030(1.0),07/08/24 23:00:00,Annual,Total,Percentage,Romania,2011,9.2,i,
ESTAT:CEI_GSR030(1.0),07/08/24 23:00:00,Annual,Total,Percentage,Romania,2012,9.8,i,
ESTAT:CEI_GSR030(1.0),07/08/24 23:00:00,Annual,Total,Percentage,Romania,2013,9.2,i,
ESTAT:CEI_GSR030(1.0),07/08/24 23:00:00,Annual,Total,Percentage,Romania,2014,9.4,i,
ESTAT:CEI_GSR030(1.0),07/08/24 23:00:00,Annual,Total,Percentage,Romania,2015,9.3,i,
ESTAT:CEI_GSR030(1.0),07/08/24 23:00:00,Annual,Total,Percentage,Romania,2016,10,i,
ESTAT:CEI_GSR030(1.0),07/08/24 23:00:00,Annual,Total,Percentage,Romania,2017,10.8,i,
ESTAT:CEI_GSR030(1.0),07/08/24 23:00:00,Annual,Total,Percentage,Romania,2018,10.7,i,
ESTAT:CEI_GSR030(1.0),07/08/24 23:00:00,Annual,Total,Percentage,Romania,2019,9.5,i,
ESTAT:CEI_GSR030(1.0),07/08/24 23:00:00,Annual,Total,Percentage,Romania,2020,9.3,,
ESTAT:CEI_GSR030(1.0),07/08/24 23:00:00,Annual,Total,Percentage,Romania,2021,10.1,,
ESTAT:CEI_GSR030(1.0),07/08/24 23:00:00,Annual,Total,Percentage,Romania,2022,9.9,,
ESTAT:CEI_GSR030(1.0),07/08/24 23:00:00,Annual,Total,Percentage,Romania,2023,8.1,i,
ESTAT:CEI_GSR030(1.0),07/08/24 23:00:00,Annual,Total,Percentage,Serbia,2001,7.7,,
ESTAT:CEI_GSR030(1.0),07/08/24 23:00:00,Annual,Total,Percentage,Serbia,2002,8.4,,
ESTAT:CEI_GSR030(1.0),07/08/24 23:00:00,Annual,Total,Percentage,Serbia,2003,10.3,,
ESTAT:CEI_GSR030(1.0),07/08/24 23:00:00,Annual,Total,Percentage,Serbia,2004,11.8,,
ESTAT:CEI_GSR030(1.0),07/08/24 23:00:00,Annual,Total,Percentage,Serbia,2005,11.3,,
ESTAT:CEI_GSR030(1.0),07/08/24 23:00:00,Annual,Total,Percentage,Serbia,2006,12.6,,
ESTAT:CEI_GSR030(1.0),07/08/24 23:00:00,Annual,Total,Percentage,Serbia,2007,12.9,,
ESTAT:CEI_GSR030(1.0),07/08/24 23:00:00,Annual,Total,Percentage,Serbia,2008,12.3,b,
ESTAT:CEI_GSR030(1.0),07/08/24 23:00:00,Annual,Total,Percentage,Serbia,2009,10.7,,
ESTAT:CEI_GSR030(1.0),07/08/24 23:00:00,Annual,Total,Percentage,Serbia,2010,11.5,,
ESTAT:CEI_GSR030(1.0),07/08/24 23:00:00,Annual,Total,Percentage,Serbia,2011,11.3,,
ESTAT:CEI_GSR030(1.0),07/08/24 23:00:00,Annual,Total,Percentage,Serbia,2012,10.6,,
ESTAT:CEI_GSR030(1.0),07/08/24 23:00:00,Annual,Total,Percentage,Serbia,2013,9.8,,
ESTAT:CEI_GSR030(1.0),07/08/24 23:00:00,Annual,Total,Percentage,Serbia,2014,11.1,,
ESTAT:CEI_GSR030(1.0),07/08/24 23:00:00,Annual,Total,Percentage,Serbia,2015,12.4,,
ESTAT:CEI_GSR030(1.0),07/08/24 23:00:00,Annual,Total,Percentage,Serbia,2016,12.5,,
ESTAT:CEI_GSR030(1.0),07/08/24 23:00:00,Annual,Total,Percentage,Serbia,2017,14.2,,
ESTAT:CEI_GSR030(1.0),07/08/24 23:00:00,Annual,Total,Percentage,Serbia,2018,14,,
ESTAT:CEI_GSR030(1.0),07/08/24 23:00:00,Annual,Total,Percentage,Serbia,2019,14.1,,
ESTAT:CEI_GSR030(1.0),07/08/24 23:00:00,Annual,Total,Percentage,Serbia,2020,12.7,,
ESTAT:CEI_GSR030(1.0),07/08/24 23:00:00,Annual,Total,Percentage,Serbia,2021,13.5,,
ESTAT:CEI_GSR030(1.0),07/08/24 23:00:00,Annual,Total,Percentage,Sweden,2000,28.3,,
ESTAT:CEI_GSR030(1.0),07/08/24 23:00:00,Annual,Total,Percentage,Sweden,2001,27.6,,
ESTAT:CEI_GSR030(1.0),07/08/24 23:00:00,Annual,Total,Percentage,Sweden,2002,27.9,,
ESTAT:CEI_GSR030(1.0),07/08/24 23:00:00,Annual,Total,Percentage,Sweden,2003,29.1,,
ESTAT:CEI_GSR030(1.0),07/08/24 23:00:00,Annual,Total,Percentage,Sweden,2004,28.5,,
ESTAT:CEI_GSR030(1.0),07/08/24 23:00:00,Annual,Total,Percentage,Sweden,2005,26.8,,
ESTAT:CEI_GSR030(1.0),07/08/24 23:00:00,Annual,Total,Percentage,Sweden,2006,27.7,,
ESTAT:CEI_GSR030(1.0),07/08/24 23:00:00,Annual,Total,Percentage,Sweden,2007,26.8,,
ESTAT:CEI_GSR030(1.0),07/08/24 23:00:00,Annual,Total,Percentage,Sweden,2008,27.6,,
ESTAT:CEI_GSR030(1.0),07/08/24 23:00:00,Annual,Total,Percentage,Sweden,2009,26.8,,
ESTAT:CEI_GSR030(1.0),07/08/24 23:00:00,Annual,Total,Percentage,Sweden,2010,27.6,,
ESTAT:CEI_GSR030(1.0),07/08/24 23:00:00,Annual,Total,Percentage,Sweden,2011,26.9,,
ESTAT:CEI_GSR030(1.0),07/08/24 23:00:00,Annual,Total,Percentage,Sweden,2012,26.3,,
ESTAT:CEI_GSR030(1.0),07/08/24 23:00:00,Annual,Total,Percentage,Sweden,2013,24.9,,
ESTAT:CEI_GSR030(1.0),07/08/24 23:00:00,Annual,Total,Percentage,Sweden,2014,25.4,,
ESTAT:CEI_GSR030(1.0),07/08/24 23:00:00,Annual,Total,Percentage,Sweden,2015,25.5,,
ESTAT:CEI_GSR030(1.0),07/08/24 23:00:00,Annual,Total,Percentage,Sweden,2016,26.4,,
ESTAT:CEI_GSR030(1.0),07/08/24 23:00:00,Annual,Total,Percentage,Sweden,2017,25.4,,
ESTAT:CEI_GSR030(1.0),07/08/24 23:00:00,Annual,Total,Percentage,Sweden,2018,26.8,,
ESTAT:CEI_GSR030(1.0),07/08/24 23:00:00,Annual,Total,Percentage,Sweden,2019,25,,
ESTAT:CEI_GSR030(1.0),07/08/24 23:00:00,Annual,Total,Percentage,Sweden,2020,23.7,,
ESTAT:CEI_GSR030(1.0),07/08/24 23:00:00,Annual,Total,Percentage,Sweden,2021,23.9,,
ESTAT:CEI_GSR030(1.0),07/08/24 23:00:00,Annual,Total,Percentage,Sweden,2022,24.4,,
ESTAT:CEI_GSR030(1.0),07/08/24 23:00:00,Annual,Total,Percentage,Sweden,2023,23.6,i,
ESTAT:CEI_GSR030(1.0),07/08/24 23:00:00,Annual,Total,Percentage,Slovenia,2000,28.2,,
ESTAT:CEI_GSR030(1.0),07/08/24 23:00:00,Annual,Total,Percentage,Slovenia,2001,32.3,,
ESTAT:CEI_GSR030(1.0),07/08/24 23:00:00,Annual,Total,Percentage,Slovenia,2002,31.7,,
ESTAT:CEI_GSR030(1.0),07/08/24 23:00:00,Annual,Total,Percentage,Slovenia,2003,32.3,,
ESTAT:CEI_GSR030(1.0),07/08/24 23:00:00,Annual,Total,Percentage,Slovenia,2004,34.1,,
ESTAT:CEI_GSR030(1.0),07/08/24 23:00:00,Annual,Total,Percentage,Slovenia,2005,32.9,,
ESTAT:CEI_GSR030(1.0),07/08/24 23:00:00,Annual,Total,Percentage,Slovenia,2006,32.4,,
ESTAT:CEI_GSR030(1.0),07/08/24 23:00:00,Annual,Total,Percentage,Slovenia,2007,36.1,,
ESTAT:CEI_GSR030(1.0),07/08/24 23:00:00,Annual,Total,Percentage,Slovenia,2008,37.4,,
ESTAT:CEI_GSR030(1.0),07/08/24 23:00:00,Annual,Total,Percentage,Slovenia,2009,35.4,,
ESTAT:CEI_GSR030(1.0),07/08/24 23:00:00,Annual,Total,Percentage,Slovenia,2010,37.8,,
ESTAT:CEI_GSR030(1.0),07/08/24 23:00:00,Annual,Total,Percentage,Slovenia,2011,40.8,,
ESTAT:CEI_GSR030(1.0),07/08/24 23:00:00,Annual,Total,Percentage,Slovenia,2012,43.1,,
ESTAT:CEI_GSR030(1.0),07/08/24 23:00:00,Annual,Total,Percentage,Slovenia,2013,44.3,,
ESTAT:CEI_GSR030(1.0),07/08/24 23:00:00,Annual,Total,Percentage,Slovenia,2014,42.2,,
ESTAT:CEI_GSR030(1.0),07/08/24 23:00:00,Annual,Total,Percentage,Slovenia,2015,44.2,,
ESTAT:CEI_GSR030(1.0),07/08/24 23:00:00,Annual,Total,Percentage,Slovenia,2016,47.2,,
ESTAT:CEI_GSR030(1.0),07/08/24 23:00:00,Annual,Total,Percentage,Slovenia,2017,47.4,,
ESTAT:CEI_GSR030(1.0),07/08/24 23:00:00,Annual,Total,Percentage,Slovenia,2018,46.8,,
ESTAT:CEI_GSR030(1.0),07/08/24 23:00:00,Annual,Total,Percentage,Slovenia,2019,48,,
ESTAT:CEI_GSR030(1.0),07/08/24 23:00:00,Annual,Total,Percentage,Slovenia,2020,46.2,,
ESTAT:CEI_GSR030(1.0),07/08/24 23:00:00,Annual,Total,Percentage,Slovenia,2021,45.3,,
ESTAT:CEI_GSR030(1.0),07/08/24 23:00:00,Annual,Total,Percentage,Slovenia,2022,46.5,,
ESTAT:CEI_GSR030(1.0),07/08/24 23:00:00,Annual,Total,Percentage,Slovenia,2023,41.5,i,
ESTAT:CEI_GSR030(1.0),07/08/24 23:00:00,Annual,Total,Percentage,Slovakia,2000,40.3,,
ESTAT:CEI_GSR030(1.0),07/08/24 23:00:00,Annual,Total,Percentage,Slovakia,2001,40.1,,
ESTAT:CEI_GSR030(1.0),07/08/24 23:00:00,Annual,Total,Percentage,Slovakia,2002,39.3,,
ESTAT:CEI_GSR030(1.0),07/08/24 23:00:00,Annual,Total,Percentage,Slovakia,2003,41.6,,
ESTAT:CEI_GSR030(1.0),07/08/24 23:00:00,Annual,Total,Percentage,Slovakia,2004,41.1,,
ESTAT:CEI_GSR030(1.0),07/08/24 23:00:00,Annual,Total,Percentage,Slovakia,2005,38,,
ESTAT:CEI_GSR030(1.0),07/08/24 23:00:00,Annual,Total,Percentage,Slovakia,2006,40.6,,
ESTAT:CEI_GSR030(1.0),07/08/24 23:00:00,Annual,Total,Percentage,Slovakia,2007,42.6,,
ESTAT:CEI_GSR030(1.0),07/08/24 23:00:00,Annual,Total,Percentage,Slovakia,2008,38.8,,
ESTAT:CEI_GSR030(1.0),07/08/24 23:00:00,Annual,Total,Percentage,Slovakia,2009,38.5,,
ESTAT:CEI_GSR030(1.0),07/08/24 23:00:00,Annual,Total,Percentage,Slovakia,2010,42.2,,
ESTAT:CEI_GSR030(1.0),07/08/24 23:00:00,Annual,Total,Percentage,Slovakia,2011,41.8,,
ESTAT:CEI_GSR030(1.0),07/08/24 23:00:00,Annual,Total,Percentage,Slovakia,2012,44.2,,
ESTAT:CEI_GSR030(1.0),07/08/24 23:00:00,Annual,Total,Percentage,Slovakia,2013,45.8,,
ESTAT:CEI_GSR030(1.0),07/08/24 23:00:00,Annual,Total,Percentage,Slovakia,2014,42,,
ESTAT:CEI_GSR030(1.0),07/08/24 23:00:00,Annual,Total,Percentage,Slovakia,2015,42.4,,
ESTAT:CEI_GSR030(1.0),07/08/24 23:00:00,Annual,Total,Percentage,Slovakia,2016,42.5,,
ESTAT:CEI_GSR030(1.0),07/08/24 23:00:00,Annual,Total,Percentage,Slovakia,2017,42.9,,
ESTAT:CEI_GSR030(1.0),07/08/24 23:00:00,Annual,Total,Percentage,Slovakia,2018,43,,
ESTAT:CEI_GSR030(1.0),07/08/24 23:00:00,Annual,Total,Percentage,Slovakia,2019,44,,
ESTAT:CEI_GSR030(1.0),07/08/24 23:00:00,Annual,Total,Percentage,Slovakia,2020,42.7,,
ESTAT:CEI_GSR030(1.0),07/08/24 23:00:00,Annual,Total,Percentage,Slovakia,2021,45.2,,
ESTAT:CEI_GSR030(1.0),07/08/24 23:00:00,Annual,Total,Percentage,Slovakia,2022,45.8,,
ESTAT:CEI_GSR030(1.0),07/08/24 23:00:00,Annual,Total,Percentage,Slovakia,2023,43.3,i,
ESTAT:CEI_GSR030(1.0),07/08/24 23:00:00,Annual,Total,Percentage,Trkiye,2000,13.9,,
ESTAT:CEI_GSR030(1.0),07/08/24 23:00:00,Annual,Total,Percentage,Trkiye,2001,12.3,,
ESTAT:CEI_GSR030(1.0),07/08/24 23:00:00,Annual,Total,Percentage,Trkiye,2002,16.4,,
ESTAT:CEI_GSR030(1.0),07/08/24 23:00:00,Annual,Total,Percentage,Trkiye,2003,17.8,,
ESTAT:CEI_GSR030(1.0),07/08/24 23:00:00,Annual,Total,Percentage,Trkiye,2004,17.5,,
ESTAT:CEI_GSR030(1.0),07/08/24 23:00:00,Annual,Total,Percentage,Trkiye,2005,15.8,,
ESTAT:CEI_GSR030(1.0),07/08/24 23:00:00,Annual,Total,Percentage,Trkiye,2006,15.8,,
ESTAT:CEI_GSR030(1.0),07/08/24 23:00:00,Annual,Total,Percentage,Trkiye,2007,16.8,,
ESTAT:CEI_GSR030(1.0),07/08/24 23:00:00,Annual,Total,Percentage,Trkiye,2008,15.8,,
ESTAT:CEI_GSR030(1.0),07/08/24 23:00:00,Annual,Total,Percentage,Trkiye,2009,15.3,,
ESTAT:CEI_GSR030(1.0),07/08/24 23:00:00,Annual,Total,Percentage,Trkiye,2010,14.3,,
ESTAT:CEI_GSR030(1.0),07/08/24 23:00:00,Annual,Total,Percentage,Trkiye,2011,14.5,,
ESTAT:CEI_GSR030(1.0),07/08/24 23:00:00,Annual,Total,Percentage,Trkiye,2012,17.5,,
ESTAT:CEI_GSR030(1.0),07/08/24 23:00:00,Annual,Total,Percentage,Trkiye,2013,17.4,,
ESTAT:CEI_GSR030(1.0),07/08/24 23:00:00,Annual,Total,Percentage,Trkiye,2014,15.2,,
ESTAT:CEI_GSR030(1.0),07/08/24 23:00:00,Annual,Total,Percentage,Trkiye,2015,17.9,,
ESTAT:CEI_GSR030(1.0),07/08/24 23:00:00,Annual,Total,Percentage,Trkiye,2016,18.4,,
ESTAT:CEI_GSR030(1.0),07/08/24 23:00:00,Annual,Total,Percentage,Trkiye,2017,19.2,,
ESTAT:CEI_GSR030(1.0),07/08/24 23:00:00,Annual,Total,Percentage,Trkiye,2018,19.2,,
ESTAT:CEI_GSR030(1.0),07/08/24 23:00:00,Annual,Total,Percentage,Trkiye,2019,21.3,,
ESTAT:CEI_GSR030(1.0),07/08/24 23:00:00,Annual,Total,Percentage,Trkiye,2020,12.5,,
ESTAT:CEI_GSR030(1.0),07/08/24 23:00:00,Annual,Total,Percentage,Trkiye,2021,20.2,,
ESTAT:CEI_GSR030(1.0),07/08/24 23:00:00,Annual,Total,Percentage,Trkiye,2022,20.4,,
