DATAFLOW,LAST UPDATE,freq,indic_env,unit,geo,TIME_PERIOD,OBS_VALUE,OBS_FLAG,CONF_STATUS
ESTAT:CEI_CIE012(1.0),24/03/25 23:00:00,Annual,Investment,Million euro,Austria,2005,5273,,
ESTAT:CEI_CIE012(1.0),24/03/25 23:00:00,Annual,Investment,Million euro,Austria,2006,5254,,
ESTAT:CEI_CIE012(1.0),24/03/25 23:00:00,Annual,Investment,Million euro,Austria,2007,5252,,
ESTAT:CEI_CIE012(1.0),24/03/25 23:00:00,Annual,Investment,Million euro,Austria,2008,7001,,
ESTAT:CEI_CIE012(1.0),24/03/25 23:00:00,Annual,Investment,Million euro,Austria,2009,4694,,
ESTAT:CEI_CIE012(1.0),24/03/25 23:00:00,Annual,Investment,Million euro,Austria,2010,4565,,
ESTAT:CEI_CIE012(1.0),24/03/25 23:00:00,Annual,Investment,Million euro,Austria,2011,4899,,
ESTAT:CEI_CIE012(1.0),24/03/25 23:00:00,Annual,Investment,Million euro,Austria,2012,5110,,
ESTAT:CEI_CIE012(1.0),24/03/25 23:00:00,Annual,Investment,Million euro,Austria,2013,5052,,
ESTAT:CEI_CIE012(1.0),24/03/25 23:00:00,Annual,Investment,Million euro,Austria,2014,5280,,
ESTAT:CEI_CIE012(1.0),24/03/25 23:00:00,Annual,Investment,Million euro,Austria,2015,5384,,
ESTAT:CEI_CIE012(1.0),24/03/25 23:00:00,Annual,Investment,Million euro,Austria,2016,5629,,
ESTAT:CEI_CIE012(1.0),24/03/25 23:00:00,Annual,Investment,Million euro,Austria,2017,5733,,
ESTAT:CEI_CIE012(1.0),24/03/25 23:00:00,Annual,Investment,Million euro,Austria,2018,5613,,
ESTAT:CEI_CIE012(1.0),24/03/25 23:00:00,Annual,Investment,Million euro,Austria,2019,5801,,
ESTAT:CEI_CIE012(1.0),24/03/25 23:00:00,Annual,Investment,Million euro,Austria,2020,5381,,
ESTAT:CEI_CIE012(1.0),24/03/25 23:00:00,Annual,Investment,Million euro,Austria,2021,4920,,
ESTAT:CEI_CIE012(1.0),24/03/25 23:00:00,Annual,Investment,Million euro,Austria,2022,5396,,
ESTAT:CEI_CIE012(1.0),24/03/25 23:00:00,Annual,Investment,Million euro,Austria,2023,5406,,
ESTAT:CEI_CIE012(1.0),24/03/25 23:00:00,Annual,Investment,Million euro,Belgium,2005,3805,,
ESTAT:CEI_CIE012(1.0),24/03/25 23:00:00,Annual,Investment,Million euro,Belgium,2006,3995,,
ESTAT:CEI_CIE012(1.0),24/03/25 23:00:00,Annual,Investment,Million euro,Belgium,2007,4188,,
ESTAT:CEI_CIE012(1.0),24/03/25 23:00:00,Annual,Investment,Million euro,Belgium,2008,5610,,
ESTAT:CEI_CIE012(1.0),24/03/25 23:00:00,Annual,Investment,Million euro,Belgium,2009,3941,,
ESTAT:CEI_CIE012(1.0),24/03/25 23:00:00,Annual,Investment,Million euro,Belgium,2010,3996,,
ESTAT:CEI_CIE012(1.0),24/03/25 23:00:00,Annual,Investment,Million euro,Belgium,2011,6176,,
ESTAT:CEI_CIE012(1.0),24/03/25 23:00:00,Annual,Investment,Million euro,Belgium,2012,5674,,
ESTAT:CEI_CIE012(1.0),24/03/25 23:00:00,Annual,Investment,Million euro,Belgium,2013,4622,,
ESTAT:CEI_CIE012(1.0),24/03/25 23:00:00,Annual,Investment,Million euro,Belgium,2014,4772,,
ESTAT:CEI_CIE012(1.0),24/03/25 23:00:00,Annual,Investment,Million euro,Belgium,2015,4990,,
ESTAT:CEI_CIE012(1.0),24/03/25 23:00:00,Annual,Investment,Million euro,Belgium,2016,7181,,
ESTAT:CEI_CIE012(1.0),24/03/25 23:00:00,Annual,Investment,Million euro,Belgium,2017,6251,,
ESTAT:CEI_CIE012(1.0),24/03/25 23:00:00,Annual,Investment,Million euro,Belgium,2018,6551,,
ESTAT:CEI_CIE012(1.0),24/03/25 23:00:00,Annual,Investment,Million euro,Belgium,2019,7469,,
ESTAT:CEI_CIE012(1.0),24/03/25 23:00:00,Annual,Investment,Million euro,Belgium,2020,7391,,
ESTAT:CEI_CIE012(1.0),24/03/25 23:00:00,Annual,Investment,Million euro,Belgium,2021,7107,,
ESTAT:CEI_CIE012(1.0),24/03/25 23:00:00,Annual,Investment,Million euro,Belgium,2022,7417,,
ESTAT:CEI_CIE012(1.0),24/03/25 23:00:00,Annual,Investment,Million euro,Belgium,2023,7634,,
ESTAT:CEI_CIE012(1.0),24/03/25 23:00:00,Annual,Investment,Million euro,Bulgaria,2005,181,,
ESTAT:CEI_CIE012(1.0),24/03/25 23:00:00,Annual,Investment,Million euro,Bulgaria,2006,183,,
ESTAT:CEI_CIE012(1.0),24/03/25 23:00:00,Annual,Investment,Million euro,Bulgaria,2007,191,,
ESTAT:CEI_CIE012(1.0),24/03/25 23:00:00,Annual,Investment,Million euro,Bulgaria,2008,341,,
ESTAT:CEI_CIE012(1.0),24/03/25 23:00:00,Annual,Investment,Million euro,Bulgaria,2009,219,,
ESTAT:CEI_CIE012(1.0),24/03/25 23:00:00,Annual,Investment,Million euro,Bulgaria,2010,245,,
ESTAT:CEI_CIE012(1.0),24/03/25 23:00:00,Annual,Investment,Million euro,Bulgaria,2011,208,,
ESTAT:CEI_CIE012(1.0),24/03/25 23:00:00,Annual,Investment,Million euro,Bulgaria,2012,209,,
ESTAT:CEI_CIE012(1.0),24/03/25 23:00:00,Annual,Investment,Million euro,Bulgaria,2013,177,,
ESTAT:CEI_CIE012(1.0),24/03/25 23:00:00,Annual,Investment,Million euro,Bulgaria,2014,273,,
ESTAT:CEI_CIE012(1.0),24/03/25 23:00:00,Annual,Investment,Million euro,Bulgaria,2015,316,,
ESTAT:CEI_CIE012(1.0),24/03/25 23:00:00,Annual,Investment,Million euro,Bulgaria,2016,303,,
ESTAT:CEI_CIE012(1.0),24/03/25 23:00:00,Annual,Investment,Million euro,Bulgaria,2017,379,,
ESTAT:CEI_CIE012(1.0),24/03/25 23:00:00,Annual,Investment,Million euro,Bulgaria,2018,409,,
ESTAT:CEI_CIE012(1.0),24/03/25 23:00:00,Annual,Investment,Million euro,Bulgaria,2019,425,,
ESTAT:CEI_CIE012(1.0),24/03/25 23:00:00,Annual,Investment,Million euro,Bulgaria,2020,308,,
ESTAT:CEI_CIE012(1.0),24/03/25 23:00:00,Annual,Investment,Million euro,Bulgaria,2021,433,,
ESTAT:CEI_CIE012(1.0),24/03/25 23:00:00,Annual,Investment,Million euro,Bulgaria,2022,408,,
ESTAT:CEI_CIE012(1.0),24/03/25 23:00:00,Annual,Investment,Million euro,Bulgaria,2023,422,,
ESTAT:CEI_CIE012(1.0),24/03/25 23:00:00,Annual,Investment,Million euro,Cyprus,2005,165,,
ESTAT:CEI_CIE012(1.0),24/03/25 23:00:00,Annual,Investment,Million euro,Cyprus,2006,157,,
ESTAT:CEI_CIE012(1.0),24/03/25 23:00:00,Annual,Investment,Million euro,Cyprus,2007,150,,
ESTAT:CEI_CIE012(1.0),24/03/25 23:00:00,Annual,Investment,Million euro,Cyprus,2008,158,,
ESTAT:CEI_CIE012(1.0),24/03/25 23:00:00,Annual,Investment,Million euro,Cyprus,2009,152,,
ESTAT:CEI_CIE012(1.0),24/03/25 23:00:00,Annual,Investment,Million euro,Cyprus,2010,142,,
ESTAT:CEI_CIE012(1.0),24/03/25 23:00:00,Annual,Investment,Million euro,Cyprus,2011,134,,
ESTAT:CEI_CIE012(1.0),24/03/25 23:00:00,Annual,Investment,Million euro,Cyprus,2012,122,,
ESTAT:CEI_CIE012(1.0),24/03/25 23:00:00,Annual,Investment,Million euro,Cyprus,2013,109,,
ESTAT:CEI_CIE012(1.0),24/03/25 23:00:00,Annual,Investment,Million euro,Cyprus,2014,34,,
ESTAT:CEI_CIE012(1.0),24/03/25 23:00:00,Annual,Investment,Million euro,Cyprus,2015,54,,
ESTAT:CEI_CIE012(1.0),24/03/25 23:00:00,Annual,Investment,Million euro,Cyprus,2016,59,,
ESTAT:CEI_CIE012(1.0),24/03/25 23:00:00,Annual,Investment,Million euro,Cyprus,2017,109,,
ESTAT:CEI_CIE012(1.0),24/03/25 23:00:00,Annual,Investment,Million euro,Cyprus,2018,94,,
ESTAT:CEI_CIE012(1.0),24/03/25 23:00:00,Annual,Investment,Million euro,Cyprus,2019,75,,
ESTAT:CEI_CIE012(1.0),24/03/25 23:00:00,Annual,Investment,Million euro,Cyprus,2020,68,,
ESTAT:CEI_CIE012(1.0),24/03/25 23:00:00,Annual,Investment,Million euro,Cyprus,2021,129,,
ESTAT:CEI_CIE012(1.0),24/03/25 23:00:00,Annual,Investment,Million euro,Cyprus,2022,66,,
ESTAT:CEI_CIE012(1.0),24/03/25 23:00:00,Annual,Investment,Million euro,Cyprus,2023,68,,
ESTAT:CEI_CIE012(1.0),24/03/25 23:00:00,Annual,Investment,Million euro,Czechia,2005,1032,,
ESTAT:CEI_CIE012(1.0),24/03/25 23:00:00,Annual,Investment,Million euro,Czechia,2006,1085,,
ESTAT:CEI_CIE012(1.0),24/03/25 23:00:00,Annual,Investment,Million euro,Czechia,2007,1086,,
ESTAT:CEI_CIE012(1.0),24/03/25 23:00:00,Annual,Investment,Million euro,Czechia,2008,1152,,
ESTAT:CEI_CIE012(1.0),24/03/25 23:00:00,Annual,Investment,Million euro,Czechia,2009,1240,,
ESTAT:CEI_CIE012(1.0),24/03/25 23:00:00,Annual,Investment,Million euro,Czechia,2010,1209,,
ESTAT:CEI_CIE012(1.0),24/03/25 23:00:00,Annual,Investment,Million euro,Czechia,2011,1265,,
ESTAT:CEI_CIE012(1.0),24/03/25 23:00:00,Annual,Investment,Million euro,Czechia,2012,1228,,
ESTAT:CEI_CIE012(1.0),24/03/25 23:00:00,Annual,Investment,Million euro,Czechia,2013,1238,,
ESTAT:CEI_CIE012(1.0),24/03/25 23:00:00,Annual,Investment,Million euro,Czechia,2014,1222,,
ESTAT:CEI_CIE012(1.0),24/03/25 23:00:00,Annual,Investment,Million euro,Czechia,2015,1334,,
ESTAT:CEI_CIE012(1.0),24/03/25 23:00:00,Annual,Investment,Million euro,Czechia,2016,1342,,
ESTAT:CEI_CIE012(1.0),24/03/25 23:00:00,Annual,Investment,Million euro,Czechia,2017,1479,,
ESTAT:CEI_CIE012(1.0),24/03/25 23:00:00,Annual,Investment,Million euro,Czechia,2018,1557,,
ESTAT:CEI_CIE012(1.0),24/03/25 23:00:00,Annual,Investment,Million euro,Czechia,2019,1618,,
ESTAT:CEI_CIE012(1.0),24/03/25 23:00:00,Annual,Investment,Million euro,Czechia,2020,1557,,
ESTAT:CEI_CIE012(1.0),24/03/25 23:00:00,Annual,Investment,Million euro,Czechia,2021,1816,,
ESTAT:CEI_CIE012(1.0),24/03/25 23:00:00,Annual,Investment,Million euro,Czechia,2022,1732,,
ESTAT:CEI_CIE012(1.0),24/03/25 23:00:00,Annual,Investment,Million euro,Czechia,2023,1780,,
ESTAT:CEI_CIE012(1.0),24/03/25 23:00:00,Annual,Investment,Million euro,Germany,2005,8347,,
ESTAT:CEI_CIE012(1.0),24/03/25 23:00:00,Annual,Investment,Million euro,Germany,2006,8669,,
ESTAT:CEI_CIE012(1.0),24/03/25 23:00:00,Annual,Investment,Million euro,Germany,2007,9001,,
ESTAT:CEI_CIE012(1.0),24/03/25 23:00:00,Annual,Investment,Million euro,Germany,2008,15490,,
ESTAT:CEI_CIE012(1.0),24/03/25 23:00:00,Annual,Investment,Million euro,Germany,2009,12634,,
ESTAT:CEI_CIE012(1.0),24/03/25 23:00:00,Annual,Investment,Million euro,Germany,2010,11422,,
ESTAT:CEI_CIE012(1.0),24/03/25 23:00:00,Annual,Investment,Million euro,Germany,2011,13699,,
ESTAT:CEI_CIE012(1.0),24/03/25 23:00:00,Annual,Investment,Million euro,Germany,2012,13886,,
ESTAT:CEI_CIE012(1.0),24/03/25 23:00:00,Annual,Investment,Million euro,Germany,2013,13018,,
ESTAT:CEI_CIE012(1.0),24/03/25 23:00:00,Annual,Investment,Million euro,Germany,2014,14990,,
ESTAT:CEI_CIE012(1.0),24/03/25 23:00:00,Annual,Investment,Million euro,Germany,2015,16258,,
ESTAT:CEI_CIE012(1.0),24/03/25 23:00:00,Annual,Investment,Million euro,Germany,2016,16444,,
ESTAT:CEI_CIE012(1.0),24/03/25 23:00:00,Annual,Investment,Million euro,Germany,2017,30245,,
ESTAT:CEI_CIE012(1.0),24/03/25 23:00:00,Annual,Investment,Million euro,Germany,2018,34605,,
ESTAT:CEI_CIE012(1.0),24/03/25 23:00:00,Annual,Investment,Million euro,Germany,2019,34831,,
ESTAT:CEI_CIE012(1.0),24/03/25 23:00:00,Annual,Investment,Million euro,Germany,2020,35255,,
ESTAT:CEI_CIE012(1.0),24/03/25 23:00:00,Annual,Investment,Million euro,Germany,2021,37147,,
ESTAT:CEI_CIE012(1.0),24/03/25 23:00:00,Annual,Investment,Million euro,Germany,2022,37342,,
ESTAT:CEI_CIE012(1.0),24/03/25 23:00:00,Annual,Investment,Million euro,Germany,2023,39500,,
ESTAT:CEI_CIE012(1.0),24/03/25 23:00:00,Annual,Investment,Million euro,Denmark,2005,1227,,
ESTAT:CEI_CIE012(1.0),24/03/25 23:00:00,Annual,Investment,Million euro,Denmark,2006,1285,,
ESTAT:CEI_CIE012(1.0),24/03/25 23:00:00,Annual,Investment,Million euro,Denmark,2007,1346,,
ESTAT:CEI_CIE012(1.0),24/03/25 23:00:00,Annual,Investment,Million euro,Denmark,2008,2075,,
ESTAT:CEI_CIE012(1.0),24/03/25 23:00:00,Annual,Investment,Million euro,Denmark,2009,1291,,
ESTAT:CEI_CIE012(1.0),24/03/25 23:00:00,Annual,Investment,Million euro,Denmark,2010,1817,,
ESTAT:CEI_CIE012(1.0),24/03/25 23:00:00,Annual,Investment,Million euro,Denmark,2011,2030,,
ESTAT:CEI_CIE012(1.0),24/03/25 23:00:00,Annual,Investment,Million euro,Denmark,2012,2917,,
ESTAT:CEI_CIE012(1.0),24/03/25 23:00:00,Annual,Investment,Million euro,Denmark,2013,2145,,
ESTAT:CEI_CIE012(1.0),24/03/25 23:00:00,Annual,Investment,Million euro,Denmark,2014,2699,,
ESTAT:CEI_CIE012(1.0),24/03/25 23:00:00,Annual,Investment,Million euro,Denmark,2015,2822,,
ESTAT:CEI_CIE012(1.0),24/03/25 23:00:00,Annual,Investment,Million euro,Denmark,2016,2592,,
ESTAT:CEI_CIE012(1.0),24/03/25 23:00:00,Annual,Investment,Million euro,Denmark,2017,3039,,
ESTAT:CEI_CIE012(1.0),24/03/25 23:00:00,Annual,Investment,Million euro,Denmark,2018,2762,,
ESTAT:CEI_CIE012(1.0),24/03/25 23:00:00,Annual,Investment,Million euro,Denmark,2019,2493,,
ESTAT:CEI_CIE012(1.0),24/03/25 23:00:00,Annual,Investment,Million euro,Denmark,2020,2630,,
ESTAT:CEI_CIE012(1.0),24/03/25 23:00:00,Annual,Investment,Million euro,Denmark,2021,2948,,
ESTAT:CEI_CIE012(1.0),24/03/25 23:00:00,Annual,Investment,Million euro,Denmark,2022,3085,,
ESTAT:CEI_CIE012(1.0),24/03/25 23:00:00,Annual,Investment,Million euro,Denmark,2023,3176,,
ESTAT:CEI_CIE012(1.0),24/03/25 23:00:00,Annual,Investment,Million euro,Estonia,2005,103,,
ESTAT:CEI_CIE012(1.0),24/03/25 23:00:00,Annual,Investment,Million euro,Estonia,2006,101,,
ESTAT:CEI_CIE012(1.0),24/03/25 23:00:00,Annual,Investment,Million euro,Estonia,2007,103,,
ESTAT:CEI_CIE012(1.0),24/03/25 23:00:00,Annual,Investment,Million euro,Estonia,2008,126,,
ESTAT:CEI_CIE012(1.0),24/03/25 23:00:00,Annual,Investment,Million euro,Estonia,2009,80,,
ESTAT:CEI_CIE012(1.0),24/03/25 23:00:00,Annual,Investment,Million euro,Estonia,2010,112,,
ESTAT:CEI_CIE012(1.0),24/03/25 23:00:00,Annual,Investment,Million euro,Estonia,2011,163,,
ESTAT:CEI_CIE012(1.0),24/03/25 23:00:00,Annual,Investment,Million euro,Estonia,2012,199,,
ESTAT:CEI_CIE012(1.0),24/03/25 23:00:00,Annual,Investment,Million euro,Estonia,2013,158,,
ESTAT:CEI_CIE012(1.0),24/03/25 23:00:00,Annual,Investment,Million euro,Estonia,2014,130,,
ESTAT:CEI_CIE012(1.0),24/03/25 23:00:00,Annual,Investment,Million euro,Estonia,2015,134,,
ESTAT:CEI_CIE012(1.0),24/03/25 23:00:00,Annual,Investment,Million euro,Estonia,2016,153,,
ESTAT:CEI_CIE012(1.0),24/03/25 23:00:00,Annual,Investment,Million euro,Estonia,2017,192,,
ESTAT:CEI_CIE012(1.0),24/03/25 23:00:00,Annual,Investment,Million euro,Estonia,2018,240,,
ESTAT:CEI_CIE012(1.0),24/03/25 23:00:00,Annual,Investment,Million euro,Estonia,2019,229,,
ESTAT:CEI_CIE012(1.0),24/03/25 23:00:00,Annual,Investment,Million euro,Estonia,2020,233,,
ESTAT:CEI_CIE012(1.0),24/03/25 23:00:00,Annual,Investment,Million euro,Estonia,2021,219,,
ESTAT:CEI_CIE012(1.0),24/03/25 23:00:00,Annual,Investment,Million euro,Estonia,2022,245,,
ESTAT:CEI_CIE012(1.0),24/03/25 23:00:00,Annual,Investment,Million euro,Estonia,2023,256,,
ESTAT:CEI_CIE012(1.0),24/03/25 23:00:00,Annual,Investment,Million euro,Greece,2005,1281,,
ESTAT:CEI_CIE012(1.0),24/03/25 23:00:00,Annual,Investment,Million euro,Greece,2006,1200,,
ESTAT:CEI_CIE012(1.0),24/03/25 23:00:00,Annual,Investment,Million euro,Greece,2007,1120,,
ESTAT:CEI_CIE012(1.0),24/03/25 23:00:00,Annual,Investment,Million euro,Greece,2008,2088,,
ESTAT:CEI_CIE012(1.0),24/03/25 23:00:00,Annual,Investment,Million euro,Greece,2009,867,,
ESTAT:CEI_CIE012(1.0),24/03/25 23:00:00,Annual,Investment,Million euro,Greece,2010,885,,
ESTAT:CEI_CIE012(1.0),24/03/25 23:00:00,Annual,Investment,Million euro,Greece,2011,700,,
ESTAT:CEI_CIE012(1.0),24/03/25 23:00:00,Annual,Investment,Million euro,Greece,2012,233,,
ESTAT:CEI_CIE012(1.0),24/03/25 23:00:00,Annual,Investment,Million euro,Greece,2013,145,,
ESTAT:CEI_CIE012(1.0),24/03/25 23:00:00,Annual,Investment,Million euro,Greece,2014,378,,
ESTAT:CEI_CIE012(1.0),24/03/25 23:00:00,Annual,Investment,Million euro,Greece,2015,444,,
ESTAT:CEI_CIE012(1.0),24/03/25 23:00:00,Annual,Investment,Million euro,Greece,2016,431,,
ESTAT:CEI_CIE012(1.0),24/03/25 23:00:00,Annual,Investment,Million euro,Greece,2017,455,,
ESTAT:CEI_CIE012(1.0),24/03/25 23:00:00,Annual,Investment,Million euro,Greece,2018,220,,
ESTAT:CEI_CIE012(1.0),24/03/25 23:00:00,Annual,Investment,Million euro,Greece,2019,370,,
ESTAT:CEI_CIE012(1.0),24/03/25 23:00:00,Annual,Investment,Million euro,Greece,2020,327,,
ESTAT:CEI_CIE012(1.0),24/03/25 23:00:00,Annual,Investment,Million euro,Greece,2021,527,,
ESTAT:CEI_CIE012(1.0),24/03/25 23:00:00,Annual,Investment,Million euro,Greece,2022,203,,
ESTAT:CEI_CIE012(1.0),24/03/25 23:00:00,Annual,Investment,Million euro,Greece,2023,174,,
ESTAT:CEI_CIE012(1.0),24/03/25 23:00:00,Annual,Investment,Million euro,Spain,2005,1766,,
ESTAT:CEI_CIE012(1.0),24/03/25 23:00:00,Annual,Investment,Million euro,Spain,2006,2036,,
ESTAT:CEI_CIE012(1.0),24/03/25 23:00:00,Annual,Investment,Million euro,Spain,2007,2111,,
ESTAT:CEI_CIE012(1.0),24/03/25 23:00:00,Annual,Investment,Million euro,Spain,2008,2615,,
ESTAT:CEI_CIE012(1.0),24/03/25 23:00:00,Annual,Investment,Million euro,Spain,2009,2235,,
ESTAT:CEI_CIE012(1.0),24/03/25 23:00:00,Annual,Investment,Million euro,Spain,2010,2287,,
ESTAT:CEI_CIE012(1.0),24/03/25 23:00:00,Annual,Investment,Million euro,Spain,2011,2219,,
ESTAT:CEI_CIE012(1.0),24/03/25 23:00:00,Annual,Investment,Million euro,Spain,2012,2794,,
ESTAT:CEI_CIE012(1.0),24/03/25 23:00:00,Annual,Investment,Million euro,Spain,2013,3056,,
ESTAT:CEI_CIE012(1.0),24/03/25 23:00:00,Annual,Investment,Million euro,Spain,2014,3576,,
ESTAT:CEI_CIE012(1.0),24/03/25 23:00:00,Annual,Investment,Million euro,Spain,2015,3961,,
ESTAT:CEI_CIE012(1.0),24/03/25 23:00:00,Annual,Investment,Million euro,Spain,2016,5096,,
ESTAT:CEI_CIE012(1.0),24/03/25 23:00:00,Annual,Investment,Million euro,Spain,2017,4456,,
ESTAT:CEI_CIE012(1.0),24/03/25 23:00:00,Annual,Investment,Million euro,Spain,2018,5427,,
ESTAT:CEI_CIE012(1.0),24/03/25 23:00:00,Annual,Investment,Million euro,Spain,2019,6023,,
ESTAT:CEI_CIE012(1.0),24/03/25 23:00:00,Annual,Investment,Million euro,Spain,2020,6063,,
ESTAT:CEI_CIE012(1.0),24/03/25 23:00:00,Annual,Investment,Million euro,Spain,2021,7260,,
ESTAT:CEI_CIE012(1.0),24/03/25 23:00:00,Annual,Investment,Million euro,Spain,2022,7149,,
ESTAT:CEI_CIE012(1.0),24/03/25 23:00:00,Annual,Investment,Million euro,Spain,2023,7604,,
ESTAT:CEI_CIE012(1.0),24/03/25 23:00:00,Annual,Investment,Million euro,Finland,2005,587,,
ESTAT:CEI_CIE012(1.0),24/03/25 23:00:00,Annual,Investment,Million euro,Finland,2006,600,,
ESTAT:CEI_CIE012(1.0),24/03/25 23:00:00,Annual,Investment,Million euro,Finland,2007,618,,
ESTAT:CEI_CIE012(1.0),24/03/25 23:00:00,Annual,Investment,Million euro,Finland,2008,883,,
ESTAT:CEI_CIE012(1.0),24/03/25 23:00:00,Annual,Investment,Million euro,Finland,2009,623,,
ESTAT:CEI_CIE012(1.0),24/03/25 23:00:00,Annual,Investment,Million euro,Finland,2010,603,,
ESTAT:CEI_CIE012(1.0),24/03/25 23:00:00,Annual,Investment,Million euro,Finland,2011,805,,
ESTAT:CEI_CIE012(1.0),24/03/25 23:00:00,Annual,Investment,Million euro,Finland,2012,802,,
ESTAT:CEI_CIE012(1.0),24/03/25 23:00:00,Annual,Investment,Million euro,Finland,2013,659,,
ESTAT:CEI_CIE012(1.0),24/03/25 23:00:00,Annual,Investment,Million euro,Finland,2014,738,,
ESTAT:CEI_CIE012(1.0),24/03/25 23:00:00,Annual,Investment,Million euro,Finland,2015,820,,
ESTAT:CEI_CIE012(1.0),24/03/25 23:00:00,Annual,Investment,Million euro,Finland,2016,872,,
ESTAT:CEI_CIE012(1.0),24/03/25 23:00:00,Annual,Investment,Million euro,Finland,2017,669,,
ESTAT:CEI_CIE012(1.0),24/03/25 23:00:00,Annual,Investment,Million euro,Finland,2018,803,,
ESTAT:CEI_CIE012(1.0),24/03/25 23:00:00,Annual,Investment,Million euro,Finland,2019,759,,
ESTAT:CEI_CIE012(1.0),24/03/25 23:00:00,Annual,Investment,Million euro,Finland,2020,773,,
ESTAT:CEI_CIE012(1.0),24/03/25 23:00:00,Annual,Investment,Million euro,Finland,2021,1389,,
ESTAT:CEI_CIE012(1.0),24/03/25 23:00:00,Annual,Investment,Million euro,Finland,2022,957,,
ESTAT:CEI_CIE012(1.0),24/03/25 23:00:00,Annual,Investment,Million euro,Finland,2023,984,,
ESTAT:CEI_CIE012(1.0),24/03/25 23:00:00,Annual,Investment,Million euro,France,2005,17339,,
ESTAT:CEI_CIE012(1.0),24/03/25 23:00:00,Annual,Investment,Million euro,France,2006,17510,,
ESTAT:CEI_CIE012(1.0),24/03/25 23:00:00,Annual,Investment,Million euro,France,2007,17750,,
ESTAT:CEI_CIE012(1.0),24/03/25 23:00:00,Annual,Investment,Million euro,France,2008,18053,,
ESTAT:CEI_CIE012(1.0),24/03/25 23:00:00,Annual,Investment,Million euro,France,2009,16893,,
ESTAT:CEI_CIE012(1.0),24/03/25 23:00:00,Annual,Investment,Million euro,France,2010,20672,,
ESTAT:CEI_CIE012(1.0),24/03/25 23:00:00,Annual,Investment,Million euro,France,2011,20700,,
ESTAT:CEI_CIE012(1.0),24/03/25 23:00:00,Annual,Investment,Million euro,France,2012,20167,,
ESTAT:CEI_CIE012(1.0),24/03/25 23:00:00,Annual,Investment,Million euro,France,2013,18238,,
ESTAT:CEI_CIE012(1.0),24/03/25 23:00:00,Annual,Investment,Million euro,France,2014,18373,,
ESTAT:CEI_CIE012(1.0),24/03/25 23:00:00,Annual,Investment,Million euro,France,2015,20163,,
ESTAT:CEI_CIE012(1.0),24/03/25 23:00:00,Annual,Investment,Million euro,France,2016,20535,,
ESTAT:CEI_CIE012(1.0),24/03/25 23:00:00,Annual,Investment,Million euro,France,2017,21121,,
ESTAT:CEI_CIE012(1.0),24/03/25 23:00:00,Annual,Investment,Million euro,France,2018,19016,,
ESTAT:CEI_CIE012(1.0),24/03/25 23:00:00,Annual,Investment,Million euro,France,2019,20832,,
ESTAT:CEI_CIE012(1.0),24/03/25 23:00:00,Annual,Investment,Million euro,France,2020,21993,,
ESTAT:CEI_CIE012(1.0),24/03/25 23:00:00,Annual,Investment,Million euro,France,2021,23523,,
ESTAT:CEI_CIE012(1.0),24/03/25 23:00:00,Annual,Investment,Million euro,France,2022,21961,,
ESTAT:CEI_CIE012(1.0),24/03/25 23:00:00,Annual,Investment,Million euro,France,2023,22515,,
ESTAT:CEI_CIE012(1.0),24/03/25 23:00:00,Annual,Investment,Million euro,Croatia,2005,181,,
ESTAT:CEI_CIE012(1.0),24/03/25 23:00:00,Annual,Investment,Million euro,Croatia,2006,179,,
ESTAT:CEI_CIE012(1.0),24/03/25 23:00:00,Annual,Investment,Million euro,Croatia,2007,211,,
ESTAT:CEI_CIE012(1.0),24/03/25 23:00:00,Annual,Investment,Million euro,Croatia,2008,264,,
ESTAT:CEI_CIE012(1.0),24/03/25 23:00:00,Annual,Investment,Million euro,Croatia,2009,212,,
ESTAT:CEI_CIE012(1.0),24/03/25 23:00:00,Annual,Investment,Million euro,Croatia,2010,187,,
ESTAT:CEI_CIE012(1.0),24/03/25 23:00:00,Annual,Investment,Million euro,Croatia,2011,219,,
ESTAT:CEI_CIE012(1.0),24/03/25 23:00:00,Annual,Investment,Million euro,Croatia,2012,145,,
ESTAT:CEI_CIE012(1.0),24/03/25 23:00:00,Annual,Investment,Million euro,Croatia,2013,217,,
ESTAT:CEI_CIE012(1.0),24/03/25 23:00:00,Annual,Investment,Million euro,Croatia,2014,233,,
ESTAT:CEI_CIE012(1.0),24/03/25 23:00:00,Annual,Investment,Million euro,Croatia,2015,266,,
ESTAT:CEI_CIE012(1.0),24/03/25 23:00:00,Annual,Investment,Million euro,Croatia,2016,306,,
ESTAT:CEI_CIE012(1.0),24/03/25 23:00:00,Annual,Investment,Million euro,Croatia,2017,385,,
ESTAT:CEI_CIE012(1.0),24/03/25 23:00:00,Annual,Investment,Million euro,Croatia,2018,388,,
ESTAT:CEI_CIE012(1.0),24/03/25 23:00:00,Annual,Investment,Million euro,Croatia,2019,342,,
ESTAT:CEI_CIE012(1.0),24/03/25 23:00:00,Annual,Investment,Million euro,Croatia,2020,280,,
ESTAT:CEI_CIE012(1.0),24/03/25 23:00:00,Annual,Investment,Million euro,Croatia,2021,227,,
ESTAT:CEI_CIE012(1.0),24/03/25 23:00:00,Annual,Investment,Million euro,Croatia,2022,336,,
ESTAT:CEI_CIE012(1.0),24/03/25 23:00:00,Annual,Investment,Million euro,Croatia,2023,347,,
ESTAT:CEI_CIE012(1.0),24/03/25 23:00:00,Annual,Investment,Million euro,Hungary,2005,275,,
ESTAT:CEI_CIE012(1.0),24/03/25 23:00:00,Annual,Investment,Million euro,Hungary,2006,302,,
ESTAT:CEI_CIE012(1.0),24/03/25 23:00:00,Annual,Investment,Million euro,Hungary,2007,339,,
ESTAT:CEI_CIE012(1.0),24/03/25 23:00:00,Annual,Investment,Million euro,Hungary,2008,619,,
ESTAT:CEI_CIE012(1.0),24/03/25 23:00:00,Annual,Investment,Million euro,Hungary,2009,531,,
ESTAT:CEI_CIE012(1.0),24/03/25 23:00:00,Annual,Investment,Million euro,Hungary,2010,408,,
ESTAT:CEI_CIE012(1.0),24/03/25 23:00:00,Annual,Investment,Million euro,Hungary,2011,429,,
ESTAT:CEI_CIE012(1.0),24/03/25 23:00:00,Annual,Investment,Million euro,Hungary,2012,461,,
ESTAT:CEI_CIE012(1.0),24/03/25 23:00:00,Annual,Investment,Million euro,Hungary,2013,423,,
ESTAT:CEI_CIE012(1.0),24/03/25 23:00:00,Annual,Investment,Million euro,Hungary,2014,650,,
ESTAT:CEI_CIE012(1.0),24/03/25 23:00:00,Annual,Investment,Million euro,Hungary,2015,734,,
ESTAT:CEI_CIE012(1.0),24/03/25 23:00:00,Annual,Investment,Million euro,Hungary,2016,798,,
ESTAT:CEI_CIE012(1.0),24/03/25 23:00:00,Annual,Investment,Million euro,Hungary,2017,838,,
ESTAT:CEI_CIE012(1.0),24/03/25 23:00:00,Annual,Investment,Million euro,Hungary,2018,1020,,
ESTAT:CEI_CIE012(1.0),24/03/25 23:00:00,Annual,Investment,Million euro,Hungary,2019,1120,,
ESTAT:CEI_CIE012(1.0),24/03/25 23:00:00,Annual,Investment,Million euro,Hungary,2020,1009,,
ESTAT:CEI_CIE012(1.0),24/03/25 23:00:00,Annual,Investment,Million euro,Hungary,2021,1040,,
ESTAT:CEI_CIE012(1.0),24/03/25 23:00:00,Annual,Investment,Million euro,Hungary,2022,1095,,
ESTAT:CEI_CIE012(1.0),24/03/25 23:00:00,Annual,Investment,Million euro,Hungary,2023,1145,,
ESTAT:CEI_CIE012(1.0),24/03/25 23:00:00,Annual,Investment,Million euro,Ireland,2005,371,,
ESTAT:CEI_CIE012(1.0),24/03/25 23:00:00,Annual,Investment,Million euro,Ireland,2006,370,,
ESTAT:CEI_CIE012(1.0),24/03/25 23:00:00,Annual,Investment,Million euro,Ireland,2007,572,,
ESTAT:CEI_CIE012(1.0),24/03/25 23:00:00,Annual,Investment,Million euro,Ireland,2008,601,,
ESTAT:CEI_CIE012(1.0),24/03/25 23:00:00,Annual,Investment,Million euro,Ireland,2009,529,,
ESTAT:CEI_CIE012(1.0),24/03/25 23:00:00,Annual,Investment,Million euro,Ireland,2010,504,,
ESTAT:CEI_CIE012(1.0),24/03/25 23:00:00,Annual,Investment,Million euro,Ireland,2011,513,,
ESTAT:CEI_CIE012(1.0),24/03/25 23:00:00,Annual,Investment,Million euro,Ireland,2012,550,,
ESTAT:CEI_CIE012(1.0),24/03/25 23:00:00,Annual,Investment,Million euro,Ireland,2013,580,,
ESTAT:CEI_CIE012(1.0),24/03/25 23:00:00,Annual,Investment,Million euro,Ireland,2014,814,,
ESTAT:CEI_CIE012(1.0),24/03/25 23:00:00,Annual,Investment,Million euro,Ireland,2015,824,,
ESTAT:CEI_CIE012(1.0),24/03/25 23:00:00,Annual,Investment,Million euro,Ireland,2016,650,,
ESTAT:CEI_CIE012(1.0),24/03/25 23:00:00,Annual,Investment,Million euro,Ireland,2017,478,,
ESTAT:CEI_CIE012(1.0),24/03/25 23:00:00,Annual,Investment,Million euro,Ireland,2018,568,,
ESTAT:CEI_CIE012(1.0),24/03/25 23:00:00,Annual,Investment,Million euro,Ireland,2019,1693,,
ESTAT:CEI_CIE012(1.0),24/03/25 23:00:00,Annual,Investment,Million euro,Ireland,2020,635,,
ESTAT:CEI_CIE012(1.0),24/03/25 23:00:00,Annual,Investment,Million euro,Ireland,2021,659,,
ESTAT:CEI_CIE012(1.0),24/03/25 23:00:00,Annual,Investment,Million euro,Ireland,2022,929,,
ESTAT:CEI_CIE012(1.0),24/03/25 23:00:00,Annual,Investment,Million euro,Ireland,2023,956,,
ESTAT:CEI_CIE012(1.0),24/03/25 23:00:00,Annual,Investment,Million euro,Italy,2005,5053,,
ESTAT:CEI_CIE012(1.0),24/03/25 23:00:00,Annual,Investment,Million euro,Italy,2006,5296,,
ESTAT:CEI_CIE012(1.0),24/03/25 23:00:00,Annual,Investment,Million euro,Italy,2007,5541,,
ESTAT:CEI_CIE012(1.0),24/03/25 23:00:00,Annual,Investment,Million euro,Italy,2008,8054,,
ESTAT:CEI_CIE012(1.0),24/03/25 23:00:00,Annual,Investment,Million euro,Italy,2009,7583,,
ESTAT:CEI_CIE012(1.0),24/03/25 23:00:00,Annual,Investment,Million euro,Italy,2010,9416,,
ESTAT:CEI_CIE012(1.0),24/03/25 23:00:00,Annual,Investment,Million euro,Italy,2011,5733,,
ESTAT:CEI_CIE012(1.0),24/03/25 23:00:00,Annual,Investment,Million euro,Italy,2012,5145,,
ESTAT:CEI_CIE012(1.0),24/03/25 23:00:00,Annual,Investment,Million euro,Italy,2013,3942,,
ESTAT:CEI_CIE012(1.0),24/03/25 23:00:00,Annual,Investment,Million euro,Italy,2014,4262,,
ESTAT:CEI_CIE012(1.0),24/03/25 23:00:00,Annual,Investment,Million euro,Italy,2015,5401,,
ESTAT:CEI_CIE012(1.0),24/03/25 23:00:00,Annual,Investment,Million euro,Italy,2016,6647,,
ESTAT:CEI_CIE012(1.0),24/03/25 23:00:00,Annual,Investment,Million euro,Italy,2017,9721,,
ESTAT:CEI_CIE012(1.0),24/03/25 23:00:00,Annual,Investment,Million euro,Italy,2018,11572,,
ESTAT:CEI_CIE012(1.0),24/03/25 23:00:00,Annual,Investment,Million euro,Italy,2019,13118,,
ESTAT:CEI_CIE012(1.0),24/03/25 23:00:00,Annual,Investment,Million euro,Italy,2020,8142,,
ESTAT:CEI_CIE012(1.0),24/03/25 23:00:00,Annual,Investment,Million euro,Italy,2021,9734,,
ESTAT:CEI_CIE012(1.0),24/03/25 23:00:00,Annual,Investment,Million euro,Italy,2022,9861,,
ESTAT:CEI_CIE012(1.0),24/03/25 23:00:00,Annual,Investment,Million euro,Italy,2023,10173,,
ESTAT:CEI_CIE012(1.0),24/03/25 23:00:00,Annual,Investment,Million euro,Lithuania,2005,45,,
ESTAT:CEI_CIE012(1.0),24/03/25 23:00:00,Annual,Investment,Million euro,Lithuania,2006,91,,
ESTAT:CEI_CIE012(1.0),24/03/25 23:00:00,Annual,Investment,Million euro,Lithuania,2007,94,,
ESTAT:CEI_CIE012(1.0),24/03/25 23:00:00,Annual,Investment,Million euro,Lithuania,2008,236,,
ESTAT:CEI_CIE012(1.0),24/03/25 23:00:00,Annual,Investment,Million euro,Lithuania,2009,109,,
ESTAT:CEI_CIE012(1.0),24/03/25 23:00:00,Annual,Investment,Million euro,Lithuania,2010,77,,
ESTAT:CEI_CIE012(1.0),24/03/25 23:00:00,Annual,Investment,Million euro,Lithuania,2011,119,,
ESTAT:CEI_CIE012(1.0),24/03/25 23:00:00,Annual,Investment,Million euro,Lithuania,2012,160,,
ESTAT:CEI_CIE012(1.0),24/03/25 23:00:00,Annual,Investment,Million euro,Lithuania,2013,183,,
ESTAT:CEI_CIE012(1.0),24/03/25 23:00:00,Annual,Investment,Million euro,Lithuania,2014,239,,
ESTAT:CEI_CIE012(1.0),24/03/25 23:00:00,Annual,Investment,Million euro,Lithuania,2015,278,,
ESTAT:CEI_CIE012(1.0),24/03/25 23:00:00,Annual,Investment,Million euro,Lithuania,2016,350,,
ESTAT:CEI_CIE012(1.0),24/03/25 23:00:00,Annual,Investment,Million euro,Lithuania,2017,481,,
ESTAT:CEI_CIE012(1.0),24/03/25 23:00:00,Annual,Investment,Million euro,Lithuania,2018,345,,
ESTAT:CEI_CIE012(1.0),24/03/25 23:00:00,Annual,Investment,Million euro,Lithuania,2019,363,,
ESTAT:CEI_CIE012(1.0),24/03/25 23:00:00,Annual,Investment,Million euro,Lithuania,2020,306,,
ESTAT:CEI_CIE012(1.0),24/03/25 23:00:00,Annual,Investment,Million euro,Lithuania,2021,413,,
ESTAT:CEI_CIE012(1.0),24/03/25 23:00:00,Annual,Investment,Million euro,Lithuania,2022,439,,
ESTAT:CEI_CIE012(1.0),24/03/25 23:00:00,Annual,Investment,Million euro,Lithuania,2023,464,,
ESTAT:CEI_CIE012(1.0),24/03/25 23:00:00,Annual,Investment,Million euro,Luxembourg,2005,319,,
ESTAT:CEI_CIE012(1.0),24/03/25 23:00:00,Annual,Investment,Million euro,Luxembourg,2006,308,,
ESTAT:CEI_CIE012(1.0),24/03/25 23:00:00,Annual,Investment,Million euro,Luxembourg,2007,182,,
ESTAT:CEI_CIE012(1.0),24/03/25 23:00:00,Annual,Investment,Million euro,Luxembourg,2008,260,,
ESTAT:CEI_CIE012(1.0),24/03/25 23:00:00,Annual,Investment,Million euro,Luxembourg,2009,1269,,
ESTAT:CEI_CIE012(1.0),24/03/25 23:00:00,Annual,Investment,Million euro,Luxembourg,2010,270,,
ESTAT:CEI_CIE012(1.0),24/03/25 23:00:00,Annual,Investment,Million euro,Luxembourg,2011,321,,
ESTAT:CEI_CIE012(1.0),24/03/25 23:00:00,Annual,Investment,Million euro,Luxembourg,2012,588,,
ESTAT:CEI_CIE012(1.0),24/03/25 23:00:00,Annual,Investment,Million euro,Luxembourg,2013,438,,
ESTAT:CEI_CIE012(1.0),24/03/25 23:00:00,Annual,Investment,Million euro,Luxembourg,2014,514,,
ESTAT:CEI_CIE012(1.0),24/03/25 23:00:00,Annual,Investment,Million euro,Luxembourg,2015,579,,
ESTAT:CEI_CIE012(1.0),24/03/25 23:00:00,Annual,Investment,Million euro,Luxembourg,2016,942,,
ESTAT:CEI_CIE012(1.0),24/03/25 23:00:00,Annual,Investment,Million euro,Luxembourg,2017,583,,
ESTAT:CEI_CIE012(1.0),24/03/25 23:00:00,Annual,Investment,Million euro,Luxembourg,2018,425,,
ESTAT:CEI_CIE012(1.0),24/03/25 23:00:00,Annual,Investment,Million euro,Luxembourg,2019,858,,
ESTAT:CEI_CIE012(1.0),24/03/25 23:00:00,Annual,Investment,Million euro,Luxembourg,2020,721,,
ESTAT:CEI_CIE012(1.0),24/03/25 23:00:00,Annual,Investment,Million euro,Luxembourg,2021,1033,,
ESTAT:CEI_CIE012(1.0),24/03/25 23:00:00,Annual,Investment,Million euro,Luxembourg,2022,1016,,
ESTAT:CEI_CIE012(1.0),24/03/25 23:00:00,Annual,Investment,Million euro,Luxembourg,2023,1060,,
ESTAT:CEI_CIE012(1.0),24/03/25 23:00:00,Annual,Investment,Million euro,Latvia,2005,161,,
ESTAT:CEI_CIE012(1.0),24/03/25 23:00:00,Annual,Investment,Million euro,Latvia,2006,173,,
ESTAT:CEI_CIE012(1.0),24/03/25 23:00:00,Annual,Investment,Million euro,Latvia,2007,206,,
ESTAT:CEI_CIE012(1.0),24/03/25 23:00:00,Annual,Investment,Million euro,Latvia,2008,346,,
ESTAT:CEI_CIE012(1.0),24/03/25 23:00:00,Annual,Investment,Million euro,Latvia,2009,166,,
ESTAT:CEI_CIE012(1.0),24/03/25 23:00:00,Annual,Investment,Million euro,Latvia,2010,124,,
ESTAT:CEI_CIE012(1.0),24/03/25 23:00:00,Annual,Investment,Million euro,Latvia,2011,122,,
ESTAT:CEI_CIE012(1.0),24/03/25 23:00:00,Annual,Investment,Million euro,Latvia,2012,183,,
ESTAT:CEI_CIE012(1.0),24/03/25 23:00:00,Annual,Investment,Million euro,Latvia,2013,173,,
ESTAT:CEI_CIE012(1.0),24/03/25 23:00:00,Annual,Investment,Million euro,Latvia,2014,186,,
ESTAT:CEI_CIE012(1.0),24/03/25 23:00:00,Annual,Investment,Million euro,Latvia,2015,173,,
ESTAT:CEI_CIE012(1.0),24/03/25 23:00:00,Annual,Investment,Million euro,Latvia,2016,125,,
ESTAT:CEI_CIE012(1.0),24/03/25 23:00:00,Annual,Investment,Million euro,Latvia,2017,189,,
ESTAT:CEI_CIE012(1.0),24/03/25 23:00:00,Annual,Investment,Million euro,Latvia,2018,241,,
ESTAT:CEI_CIE012(1.0),24/03/25 23:00:00,Annual,Investment,Million euro,Latvia,2019,349,,
ESTAT:CEI_CIE012(1.0),24/03/25 23:00:00,Annual,Investment,Million euro,Latvia,2020,215,,
ESTAT:CEI_CIE012(1.0),24/03/25 23:00:00,Annual,Investment,Million euro,Latvia,2021,205,,
ESTAT:CEI_CIE012(1.0),24/03/25 23:00:00,Annual,Investment,Million euro,Latvia,2022,229,,
ESTAT:CEI_CIE012(1.0),24/03/25 23:00:00,Annual,Investment,Million euro,Latvia,2023,234,,
ESTAT:CEI_CIE012(1.0),24/03/25 23:00:00,Annual,Investment,Million euro,Malta,2005,43,,
ESTAT:CEI_CIE012(1.0),24/03/25 23:00:00,Annual,Investment,Million euro,Malta,2006,39,,
ESTAT:CEI_CIE012(1.0),24/03/25 23:00:00,Annual,Investment,Million euro,Malta,2007,37,,
ESTAT:CEI_CIE012(1.0),24/03/25 23:00:00,Annual,Investment,Million euro,Malta,2008,27,,
ESTAT:CEI_CIE012(1.0),24/03/25 23:00:00,Annual,Investment,Million euro,Malta,2009,24,,
ESTAT:CEI_CIE012(1.0),24/03/25 23:00:00,Annual,Investment,Million euro,Malta,2010,56,,
ESTAT:CEI_CIE012(1.0),24/03/25 23:00:00,Annual,Investment,Million euro,Malta,2011,56,,
ESTAT:CEI_CIE012(1.0),24/03/25 23:00:00,Annual,Investment,Million euro,Malta,2012,50,,
ESTAT:CEI_CIE012(1.0),24/03/25 23:00:00,Annual,Investment,Million euro,Malta,2013,47,,
ESTAT:CEI_CIE012(1.0),24/03/25 23:00:00,Annual,Investment,Million euro,Malta,2014,45,,
ESTAT:CEI_CIE012(1.0),24/03/25 23:00:00,Annual,Investment,Million euro,Malta,2015,37,,
ESTAT:CEI_CIE012(1.0),24/03/25 23:00:00,Annual,Investment,Million euro,Malta,2016,44,,
ESTAT:CEI_CIE012(1.0),24/03/25 23:00:00,Annual,Investment,Million euro,Malta,2017,60,,
ESTAT:CEI_CIE012(1.0),24/03/25 23:00:00,Annual,Investment,Million euro,Malta,2018,74,,
ESTAT:CEI_CIE012(1.0),24/03/25 23:00:00,Annual,Investment,Million euro,Malta,2019,93,,
ESTAT:CEI_CIE012(1.0),24/03/25 23:00:00,Annual,Investment,Million euro,Malta,2020,76,,
ESTAT:CEI_CIE012(1.0),24/03/25 23:00:00,Annual,Investment,Million euro,Malta,2021,68,,
ESTAT:CEI_CIE012(1.0),24/03/25 23:00:00,Annual,Investment,Million euro,Malta,2022,80,,
ESTAT:CEI_CIE012(1.0),24/03/25 23:00:00,Annual,Investment,Million euro,Malta,2023,83,,
ESTAT:CEI_CIE012(1.0),24/03/25 23:00:00,Annual,Investment,Million euro,Netherlands,2005,3351,,
ESTAT:CEI_CIE012(1.0),24/03/25 23:00:00,Annual,Investment,Million euro,Netherlands,2006,3745,,
ESTAT:CEI_CIE012(1.0),24/03/25 23:00:00,Annual,Investment,Million euro,Netherlands,2007,4142,,
ESTAT:CEI_CIE012(1.0),24/03/25 23:00:00,Annual,Investment,Million euro,Netherlands,2008,4919,,
ESTAT:CEI_CIE012(1.0),24/03/25 23:00:00,Annual,Investment,Million euro,Netherlands,2009,4982,,
ESTAT:CEI_CIE012(1.0),24/03/25 23:00:00,Annual,Investment,Million euro,Netherlands,2010,5366,,
ESTAT:CEI_CIE012(1.0),24/03/25 23:00:00,Annual,Investment,Million euro,Netherlands,2011,7192,,
ESTAT:CEI_CIE012(1.0),24/03/25 23:00:00,Annual,Investment,Million euro,Netherlands,2012,6010,,
ESTAT:CEI_CIE012(1.0),24/03/25 23:00:00,Annual,Investment,Million euro,Netherlands,2013,5352,,
ESTAT:CEI_CIE012(1.0),24/03/25 23:00:00,Annual,Investment,Million euro,Netherlands,2014,6015,,
ESTAT:CEI_CIE012(1.0),24/03/25 23:00:00,Annual,Investment,Million euro,Netherlands,2015,7675,,
ESTAT:CEI_CIE012(1.0),24/03/25 23:00:00,Annual,Investment,Million euro,Netherlands,2016,7588,,
ESTAT:CEI_CIE012(1.0),24/03/25 23:00:00,Annual,Investment,Million euro,Netherlands,2017,8320,,
ESTAT:CEI_CIE012(1.0),24/03/25 23:00:00,Annual,Investment,Million euro,Netherlands,2018,9344,,
ESTAT:CEI_CIE012(1.0),24/03/25 23:00:00,Annual,Investment,Million euro,Netherlands,2019,11346,,
ESTAT:CEI_CIE012(1.0),24/03/25 23:00:00,Annual,Investment,Million euro,Netherlands,2020,8666,,
ESTAT:CEI_CIE012(1.0),24/03/25 23:00:00,Annual,Investment,Million euro,Netherlands,2021,10360,,
ESTAT:CEI_CIE012(1.0),24/03/25 23:00:00,Annual,Investment,Million euro,Netherlands,2022,10740,,
ESTAT:CEI_CIE012(1.0),24/03/25 23:00:00,Annual,Investment,Million euro,Netherlands,2023,11229,,
ESTAT:CEI_CIE012(1.0),24/03/25 23:00:00,Annual,Investment,Million euro,Poland,2005,994,,
ESTAT:CEI_CIE012(1.0),24/03/25 23:00:00,Annual,Investment,Million euro,Poland,2006,1160,,
ESTAT:CEI_CIE012(1.0),24/03/25 23:00:00,Annual,Investment,Million euro,Poland,2007,1380,,
ESTAT:CEI_CIE012(1.0),24/03/25 23:00:00,Annual,Investment,Million euro,Poland,2008,2502,,
ESTAT:CEI_CIE012(1.0),24/03/25 23:00:00,Annual,Investment,Million euro,Poland,2009,1943,,
ESTAT:CEI_CIE012(1.0),24/03/25 23:00:00,Annual,Investment,Million euro,Poland,2010,2189,,
ESTAT:CEI_CIE012(1.0),24/03/25 23:00:00,Annual,Investment,Million euro,Poland,2011,2152,,
ESTAT:CEI_CIE012(1.0),24/03/25 23:00:00,Annual,Investment,Million euro,Poland,2012,1833,,
ESTAT:CEI_CIE012(1.0),24/03/25 23:00:00,Annual,Investment,Million euro,Poland,2013,1917,,
ESTAT:CEI_CIE012(1.0),24/03/25 23:00:00,Annual,Investment,Million euro,Poland,2014,2538,,
ESTAT:CEI_CIE012(1.0),24/03/25 23:00:00,Annual,Investment,Million euro,Poland,2015,2991,,
ESTAT:CEI_CIE012(1.0),24/03/25 23:00:00,Annual,Investment,Million euro,Poland,2016,2418,,
ESTAT:CEI_CIE012(1.0),24/03/25 23:00:00,Annual,Investment,Million euro,Poland,2017,2877,,
ESTAT:CEI_CIE012(1.0),24/03/25 23:00:00,Annual,Investment,Million euro,Poland,2018,4024,,
ESTAT:CEI_CIE012(1.0),24/03/25 23:00:00,Annual,Investment,Million euro,Poland,2019,4355,,
ESTAT:CEI_CIE012(1.0),24/03/25 23:00:00,Annual,Investment,Million euro,Poland,2020,3266,,
ESTAT:CEI_CIE012(1.0),24/03/25 23:00:00,Annual,Investment,Million euro,Poland,2021,3978,,
ESTAT:CEI_CIE012(1.0),24/03/25 23:00:00,Annual,Investment,Million euro,Poland,2022,4096,,
ESTAT:CEI_CIE012(1.0),24/03/25 23:00:00,Annual,Investment,Million euro,Poland,2023,4283,,
ESTAT:CEI_CIE012(1.0),24/03/25 23:00:00,Annual,Investment,Million euro,Portugal,2005,1432,,
ESTAT:CEI_CIE012(1.0),24/03/25 23:00:00,Annual,Investment,Million euro,Portugal,2006,1482,,
ESTAT:CEI_CIE012(1.0),24/03/25 23:00:00,Annual,Investment,Million euro,Portugal,2007,1604,,
ESTAT:CEI_CIE012(1.0),24/03/25 23:00:00,Annual,Investment,Million euro,Portugal,2008,2436,,
ESTAT:CEI_CIE012(1.0),24/03/25 23:00:00,Annual,Investment,Million euro,Portugal,2009,1628,,
ESTAT:CEI_CIE012(1.0),24/03/25 23:00:00,Annual,Investment,Million euro,Portugal,2010,1566,,
ESTAT:CEI_CIE012(1.0),24/03/25 23:00:00,Annual,Investment,Million euro,Portugal,2011,1492,,
ESTAT:CEI_CIE012(1.0),24/03/25 23:00:00,Annual,Investment,Million euro,Portugal,2012,960,,
ESTAT:CEI_CIE012(1.0),24/03/25 23:00:00,Annual,Investment,Million euro,Portugal,2013,964,,
ESTAT:CEI_CIE012(1.0),24/03/25 23:00:00,Annual,Investment,Million euro,Portugal,2014,1189,,
ESTAT:CEI_CIE012(1.0),24/03/25 23:00:00,Annual,Investment,Million euro,Portugal,2015,1467,,
ESTAT:CEI_CIE012(1.0),24/03/25 23:00:00,Annual,Investment,Million euro,Portugal,2016,1572,,
ESTAT:CEI_CIE012(1.0),24/03/25 23:00:00,Annual,Investment,Million euro,Portugal,2017,1821,,
ESTAT:CEI_CIE012(1.0),24/03/25 23:00:00,Annual,Investment,Million euro,Portugal,2018,2011,,
ESTAT:CEI_CIE012(1.0),24/03/25 23:00:00,Annual,Investment,Million euro,Portugal,2019,2103,,
ESTAT:CEI_CIE012(1.0),24/03/25 23:00:00,Annual,Investment,Million euro,Portugal,2020,1590,,
ESTAT:CEI_CIE012(1.0),24/03/25 23:00:00,Annual,Investment,Million euro,Portugal,2021,1903,,
ESTAT:CEI_CIE012(1.0),24/03/25 23:00:00,Annual,Investment,Million euro,Portugal,2022,1757,,
ESTAT:CEI_CIE012(1.0),24/03/25 23:00:00,Annual,Investment,Million euro,Portugal,2023,1781,,
ESTAT:CEI_CIE012(1.0),24/03/25 23:00:00,Annual,Investment,Million euro,Romania,2005,636,,
ESTAT:CEI_CIE012(1.0),24/03/25 23:00:00,Annual,Investment,Million euro,Romania,2006,655,,
ESTAT:CEI_CIE012(1.0),24/03/25 23:00:00,Annual,Investment,Million euro,Romania,2007,691,,
ESTAT:CEI_CIE012(1.0),24/03/25 23:00:00,Annual,Investment,Million euro,Romania,2008,1141,,
ESTAT:CEI_CIE012(1.0),24/03/25 23:00:00,Annual,Investment,Million euro,Romania,2009,553,,
ESTAT:CEI_CIE012(1.0),24/03/25 23:00:00,Annual,Investment,Million euro,Romania,2010,652,,
ESTAT:CEI_CIE012(1.0),24/03/25 23:00:00,Annual,Investment,Million euro,Romania,2011,868,,
ESTAT:CEI_CIE012(1.0),24/03/25 23:00:00,Annual,Investment,Million euro,Romania,2012,671,,
ESTAT:CEI_CIE012(1.0),24/03/25 23:00:00,Annual,Investment,Million euro,Romania,2013,633,,
ESTAT:CEI_CIE012(1.0),24/03/25 23:00:00,Annual,Investment,Million euro,Romania,2014,1318,,
ESTAT:CEI_CIE012(1.0),24/03/25 23:00:00,Annual,Investment,Million euro,Romania,2015,902,,
ESTAT:CEI_CIE012(1.0),24/03/25 23:00:00,Annual,Investment,Million euro,Romania,2016,894,,
ESTAT:CEI_CIE012(1.0),24/03/25 23:00:00,Annual,Investment,Million euro,Romania,2017,1035,,
ESTAT:CEI_CIE012(1.0),24/03/25 23:00:00,Annual,Investment,Million euro,Romania,2018,903,,
ESTAT:CEI_CIE012(1.0),24/03/25 23:00:00,Annual,Investment,Million euro,Romania,2019,1098,,
ESTAT:CEI_CIE012(1.0),24/03/25 23:00:00,Annual,Investment,Million euro,Romania,2020,940,,
ESTAT:CEI_CIE012(1.0),24/03/25 23:00:00,Annual,Investment,Million euro,Romania,2021,1329,,
ESTAT:CEI_CIE012(1.0),24/03/25 23:00:00,Annual,Investment,Million euro,Romania,2022,1135,,
ESTAT:CEI_CIE012(1.0),24/03/25 23:00:00,Annual,Investment,Million euro,Romania,2023,1167,,
ESTAT:CEI_CIE012(1.0),24/03/25 23:00:00,Annual,Investment,Million euro,Sweden,2005,1320,,
ESTAT:CEI_CIE012(1.0),24/03/25 23:00:00,Annual,Investment,Million euro,Sweden,2006,1382,,
ESTAT:CEI_CIE012(1.0),24/03/25 23:00:00,Annual,Investment,Million euro,Sweden,2007,1446,,
ESTAT:CEI_CIE012(1.0),24/03/25 23:00:00,Annual,Investment,Million euro,Sweden,2008,1724,,
ESTAT:CEI_CIE012(1.0),24/03/25 23:00:00,Annual,Investment,Million euro,Sweden,2009,1225,,
ESTAT:CEI_CIE012(1.0),24/03/25 23:00:00,Annual,Investment,Million euro,Sweden,2010,1621,,
ESTAT:CEI_CIE012(1.0),24/03/25 23:00:00,Annual,Investment,Million euro,Sweden,2011,1819,,
ESTAT:CEI_CIE012(1.0),24/03/25 23:00:00,Annual,Investment,Million euro,Sweden,2012,1891,,
ESTAT:CEI_CIE012(1.0),24/03/25 23:00:00,Annual,Investment,Million euro,Sweden,2013,1726,,
ESTAT:CEI_CIE012(1.0),24/03/25 23:00:00,Annual,Investment,Million euro,Sweden,2014,1691,,
ESTAT:CEI_CIE012(1.0),24/03/25 23:00:00,Annual,Investment,Million euro,Sweden,2015,1943,,
ESTAT:CEI_CIE012(1.0),24/03/25 23:00:00,Annual,Investment,Million euro,Sweden,2016,2531,,
ESTAT:CEI_CIE012(1.0),24/03/25 23:00:00,Annual,Investment,Million euro,Sweden,2017,2344,,
ESTAT:CEI_CIE012(1.0),24/03/25 23:00:00,Annual,Investment,Million euro,Sweden,2018,1887,,
ESTAT:CEI_CIE012(1.0),24/03/25 23:00:00,Annual,Investment,Million euro,Sweden,2019,2062,,
ESTAT:CEI_CIE012(1.0),24/03/25 23:00:00,Annual,Investment,Million euro,Sweden,2020,2126,,
ESTAT:CEI_CIE012(1.0),24/03/25 23:00:00,Annual,Investment,Million euro,Sweden,2021,2559,,
ESTAT:CEI_CIE012(1.0),24/03/25 23:00:00,Annual,Investment,Million euro,Sweden,2022,2424,,
ESTAT:CEI_CIE012(1.0),24/03/25 23:00:00,Annual,Investment,Million euro,Sweden,2023,2481,,
ESTAT:CEI_CIE012(1.0),24/03/25 23:00:00,Annual,Investment,Million euro,Slovenia,2005,111,,
ESTAT:CEI_CIE012(1.0),24/03/25 23:00:00,Annual,Investment,Million euro,Slovenia,2006,114,,
ESTAT:CEI_CIE012(1.0),24/03/25 23:00:00,Annual,Investment,Million euro,Slovenia,2007,117,,
ESTAT:CEI_CIE012(1.0),24/03/25 23:00:00,Annual,Investment,Million euro,Slovenia,2008,162,,
ESTAT:CEI_CIE012(1.0),24/03/25 23:00:00,Annual,Investment,Million euro,Slovenia,2009,162,,
ESTAT:CEI_CIE012(1.0),24/03/25 23:00:00,Annual,Investment,Million euro,Slovenia,2010,129,,
ESTAT:CEI_CIE012(1.0),24/03/25 23:00:00,Annual,Investment,Million euro,Slovenia,2011,106,,
ESTAT:CEI_CIE012(1.0),24/03/25 23:00:00,Annual,Investment,Million euro,Slovenia,2012,109,,
ESTAT:CEI_CIE012(1.0),24/03/25 23:00:00,Annual,Investment,Million euro,Slovenia,2013,77,,
ESTAT:CEI_CIE012(1.0),24/03/25 23:00:00,Annual,Investment,Million euro,Slovenia,2014,81,,
ESTAT:CEI_CIE012(1.0),24/03/25 23:00:00,Annual,Investment,Million euro,Slovenia,2015,107,,
ESTAT:CEI_CIE012(1.0),24/03/25 23:00:00,Annual,Investment,Million euro,Slovenia,2016,111,,
ESTAT:CEI_CIE012(1.0),24/03/25 23:00:00,Annual,Investment,Million euro,Slovenia,2017,149,,
ESTAT:CEI_CIE012(1.0),24/03/25 23:00:00,Annual,Investment,Million euro,Slovenia,2018,153,,
ESTAT:CEI_CIE012(1.0),24/03/25 23:00:00,Annual,Investment,Million euro,Slovenia,2019,146,,
ESTAT:CEI_CIE012(1.0),24/03/25 23:00:00,Annual,Investment,Million euro,Slovenia,2020,133,,
ESTAT:CEI_CIE012(1.0),24/03/25 23:00:00,Annual,Investment,Million euro,Slovenia,2021,169,,
ESTAT:CEI_CIE012(1.0),24/03/25 23:00:00,Annual,Investment,Million euro,Slovenia,2022,126,,
ESTAT:CEI_CIE012(1.0),24/03/25 23:00:00,Annual,Investment,Million euro,Slovenia,2023,127,,
ESTAT:CEI_CIE012(1.0),24/03/25 23:00:00,Annual,Investment,Million euro,Slovakia,2005,390,,
ESTAT:CEI_CIE012(1.0),24/03/25 23:00:00,Annual,Investment,Million euro,Slovakia,2006,391,,
ESTAT:CEI_CIE012(1.0),24/03/25 23:00:00,Annual,Investment,Million euro,Slovakia,2007,397,,
ESTAT:CEI_CIE012(1.0),24/03/25 23:00:00,Annual,Investment,Million euro,Slovakia,2008,624,,
ESTAT:CEI_CIE012(1.0),24/03/25 23:00:00,Annual,Investment,Million euro,Slovakia,2009,352,,
ESTAT:CEI_CIE012(1.0),24/03/25 23:00:00,Annual,Investment,Million euro,Slovakia,2010,405,,
ESTAT:CEI_CIE012(1.0),24/03/25 23:00:00,Annual,Investment,Million euro,Slovakia,2011,314,,
ESTAT:CEI_CIE012(1.0),24/03/25 23:00:00,Annual,Investment,Million euro,Slovakia,2012,367,,
ESTAT:CEI_CIE012(1.0),24/03/25 23:00:00,Annual,Investment,Million euro,Slovakia,2013,391,,
ESTAT:CEI_CIE012(1.0),24/03/25 23:00:00,Annual,Investment,Million euro,Slovakia,2014,427,,
ESTAT:CEI_CIE012(1.0),24/03/25 23:00:00,Annual,Investment,Million euro,Slovakia,2015,476,,
ESTAT:CEI_CIE012(1.0),24/03/25 23:00:00,Annual,Investment,Million euro,Slovakia,2016,509,,
ESTAT:CEI_CIE012(1.0),24/03/25 23:00:00,Annual,Investment,Million euro,Slovakia,2017,502,,
ESTAT:CEI_CIE012(1.0),24/03/25 23:00:00,Annual,Investment,Million euro,Slovakia,2018,579,,
ESTAT:CEI_CIE012(1.0),24/03/25 23:00:00,Annual,Investment,Million euro,Slovakia,2019,506,,
ESTAT:CEI_CIE012(1.0),24/03/25 23:00:00,Annual,Investment,Million euro,Slovakia,2020,460,,
ESTAT:CEI_CIE012(1.0),24/03/25 23:00:00,Annual,Investment,Million euro,Slovakia,2021,530,,
ESTAT:CEI_CIE012(1.0),24/03/25 23:00:00,Annual,Investment,Million euro,Slovakia,2022,544,,
ESTAT:CEI_CIE012(1.0),24/03/25 23:00:00,Annual,Investment,Million euro,Slovakia,2023,555,,
ESTAT:CEI_CIE012(1.0),24/03/25 23:00:00,Annual,Investment,Million euro,United Kingdom,2005,5680,,
ESTAT:CEI_CIE012(1.0),24/03/25 23:00:00,Annual,Investment,Million euro,United Kingdom,2006,7361,,
ESTAT:CEI_CIE012(1.0),24/03/25 23:00:00,Annual,Investment,Million euro,United Kingdom,2007,9026,,
ESTAT:CEI_CIE012(1.0),24/03/25 23:00:00,Annual,Investment,Million euro,United Kingdom,2008,13707,,
ESTAT:CEI_CIE012(1.0),24/03/25 23:00:00,Annual,Investment,Million euro,United Kingdom,2009,9385,,
ESTAT:CEI_CIE012(1.0),24/03/25 23:00:00,Annual,Investment,Million euro,United Kingdom,2010,11594,,
ESTAT:CEI_CIE012(1.0),24/03/25 23:00:00,Annual,Investment,Million euro,United Kingdom,2011,15376,,
ESTAT:CEI_CIE012(1.0),24/03/25 23:00:00,Annual,Investment,Million euro,United Kingdom,2012,18443,,
ESTAT:CEI_CIE012(1.0),24/03/25 23:00:00,Annual,Investment,Million euro,United Kingdom,2013,19104,,
ESTAT:CEI_CIE012(1.0),24/03/25 23:00:00,Annual,Investment,Million euro,United Kingdom,2014,22966,,
ESTAT:CEI_CIE012(1.0),24/03/25 23:00:00,Annual,Investment,Million euro,United Kingdom,2015,29694,,
ESTAT:CEI_CIE012(1.0),24/03/25 23:00:00,Annual,Investment,Million euro,United Kingdom,2016,27742,,
ESTAT:CEI_CIE012(1.0),24/03/25 23:00:00,Annual,Investment,Million euro,United Kingdom,2017,23837,,
ESTAT:CEI_CIE012(1.0),24/03/25 23:00:00,Annual,Investment,Million euro,United Kingdom,2018,24818,,
ESTAT:CEI_CIE012(1.0),24/03/25 23:00:00,Annual,Investment,Million euro,United Kingdom,2019,30147,,
ESTAT:CEI_CIE012(1.0),24/03/25 23:00:00,Annual,Investment,Million euro,United Kingdom,2020,31869,,
ESTAT:CEI_CIE012(1.0),24/03/25 23:00:00,Annual,Investment,Million euro,United Kingdom,2021,33628,,
ESTAT:CEI_CIE012(1.0),24/03/25 23:00:00,Annual,Investment,Million euro,United Kingdom,2022,35386,,
ESTAT:CEI_CIE012(1.0),24/03/25 23:00:00,Annual,Investment,Million euro,United Kingdom,2023,37152,,
